date,symbol,market,asset_class,open,high,low,close,volume,bid,ask,bid_size,ask_size,buy_volume,sell_volume,trade_count,implied_volatility,open_interest,yield_change,days_to_expiry
2026-09-30T03:28:00+00:00,^KQ11,KOSDAQ,index,854.4099731445312,854.5900268554688,854.3900146484375,854.5900268554688,733.0,,,,,,,,,,,
2026-09-30T03:28:00+00:00,^KS11,KRX,index,6848.56982421875,6853.169921875,6848.56982421875,6849.080078125,240.0,,,,,,,,,,,
2026-09-30T03:28:10+00:00,^KQ11,KOSDAQ,index,854.4099731445312,854.4099731445312,854.4099731445312,854.4099731445312,0.0,,,,,,,,,,,
2026-09-30T03:28:10+00:00,^KS11,KRX,index,6848.97998046875,6848.97998046875,6848.97998046875,6848.97998046875,0.0,,,,,,,,,,,
2026-09-30T03:29:00+00:00,^KQ11,KOSDAQ,index,854.5700073242188,854.6099853515625,854.510009765625,854.530029296875,820.0,,,,,,,,,,,
2026-09-30T03:29:00+00:00,^KS11,KRX,index,6850.1201171875,6854.7998046875,6850.1201171875,6850.66015625,216.0,,,,,,,,,,,
2026-09-30T03:29:10+00:00,^KQ11,KOSDAQ,index,854.6099853515625,854.6099853515625,854.6099853515625,854.6099853515625,0.0,,,,,,,,,,,
2026-09-30T03:29:10+00:00,^KS11,KRX,index,6850.75,6850.75,6850.75,6850.75,0.0,,,,,,,,,,,
2026-09-30T03:30:00+00:00,^KQ11,KOSDAQ,index,854.5599975585938,855.0900268554688,854.5599975585938,854.969970703125,1237.0,,,,,,,,,,,
2026-09-30T03:30:00+00:00,^KS11,KRX,index,6849.22021484375,6855.2900390625,6849.22021484375,6850.2998046875,2233.0,,,,,,,,,,,
2026-09-30T03:30:20+00:00,^KQ11,KOSDAQ,index,854.6500244140625,854.6500244140625,854.6500244140625,854.6500244140625,0.0,,,,,,,,,,,
2026-09-30T03:30:20+00:00,^KS11,KRX,index,6855.2900390625,6855.2900390625,6855.2900390625,6855.2900390625,0.0,,,,,,,,,,,
2026-09-30T03:31:00+00:00,^KQ11,KOSDAQ,index,855.010009765625,855.0800170898438,854.9600219726562,855.0,565.0,,,,,,,,,,,
2026-09-30T03:31:00+00:00,^KS11,KRX,index,6848.72021484375,6853.6201171875,6848.10986328125,6848.10986328125,207.0,,,,,,,,,,,
2026-09-30T03:31:30+00:00,^KQ11,KOSDAQ,index,855.0499877929688,855.0499877929688,855.0499877929688,855.0499877929688,0.0,,,,,,,,,,,
2026-09-30T03:31:30+00:00,^KS11,KRX,index,6852.9599609375,6852.9599609375,6852.9599609375,6852.9599609375,0.0,,,,,,,,,,,
2026-09-30T03:32:00+00:00,^KQ11,KOSDAQ,index,854.969970703125,855.4199829101562,854.7999877929688,855.3599853515625,628.0,,,,,,,,,,,
2026-09-30T03:32:00+00:00,^KS11,KRX,index,6848.4501953125,6852.64990234375,6848.43017578125,6851.509765625,224.0,,,,,,,,,,,
2026-09-30T03:32:40+00:00,^KQ11,KOSDAQ,index,855.4199829101562,855.4199829101562,855.4199829101562,855.4199829101562,0.0,,,,,,,,,,,
2026-09-30T03:32:40+00:00,^KS11,KRX,index,6848.43017578125,6848.43017578125,6848.43017578125,6848.43017578125,0.0,,,,,,,,,,,
2026-09-30T03:33:00+00:00,^KQ11,KOSDAQ,index,855.260009765625,855.5,855.260009765625,855.5,526.0,,,,,,,,,,,
2026-09-30T03:33:00+00:00,^KS11,KRX,index,6848.39013671875,6853.509765625,6848.39013671875,6851.5,210.0,,,,,,,,,,,
2026-09-30T03:33:05+00:00,^N225,Japan,index,66438.5078125,66438.5078125,66438.5078125,66438.5078125,0.0,,,,,,,,,,,
2026-09-30T03:33:50+00:00,^KQ11,KOSDAQ,index,855.5,855.5,855.5,855.5,0.0,,,,,,,,,,,
2026-09-30T03:33:50+00:00,^KS11,KRX,index,6851.5,6851.5,6851.5,6851.5,0.0,,,,,,,,,,,
2026-09-30T03:34:00+00:00,^KQ11,KOSDAQ,index,855.8499755859375,855.9600219726562,855.8499755859375,855.9000244140625,812.0,,,,,,,,,,,
2026-09-30T03:34:00+00:00,^KS11,KRX,index,6859.10009765625,6859.10009765625,6856.81005859375,6856.8701171875,308.0,,,,,,,,,,,
2026-09-30T03:34:00+00:00,^N225,Japan,index,66481.21875,66489.2734375,66430.296875,66435.1171875,0.0,,,,,,,,,,,
2026-09-30T03:34:15+00:00,^N225,Japan,index,66485.71875,66485.71875,66485.71875,66485.71875,0.0,,,,,,,,,,,
2026-09-30T03:35:00+00:00,^KQ11,KOSDAQ,index,856.030029296875,856.1300048828125,855.8099975585938,855.8099975585938,540.0,,,,,,,,,,,
2026-09-30T03:35:00+00:00,^KS11,KRX,index,6862.52001953125,6862.52001953125,6853.06005859375,6853.06005859375,340.0,,,,,,,,,,,
2026-09-30T03:35:00+00:00,^N225,Japan,index,66435.9375,66445.828125,66412.640625,66429.6875,0.0,,,,,,,,,,,
2026-09-30T03:35:25+00:00,^N225,Japan,index,66445.828125,66445.828125,66445.828125,66445.828125,0.0,,,,,,,,,,,
2026-09-30T03:36:00+00:00,^KQ11,KOSDAQ,index,855.8800048828125,856.02001953125,855.8699951171875,855.8699951171875,803.0,,,,,,,,,,,
2026-09-30T03:36:00+00:00,^KS11,KRX,index,6854.3701171875,6854.3701171875,6849.97998046875,6854.3701171875,249.0,,,,,,,,,,,
2026-09-30T03:36:00+00:00,^N225,Japan,index,66423.609375,66481.546875,66423.0625,66481.546875,0.0,,,,,,,,,,,
2026-09-30T03:36:35+00:00,^N225,Japan,index,66453.3203125,66453.3203125,66453.3203125,66453.3203125,0.0,,,,,,,,,,,
2026-09-30T03:37:00+00:00,^KQ11,KOSDAQ,index,855.8800048828125,856.5,855.8800048828125,856.5,1374.0,,,,,,,,,,,
2026-09-30T03:37:00+00:00,^KS11,KRX,index,6852.89990234375,6858.580078125,6852.81982421875,6858.580078125,248.0,,,,,,,,,,,
2026-09-30T03:37:00+00:00,^N225,Japan,index,66482.4921875,66552.40625,66482.4921875,66552.40625,0.0,,,,,,,,,,,
2026-09-30T03:37:10+00:00,^KQ11,KOSDAQ,index,855.969970703125,855.969970703125,855.969970703125,855.969970703125,0.0,,,,,,,,,,,
2026-09-30T03:37:10+00:00,^KS11,KRX,index,6852.81982421875,6852.81982421875,6852.81982421875,6852.81982421875,0.0,,,,,,,,,,,
2026-09-30T03:37:45+00:00,^N225,Japan,index,66548.15625,66548.15625,66548.15625,66548.15625,0.0,,,,,,,,,,,
2026-09-30T03:38:00+00:00,^KQ11,KOSDAQ,index,856.5599975585938,856.7000122070312,856.5599975585938,856.7000122070312,946.0,,,,,,,,,,,
2026-09-30T03:38:00+00:00,^KS11,KRX,index,6858.68994140625,6862.31982421875,6858.68994140625,6859.35009765625,249.0,,,,,,,,,,,
2026-09-30T03:38:00+00:00,^N225,Japan,index,66558.7265625,66565.75,66546.328125,66551.0625,0.0,,,,,,,,,,,
2026-09-30T03:38:20+00:00,^KQ11,KOSDAQ,index,856.5599975585938,856.5599975585938,856.5599975585938,856.5599975585938,0.0,,,,,,,,,,,
2026-09-30T03:38:20+00:00,^KS11,KRX,index,6860.81005859375,6860.81005859375,6860.81005859375,6860.81005859375,0.0,,,,,,,,,,,
2026-09-30T03:38:55+00:00,^N225,Japan,index,66551.0625,66551.0625,66551.0625,66551.0625,0.0,,,,,,,,,,,
2026-09-30T03:39:00+00:00,^N225,Japan,index,66541.09375,66557.4765625,66537.2421875,66540.25,0.0,,,,,,,,,,,
2026-09-30T03:39:30+00:00,^KQ11,KOSDAQ,index,856.7100219726562,856.7100219726562,856.7100219726562,856.7100219726562,0.0,,,,,,,,,,,
2026-09-30T03:39:30+00:00,^KS11,KRX,index,6859.1298828125,6859.1298828125,6859.1298828125,6859.1298828125,0.0,,,,,,,,,,,
2026-09-30T03:40:00+00:00,^N225,Japan,index,66542.5625,66552.2265625,66534.7109375,66534.7109375,0.0,,,,,,,,,,,
2026-09-30T03:41:00+00:00,^N225,Japan,index,66543.546875,66549.1328125,66521.296875,66531.5234375,0.0,,,,,,,,,,,
2026-09-30T03:41:10+00:00,^N225,Japan,index,66545.4296875,66545.4296875,66545.4296875,66545.4296875,0.0,,,,,,,,,,,
2026-09-30T03:42:00+00:00,^N225,Japan,index,66530.8125,66532.28125,66506.1015625,66513.2890625,0.0,,,,,,,,,,,
2026-09-30T03:42:15+00:00,^N225,Japan,index,66516.8671875,66516.8671875,66516.8671875,66516.8671875,0.0,,,,,,,,,,,
2026-09-30T03:43:00+00:00,^N225,Japan,index,66521.3984375,66565.4375,66516.328125,66565.4375,0.0,,,,,,,,,,,
2026-09-30T03:43:20+00:00,^N225,Japan,index,66529.1875,66529.1875,66529.1875,66529.1875,0.0,,,,,,,,,,,
2026-09-30T03:44:30+00:00,^N225,Japan,index,66534.609375,66534.609375,66534.609375,66534.609375,0.0,,,,,,,,,,,
2026-09-30T07:36:48+00:00,^HSI,HongKong,index,24603.380859375,24603.380859375,24603.380859375,24603.380859375,0.0,,,,,,,,,,,
2026-09-30T07:37:00+00:00,^HSI,HongKong,index,24603.560546875,24604.990234375,24599.359375,24604.369140625,0.0,,,,,,,,,,,
2026-09-30T07:37:54+00:00,^HSI,HongKong,index,24603.630859375,24603.630859375,24603.630859375,24603.630859375,0.0,,,,,,,,,,,
2026-09-30T07:38:00+00:00,^HSI,HongKong,index,24605.529296875,24605.529296875,24599.6796875,24601.0703125,0.0,,,,,,,,,,,
2026-09-30T07:39:00+00:00,^HSI,HongKong,index,24604.69921875,24607.939453125,24602.259765625,24604.759765625,0.0,,,,,,,,,,,
2026-09-30T07:39:02+00:00,^HSI,HongKong,index,24604.9296875,24604.9296875,24604.9296875,24604.9296875,0.0,,,,,,,,,,,
2026-09-30T07:40:00+00:00,^HSI,HongKong,index,24605.0390625,24609.869140625,24602.4296875,24602.720703125,0.0,,,,,,,,,,,
2026-09-30T07:40:08+00:00,^HSI,HongKong,index,24602.4296875,24602.4296875,24602.4296875,24602.4296875,0.0,,,,,,,,,,,
2026-09-30T07:41:00+00:00,^HSI,HongKong,index,24608.7109375,24612.099609375,24604.890625,24607.4296875,0.0,,,,,,,,,,,
2026-09-30T07:41:14+00:00,^HSI,HongKong,index,24610.3203125,24610.3203125,24610.3203125,24610.3203125,0.0,,,,,,,,,,,
2026-09-30T07:42:00+00:00,^HSI,HongKong,index,24608.91015625,24609.919921875,24601.630859375,24601.650390625,0.0,,,,,,,,,,,
2026-09-30T07:42:20+00:00,^HSI,HongKong,index,24606.44921875,24606.44921875,24606.44921875,24606.44921875,0.0,,,,,,,,,,,
2026-09-30T07:43:00+00:00,^HSI,HongKong,index,24600.349609375,24603.5,24598.55078125,24601.94921875,0.0,,,,,,,,,,,
2026-09-30T07:44:00+00:00,^HSI,HongKong,index,24602.0390625,24604.16015625,24595.080078125,24600.0390625,0.0,,,,,,,,,,,
2026-09-30T07:44:18+00:00,^HSI,HongKong,index,24597.2109375,24597.2109375,24597.2109375,24597.2109375,0.0,,,,,,,,,,,
2026-09-30T07:45:00+00:00,^HSI,HongKong,index,24598.140625,24599.94921875,24593.58984375,24597.689453125,0.0,,,,,,,,,,,
2026-09-30T07:45:28+00:00,^HSI,HongKong,index,24595.650390625,24595.650390625,24595.650390625,24595.650390625,0.0,,,,,,,,,,,
2026-09-30T07:46:00+00:00,^HSI,HongKong,index,24599.169921875,24602.25,24597.859375,24600.58984375,0.0,,,,,,,,,,,
2026-09-30T07:46:34+00:00,^HSI,HongKong,index,24599.76953125,24599.76953125,24599.76953125,24599.76953125,0.0,,,,,,,,,,,
2026-09-30T07:47:42+00:00,^HSI,HongKong,index,24600.9609375,24600.9609375,24600.9609375,24600.9609375,0.0,,,,,,,,,,,
2026-09-30T14:39:00+00:00,^FTSE,UK,index,10623.23046875,10623.5703125,10619.7900390625,10620.1201171875,0.0,,,,,,,,,,,
2026-09-30T14:39:00+00:00,^GDAXI,Germany,index,25247.26953125,25250.859375,25239.740234375,25241.119140625,0.0,,,,,,,,,,,
2026-09-30T14:39:20+00:00,^FTSE,UK,index,10622.9697265625,10622.9697265625,10622.9697265625,10622.9697265625,0.0,,,,,,,,,,,
2026-09-30T14:39:20+00:00,^GDAXI,Germany,index,25250.41015625,25250.41015625,25250.41015625,25250.41015625,0.0,,,,,,,,,,,
2026-09-30T14:40:00+00:00,^FTSE,UK,index,10620.1904296875,10621.009765625,10619.3203125,10620.33984375,0.0,,,,,,,,,,,
2026-09-30T14:40:00+00:00,^GDAXI,Germany,index,25241.490234375,25243.0,25232.44921875,25243.0,0.0,,,,,,,,,,,
2026-09-30T14:40:34+00:00,^FTSE,UK,index,10619.76953125,10619.76953125,10619.76953125,10619.76953125,0.0,,,,,,,,,,,
2026-09-30T14:40:34+00:00,^GDAXI,Germany,index,25235.740234375,25235.740234375,25235.740234375,25235.740234375,0.0,,,,,,,,,,,
2026-09-30T14:41:00+00:00,^FTSE,UK,index,10620.169921875,10622.5595703125,10618.8701171875,10621.669921875,0.0,,,,,,,,,,,
2026-09-30T14:41:00+00:00,^GDAXI,Germany,index,25243.16015625,25249.55078125,25239.720703125,25246.779296875,0.0,,,,,,,,,,,
2026-09-30T14:41:46+00:00,^FTSE,UK,index,10621.259765625,10621.259765625,10621.259765625,10621.259765625,0.0,,,,,,,,,,,
2026-09-30T14:41:47+00:00,^GDAXI,Germany,index,25247.939453125,25247.939453125,25247.939453125,25247.939453125,0.0,,,,,,,,,,,
2026-09-30T14:42:00+00:00,^FTSE,UK,index,10621.5302734375,10628.099609375,10621.48046875,10628.08984375,0.0,,,,,,,,,,,
2026-09-30T14:42:00+00:00,^GDAXI,Germany,index,25246.58984375,25267.0390625,25245.400390625,25267.0390625,0.0,,,,,,,,,,,
2026-09-30T14:43:00+00:00,^FTSE,UK,index,10628.1298828125,10628.8896484375,10624.7197265625,10624.7900390625,0.0,,,,,,,,,,,
2026-09-30T14:43:00+00:00,^GDAXI,Germany,index,25267.310546875,25270.3203125,25254.779296875,25256.4296875,0.0,,,,,,,,,,,
2026-09-30T14:44:00+00:00,^FTSE,UK,index,10624.75,10626.5703125,10622.0400390625,10622.0498046875,0.0,,,,,,,,,,,
2026-09-30T14:44:00+00:00,^GDAXI,Germany,index,25258.0390625,25260.669921875,25248.75,25249.2890625,0.0,,,,,,,,,,,
2026-09-30T14:44:13+00:00,^FTSE,UK,index,10625.0498046875,10625.0498046875,10625.0498046875,10625.0498046875,0.0,,,,,,,,,,,
2026-09-30T14:44:13+00:00,^GDAXI,Germany,index,25257.76953125,25257.76953125,25257.76953125,25257.76953125,0.0,,,,,,,,,,,
2026-09-30T14:45:00+00:00,^FTSE,UK,index,10621.9296875,10623.240234375,10619.7001953125,10622.580078125,0.0,,,,,,,,,,,
2026-09-30T14:45:00+00:00,^GDAXI,Germany,index,25249.2890625,25253.689453125,25246.3203125,25253.689453125,0.0,,,,,,,,,,,
2026-09-30T14:45:26+00:00,^FTSE,UK,index,10622.3701171875,10622.3701171875,10622.3701171875,10622.3701171875,0.0,,,,,,,,,,,
2026-09-30T14:45:26+00:00,^GDAXI,Germany,index,25251.939453125,25251.939453125,25251.939453125,25251.939453125,0.0,,,,,,,,,,,
2026-09-30T14:46:00+00:00,^FTSE,UK,index,10622.580078125,10624.8701171875,10621.490234375,10621.58984375,0.0,,,,,,,,,,,
2026-09-30T14:46:00+00:00,^GDAXI,Germany,index,25253.689453125,25258.98046875,25244.240234375,25247.380859375,0.0,,,,,,,,,,,
2026-09-30T14:46:39+00:00,^FTSE,UK,index,10622.580078125,10622.580078125,10622.580078125,10622.580078125,0.0,,,,,,,,,,,
2026-09-30T14:46:39+00:00,^GDAXI,Germany,index,25252.359375,25252.359375,25252.359375,25252.359375,0.0,,,,,,,,,,,
2026-09-30T14:47:00+00:00,^FTSE,UK,index,10621.58984375,10625.01953125,10621.419921875,10623.7197265625,0.0,,,,,,,,,,,
2026-09-30T14:47:00+00:00,^GDAXI,Germany,index,25246.970703125,25253.880859375,25246.970703125,25249.029296875,0.0,,,,,,,,,,,
2026-09-30T14:47:53+00:00,^FTSE,UK,index,10624.240234375,10624.240234375,10624.240234375,10624.240234375,0.0,,,,,,,,,,,
2026-09-30T14:47:53+00:00,^GDAXI,Germany,index,25248.80078125,25248.80078125,25248.80078125,25248.80078125,0.0,,,,,,,,,,,
2026-09-30T14:48:00+00:00,^FTSE,UK,index,10623.7099609375,10624.330078125,10619.6396484375,10619.6396484375,0.0,,,,,,,,,,,
2026-09-30T14:48:00+00:00,^GDAXI,Germany,index,25249.029296875,25250.0,25242.669921875,25242.669921875,0.0,,,,,,,,,,,
2026-09-30T14:49:00+00:00,^FTSE,UK,index,10619.58984375,10623.75,10618.580078125,10623.2099609375,0.0,,,,,,,,,,,
2026-09-30T14:49:00+00:00,^GDAXI,Germany,index,25243.330078125,25246.060546875,25241.69921875,25245.1796875,0.0,,,,,,,,,,,
2026-09-30T14:49:06+00:00,^FTSE,UK,index,10619.5302734375,10619.5302734375,10619.5302734375,10619.5302734375,0.0,,,,,,,,,,,
2026-09-30T14:49:06+00:00,^GDAXI,Germany,index,25243.69921875,25243.69921875,25243.69921875,25243.69921875,0.0,,,,,,,,,,,
2026-09-30T14:50:18+00:00,^GDAXI,Germany,index,25239.689453125,25239.689453125,25239.689453125,25239.689453125,0.0,,,,,,,,,,,
2026-09-30T14:50:20+00:00,^FTSE,UK,index,10619.419921875,10619.419921875,10619.419921875,10619.419921875,0.0,,,,,,,,,,,
2026-09-30T18:42:05+00:00,^FVX,US_Treasury,yield,5.0929999351501465,5.0929999351501465,5.0929999351501465,5.0929999351501465,0.0,,,,,,,,,,,
2026-09-30T18:42:05+00:00,^IRX,US_Treasury,yield,4.029999732971191,4.029999732971191,4.029999732971191,4.029999732971191,0.0,,,,,,,,,,,
2026-09-30T18:42:05+00:00,^TNX,US_Treasury,yield,5.297999858856201,5.297999858856201,5.297999858856201,5.297999858856201,0.0,,,,,,,,,,,
2026-09-30T18:42:05+00:00,^TYX,US_Treasury,yield,5.644000053405762,5.644000053405762,5.644000053405762,5.644000053405762,0.0,,,,,,,,,,,
2026-09-30T18:43:00+00:00,^FVX,US_Treasury,yield,5.091000080108643,5.091000080108643,5.0889997482299805,5.0889997482299805,0.0,,,,,,,,,,,
2026-09-30T18:43:00+00:00,^IRX,US_Treasury,yield,4.029999732971191,4.029999732971191,4.029999732971191,4.029999732971191,0.0,,,,,,,,,,,
2026-09-30T18:43:00+00:00,^TNX,US_Treasury,yield,5.295000076293945,5.295000076293945,5.295000076293945,5.295000076293945,0.0,,,,,,,,,,,
2026-09-30T18:43:00+00:00,^TYX,US_Treasury,yield,5.6419997215271,5.644000053405762,5.6419997215271,5.644000053405762,0.0,,,,,,,,,,,
2026-09-30T18:43:15+00:00,^FVX,US_Treasury,yield,5.091000080108643,5.091000080108643,5.091000080108643,5.091000080108643,0.0,,,,,,,,,,,
2026-09-30T18:43:15+00:00,^IRX,US_Treasury,yield,4.029999732971191,4.029999732971191,4.029999732971191,4.029999732971191,0.0,,,,,,,,,,,
2026-09-30T18:43:15+00:00,^TNX,US_Treasury,yield,5.295000076293945,5.295000076293945,5.295000076293945,5.295000076293945,0.0,,,,,,,,,,,
2026-09-30T18:43:15+00:00,^TYX,US_Treasury,yield,5.6419997215271,5.6419997215271,5.6419997215271,5.6419997215271,0.0,,,,,,,,,,,
2026-09-30T18:44:00+00:00,^FVX,US_Treasury,yield,5.088000297546387,5.0889997482299805,5.088000297546387,5.088000297546387,0.0,,,,,,,,,,,
2026-09-30T18:44:00+00:00,^IRX,US_Treasury,yield,4.029999732971191,4.029999732971191,4.029999732971191,4.029999732971191,0.0,,,,,,,,,,,
2026-09-30T18:44:00+00:00,^TNX,US_Treasury,yield,5.293000221252441,5.293000221252441,5.293000221252441,5.293000221252441,0.0,,,,,,,,,,,
2026-09-30T18:44:00+00:00,^TYX,US_Treasury,yield,5.6419997215271,5.644000053405762,5.640999794006348,5.640999794006348,0.0,,,,,,,,,,,
2026-09-30T18:44:35+00:00,^FVX,US_Treasury,yield,5.0889997482299805,5.0889997482299805,5.0889997482299805,5.0889997482299805,0.0,,,,,,,,,,,
2026-09-30T18:44:35+00:00,^IRX,US_Treasury,yield,4.029999732971191,4.029999732971191,4.029999732971191,4.029999732971191,0.0,,,,,,,,,,,
2026-09-30T18:44:35+00:00,^TNX,US_Treasury,yield,5.293000221252441,5.293000221252441,5.293000221252441,5.293000221252441,0.0,,,,,,,,,,,
2026-09-30T18:44:35+00:00,^TYX,US_Treasury,yield,5.6419997215271,5.6419997215271,5.6419997215271,5.6419997215271,0.0,,,,,,,,,,,
2026-09-30T18:45:00+00:00,^FVX,US_Treasury,yield,5.088000297546387,5.0889997482299805,5.088000297546387,5.0889997482299805,0.0,,,,,,,,,,,
2026-09-30T18:45:00+00:00,^IRX,US_Treasury,yield,4.029999732971191,4.029999732971191,4.029999732971191,4.029999732971191,0.0,,,,,,,,,,,
2026-09-30T18:45:00+00:00,^TNX,US_Treasury,yield,5.293000221252441,5.293000221252441,5.293000221252441,5.293000221252441,0.0,,,,,,,,,,,
2026-09-30T18:45:00+00:00,^TYX,US_Treasury,yield,5.640999794006348,5.6419997215271,5.638999938964844,5.638999938964844,0.0,,,,,,,,,,,
2026-09-30T18:46:00+00:00,^FVX,US_Treasury,yield,5.0889997482299805,5.0889997482299805,5.088000297546387,5.0889997482299805,0.0,,,,,,,,,,,
2026-09-30T18:46:00+00:00,^IRX,US_Treasury,yield,4.029999732971191,4.029999732971191,4.029999732971191,4.029999732971191,0.0,,,,,,,,,,,
2026-09-30T18:46:00+00:00,^TNX,US_Treasury,yield,5.293000221252441,5.293000221252441,5.293000221252441,5.293000221252441,0.0,,,,,,,,,,,
2026-09-30T18:46:00+00:00,^TYX,US_Treasury,yield,5.640000343322754,5.640999794006348,5.640000343322754,5.640999794006348,0.0,,,,,,,,,,,
2026-09-30T18:47:00+00:00,^FVX,US_Treasury,yield,5.088000297546387,5.0889997482299805,5.088000297546387,5.088000297546387,0.0,,,,,,,,,,,
2026-09-30T18:47:00+00:00,^IRX,US_Treasury,yield,4.029999732971191,4.029999732971191,4.029999732971191,4.029999732971191,0.0,,,,,,,,,,,
2026-09-30T18:47:00+00:00,^TNX,US_Treasury,yield,5.293000221252441,5.293000221252441,5.293000221252441,5.293000221252441,0.0,,,,,,,,,,,
2026-09-30T18:47:00+00:00,^TYX,US_Treasury,yield,5.640000343322754,5.640999794006348,5.640000343322754,5.640000343322754,0.0,,,,,,,,,,,
2026-09-30T18:48:00+00:00,^FVX,US_Treasury,yield,5.088000297546387,5.091000080108643,5.088000297546387,5.091000080108643,0.0,,,,,,,,,,,
2026-09-30T18:48:00+00:00,^IRX,US_Treasury,yield,4.029999732971191,4.029999732971191,4.029999732971191,4.029999732971191,0.0,,,,,,,,,,,
2026-09-30T18:48:00+00:00,^TNX,US_Treasury,yield,5.293000221252441,5.297999858856201,5.293000221252441,5.297999858856201,0.0,,,,,,,,,,,
2026-09-30T18:48:00+00:00,^TYX,US_Treasury,yield,5.640000343322754,5.6419997215271,5.640000343322754,5.6419997215271,0.0,,,,,,,,,,,
2026-09-30T18:49:00+00:00,^FVX,US_Treasury,yield,5.091000080108643,5.0929999351501465,5.091000080108643,5.0929999351501465,0.0,,,,,,,,,,,
2026-09-30T18:49:00+00:00,^IRX,US_Treasury,yield,4.029999732971191,4.029999732971191,4.029999732971191,4.029999732971191,0.0,,,,,,,,,,,
2026-09-30T18:49:00+00:00,^TNX,US_Treasury,yield,5.295000076293945,5.297999858856201,5.295000076293945,5.297999858856201,0.0,,,,,,,,,,,
2026-09-30T18:49:00+00:00,^TYX,US_Treasury,yield,5.6419997215271,5.644000053405762,5.6419997215271,5.644000053405762,0.0,,,,,,,,,,,
2026-09-30T18:50:00+00:00,^FVX,US_Treasury,yield,5.091000080108643,5.091000080108643,5.0889997482299805,5.091000080108643,0.0,,,,,,,,,,,
2026-09-30T18:50:00+00:00,^IRX,US_Treasury,yield,4.029999732971191,4.029999732971191,4.029999732971191,4.029999732971191,0.0,,,,,,,,,,,
2026-09-30T18:50:00+00:00,^TNX,US_Treasury,yield,5.297999858856201,5.297999858856201,5.293000221252441,5.293000221252441,0.0,,,,,,,,,,,
2026-09-30T18:50:00+00:00,^TYX,US_Treasury,yield,5.644000053405762,5.644000053405762,5.640999794006348,5.640999794006348,0.0,,,,,,,,,,,
2026-09-30T18:51:00+00:00,^FVX,US_Treasury,yield,5.0889997482299805,5.091000080108643,5.0889997482299805,5.091000080108643,0.0,,,,,,,,,,,
2026-09-30T18:51:00+00:00,^IRX,US_Treasury,yield,4.029999732971191,4.029999732971191,4.029999732971191,4.029999732971191,0.0,,,,,,,,,,,
2026-09-30T18:51:00+00:00,^TNX,US_Treasury,yield,5.293000221252441,5.297999858856201,5.293000221252441,5.297999858856201,0.0,,,,,,,,,,,
2026-09-30T18:51:00+00:00,^TYX,US_Treasury,yield,5.640999794006348,5.6419997215271,5.640999794006348,5.6419997215271,0.0,,,,,,,,,,,
2026-09-30T18:52:00+00:00,^FVX,US_Treasury,yield,5.091000080108643,5.0929999351501465,5.091000080108643,5.091000080108643,0.0,,,,,,,,,,,
2026-09-30T18:52:00+00:00,^IRX,US_Treasury,yield,4.029999732971191,4.029999732971191,4.029999732971191,4.029999732971191,0.0,,,,,,,,,,,
2026-09-30T18:52:00+00:00,^TNX,US_Treasury,yield,5.297999858856201,5.297999858856201,5.295000076293945,5.295000076293945,0.0,,,,,,,,,,,
2026-09-30T18:52:00+00:00,^TYX,US_Treasury,yield,5.6419997215271,5.644000053405762,5.6419997215271,5.6419997215271,0.0,,,,,,,,,,,
2026-09-30T18:53:00+00:00,^FVX,US_Treasury,yield,5.091000080108643,5.091000080108643,5.0889997482299805,5.0889997482299805,0.0,,,,,,,,,,,
2026-09-30T18:53:00+00:00,^IRX,US_Treasury,yield,4.029999732971191,4.029999732971191,4.029999732971191,4.029999732971191,0.0,,,,,,,,,,,
2026-09-30T18:53:00+00:00,^TNX,US_Treasury,yield,5.295000076293945,5.295000076293945,5.295000076293945,5.295000076293945,0.0,,,,,,,,,,,
2026-09-30T18:53:00+00:00,^TYX,US_Treasury,yield,5.6419997215271,5.644000053405762,5.6419997215271,5.6419997215271,0.0,,,,,,,,,,,
2026-09-30T18:54:00+00:00,^FVX,US_Treasury,yield,5.0889997482299805,5.0889997482299805,5.088000297546387,5.088000297546387,0.0,,,,,,,,,,,
2026-09-30T18:54:00+00:00,^IRX,US_Treasury,yield,4.029999732971191,4.029999732971191,4.029999732971191,4.029999732971191,0.0,,,,,,,,,,,
2026-09-30T18:54:00+00:00,^TNX,US_Treasury,yield,5.295000076293945,5.295000076293945,5.293000221252441,5.293000221252441,0.0,,,,,,,,,,,
2026-09-30T18:54:00+00:00,^TYX,US_Treasury,yield,5.6419997215271,5.6419997215271,5.640999794006348,5.640999794006348,0.0,,,,,,,,,,,
2026-09-30T18:55:00+00:00,^FVX,US_Treasury,yield,5.088000297546387,5.0889997482299805,5.088000297546387,5.088000297546387,0.0,,,,,,,,,,,
2026-09-30T18:55:00+00:00,^IRX,US_Treasury,yield,4.029999732971191,4.029999732971191,4.029999732971191,4.029999732971191,0.0,,,,,,,,,,,
2026-09-30T18:55:00+00:00,^TNX,US_Treasury,yield,5.293000221252441,5.293000221252441,5.293000221252441,5.293000221252441,0.0,,,,,,,,,,,
2026-09-30T18:55:00+00:00,^TYX,US_Treasury,yield,5.640000343322754,5.640999794006348,5.640000343322754,5.640000343322754,0.0,,,,,,,,,,,
2026-09-30T18:56:00+00:00,^FVX,US_Treasury,yield,5.088000297546387,5.0889997482299805,5.088000297546387,5.0889997482299805,0.0,,,,,,,,,,,
2026-09-30T18:56:00+00:00,^IRX,US_Treasury,yield,4.029999732971191,4.029999732971191,4.029999732971191,4.029999732971191,0.0,,,,,,,,,,,
2026-09-30T18:56:00+00:00,^TNX,US_Treasury,yield,5.293000221252441,5.293000221252441,5.293000221252441,5.293000221252441,0.0,,,,,,,,,,,
2026-09-30T18:56:00+00:00,^TYX,US_Treasury,yield,5.640000343322754,5.640999794006348,5.638999938964844,5.640999794006348,0.0,,,,,,,,,,,
2026-09-30T18:57:00+00:00,^FVX,US_Treasury,yield,5.091000080108643,5.091000080108643,5.091000080108643,5.091000080108643,0.0,,,,,,,,,,,
2026-09-30T18:57:00+00:00,^IRX,US_Treasury,yield,4.029999732971191,4.029999732971191,4.029999732971191,4.029999732971191,0.0,,,,,,,,,,,
2026-09-30T18:57:00+00:00,^TNX,US_Treasury,yield,5.293000221252441,5.295000076293945,5.293000221252441,5.295000076293945,0.0,,,,,,,,,,,
2026-09-30T18:57:00+00:00,^TYX,US_Treasury,yield,5.640999794006348,5.640999794006348,5.640000343322754,5.640000343322754,0.0,,,,,,,,,,,
2026-09-30T18:58:00+00:00,^FVX,US_Treasury,yield,5.091000080108643,5.091000080108643,5.0889997482299805,5.0889997482299805,0.0,,,,,,,,,,,
2026-09-30T18:58:00+00:00,^IRX,US_Treasury,yield,4.029999732971191,4.029999732971191,4.029999732971191,4.029999732971191,0.0,,,,,,,,,,,
2026-09-30T18:58:00+00:00,^TNX,US_Treasury,yield,5.293000221252441,5.295000076293945,5.293000221252441,5.293000221252441,0.0,,,,,,,,,,,
2026-09-30T18:58:00+00:00,^TYX,US_Treasury,yield,5.640000343322754,5.640999794006348,5.640000343322754,5.640000343322754,0.0,,,,,,,,,,,
2026-09-30T18:59:00+00:00,^FVX,US_Treasury,yield,5.0889997482299805,5.0929999351501465,5.088000297546387,5.0889997482299805,0.0,,,,,,,,,,,
2026-09-30T18:59:00+00:00,^IRX,US_Treasury,yield,4.029999732971191,4.029999732971191,4.029999732971191,4.029999732971191,0.0,,,,,,,,,,,
2026-09-30T18:59:00+00:00,^TNX,US_Treasury,yield,5.293000221252441,5.295000076293945,5.293000221252441,5.293000221252441,0.0,,,,,,,,,,,
2026-09-30T18:59:00+00:00,^TYX,US_Treasury,yield,5.638999938964844,5.638999938964844,5.638000011444092,5.638000011444092,0.0,,,,,,,,,,,
2026-09-30T19:57:00+00:00,^VIX,US,volatility,16.350000381469727,16.3700008392334,16.350000381469727,16.350000381469727,0.0,,,,,,,,,,,
2026-09-30T19:57:31+00:00,^VIX,US,volatility,16.350000381469727,16.350000381469727,16.350000381469727,16.350000381469727,0.0,,,,,,,,,,,
2026-09-30T19:58:00+00:00,^VIX,US,volatility,16.350000381469727,16.399999618530273,16.350000381469727,16.3700008392334,0.0,,,,,,,,,,,
2026-09-30T19:58:46+00:00,^VIX,US,volatility,16.3700008392334,16.3700008392334,16.3700008392334,16.3700008392334,0.0,,,,,,,,,,,
2026-09-30T19:59:00+00:00,^VIX,US,volatility,16.350000381469727,16.489999771118164,16.34000015258789,16.489999771118164,0.0,,,,,,,,,,,
2026-09-30T20:00:00+00:00,^VIX,US,volatility,16.520000457763672,16.530000686645508,16.5,16.510000228881836,0.0,,,,,,,,,,,
2026-09-30T20:01:00+00:00,^VIX,US,volatility,16.530000686645508,16.610000610351562,16.530000686645508,16.549999237060547,0.0,,,,,,,,,,,
2026-09-30T20:02:00+00:00,^DJI,US,index,50908.79,50908.79,50908.67,50908.67,1686367.0,,,,,,,,,,,
2026-09-30T20:02:00+00:00,^GSPC,US,index,7652.02,7652.02,7651.96,7651.97,44930000.0,,,,,,,,,,,
2026-09-30T20:02:00+00:00,^VIX,US,volatility,16.510000228881836,16.56999969482422,16.5,16.56999969482422,0.0,,,,,,,,,,,
2026-09-30T20:03:00+00:00,^DJI,US,index,50908.67,50908.67,50908.61,50908.61,3653725.0,,,,,,,,,,,
2026-09-30T20:03:00+00:00,^GSPC,US,index,7651.97,7651.97,7651.88,7651.88,31390000.0,,,,,,,,,,,
2026-09-30T20:03:00+00:00,^VIX,US,volatility,16.530000686645508,16.579999923706055,16.530000686645508,16.579999923706055,0.0,,,,,,,,,,,
2026-09-30T20:04:00+00:00,^DJI,US,index,50908.61,50908.61,50906.05,50906.05,9758979.0,,,,,,,,,,,
2026-09-30T20:04:00+00:00,^GSPC,US,index,7651.88,7651.89,7651.57,7651.57,65808000.0,,,,,,,,,,,
2026-09-30T20:04:00+00:00,^VIX,US,volatility,16.559999465942383,16.600000381469727,16.559999465942383,16.600000381469727,0.0,,,,,,,,,,,
2026-09-30T20:05:00+00:00,^DJI,US,index,50906.05,50906.05,50906.05,50906.05,439575.0,,,,,,,,,,,
2026-09-30T20:05:00+00:00,^GSPC,US,index,7651.58,7651.58,7651.54,7651.54,30076000.0,,,,,,,,,,,
2026-09-30T20:05:00+00:00,^VIX,US,volatility,16.489999771118164,16.5,16.459999084472656,16.5,0.0,,,,,,,,,,,
2026-09-30T20:06:00+00:00,^DJI,US,index,50906.05,50906.05,50906.05,50906.05,300317.0,,,,,,,,,,,
2026-09-30T20:06:00+00:00,^GSPC,US,index,7651.54,7651.54,7651.54,7651.54,3488000.0,,,,,,,,,,,
2026-09-30T20:06:00+00:00,^VIX,US,volatility,16.489999771118164,16.489999771118164,16.43000030517578,16.440000534057617,0.0,,,,,,,,,,,
2026-09-30T20:07:00+00:00,^DJI,US,index,50906.05,50906.05,50906.05,50906.05,5749502.0,,,,,,,,,,,
2026-09-30T20:07:00+00:00,^GSPC,US,index,7651.54,7651.54,7651.54,7651.54,21230000.0,,,,,,,,,,,
2026-09-30T20:07:00+00:00,^VIX,US,volatility,16.43000030517578,16.43000030517578,16.389999389648438,16.43000030517578,0.0,,,,,,,,,,,
2026-09-30T20:08:00+00:00,^DJI,US,index,50906.05,50906.05,50906.05,50906.05,440545.0,,,,,,,,,,,
2026-09-30T20:08:00+00:00,^GSPC,US,index,7651.54,7651.54,7651.54,7651.54,5527000.0,,,,,,,,,,,
2026-09-30T20:08:00+00:00,^VIX,US,volatility,16.420000076293945,16.420000076293945,16.389999389648438,16.389999389648438,0.0,,,,,,,,,,,
2026-09-30T20:09:00+00:00,^DJI,US,index,50906.05,50906.05,50906.05,50906.05,185042.0,,,,,,,,,,,
2026-09-30T20:09:00+00:00,^GSPC,US,index,7651.54,7651.54,7651.54,7651.54,1007000.0,,,,,,,,,,,
2026-09-30T20:09:00+00:00,^VIX,US,volatility,16.399999618530273,16.43000030517578,16.399999618530273,16.43000030517578,0.0,,,,,,,,,,,
2026-09-30T20:10:00+00:00,^DJI,US,index,50906.05,50906.05,50906.05,50906.05,196748.0,,,,,,,,,,,
2026-09-30T20:10:00+00:00,^GSPC,US,index,7651.54,7651.54,7651.54,7651.54,402000.0,,,,,,,,,,,
2026-09-30T20:10:00+00:00,^VIX,US,volatility,16.43000030517578,16.43000030517578,16.389999389648438,16.389999389648438,0.0,,,,,,,,,,,
2026-09-30T20:11:00+00:00,^DJI,US,index,50906.05,50906.05,50906.05,50906.05,182237.0,,,,,,,,,,,
2026-09-30T20:11:00+00:00,^GSPC,US,index,7651.54,7651.54,7651.54,7651.54,969000.0,,,,,,,,,,,
2026-09-30T20:11:00+00:00,^VIX,US,volatility,16.420000076293945,16.43000030517578,16.420000076293945,16.43000030517578,0.0,,,,,,,,,,,
2026-09-30T20:12:00+00:00,^DJI,US,index,50906.05,50906.05,50906.05,50906.05,155889.0,,,,,,,,,,,
2026-09-30T20:12:00+00:00,^GSPC,US,index,7651.54,7651.54,7651.54,7651.54,668000.0,,,,,,,,,,,
2026-09-30T20:12:00+00:00,^VIX,US,volatility,16.43000030517578,16.43000030517578,16.420000076293945,16.420000076293945,0.0,,,,,,,,,,,
2026-09-30T20:13:00+00:00,^DJI,US,index,50906.05,50906.05,50906.05,50906.05,141961.0,,,,,,,,,,,
2026-09-30T20:13:00+00:00,^GSPC,US,index,7651.54,7651.54,7651.54,7651.54,408000.0,,,,,,,,,,,
2026-09-30T20:13:00+00:00,^VIX,US,volatility,16.420000076293945,16.420000076293945,16.3799991607666,16.3799991607666,0.0,,,,,,,,,,,
2026-09-30T20:14:00+00:00,^DJI,US,index,50906.05,50906.05,50906.05,50906.05,111689.0,,,,,,,,,,,
2026-09-30T20:14:00+00:00,^GSPC,US,index,7651.54,7651.54,7651.54,7651.54,496000.0,,,,,,,,,,,
2026-09-30T20:14:00+00:00,^VIX,US,volatility,16.3799991607666,16.3799991607666,16.31999969482422,16.31999969482422,0.0,,,,,,,,,,,
2026-09-30T20:15:00+00:00,^DJI,US,index,50906.05,50906.05,50906.05,50906.05,80312.0,,,,,,,,,,,
2026-09-30T20:15:00+00:00,^GSPC,US,index,7651.54,7651.54,7651.54,7651.54,379000.0,,,,,,,,,,,
2026-09-30T20:16:00+00:00,^DJI,US,index,50906.05,50906.05,50906.05,50906.05,110642.0,,,,,,,,,,,
2026-09-30T20:16:00+00:00,^GSPC,US,index,7651.54,7651.54,7651.54,7651.54,408000.0,,,,,,,,,,,
2026-09-30T20:17:00+00:00,^DJI,US,index,50906.05,50906.05,50906.05,50906.05,113817.0,,,,,,,,,,,
2026-09-30T20:17:00+00:00,^GSPC,US,index,7651.54,7651.54,7651.54,7651.54,310000.0,,,,,,,,,,,
2026-09-30T20:18:00+00:00,^DJI,US,index,50906.05,50906.05,50906.05,50906.05,141938.0,,,,,,,,,,,
2026-09-30T20:18:00+00:00,^GSPC,US,index,7651.54,7651.54,7651.54,7651.54,413000.0,,,,,,,,,,,
2026-09-30T20:19:00+00:00,^DJI,US,index,50906.05,50906.05,50906.05,50906.05,95213.0,,,,,,,,,,,
2026-09-30T20:19:00+00:00,^GSPC,US,index,7651.54,7651.54,7651.54,7651.54,565000.0,,,,,,,,,,,
2026-09-30T20:20:00+00:00,^DJI,US,index,50906.05,50906.05,50906.05,50906.05,506.0,,,,,,,,,,,
2026-09-30T20:20:00+00:00,^GSPC,US,index,7651.54,7651.54,7651.54,7651.54,38000.0,,,,,,,,,,,
2026-09-30T20:38:00+00:00,^GSPC,US,index,7651.54,7651.54,7651.54,7651.54,14145000.0,,,,,,,,,,,
2026-09-30T20:48:00+00:00,^DJI,US,index,50906.05,50906.05,50906.05,50906.05,1704400.0,,,,,,,,,,,
2026-09-30T20:57:00+00:00,^IXIC,US,index,26861.064,26861.064,26861.064,26861.064,9254000.0,,,,,,,,,,,
2026-09-30T20:58:00+00:00,^IXIC,US,index,26861.064,26861.064,26861.064,26861.064,2102000.0,,,,,,,,,,,
2026-09-30T20:59:00+00:00,^IXIC,US,index,26861.064,26861.064,26861.064,26861.064,502000.0,,,,,,,,,,,
2026-09-30T21:00:00+00:00,^IXIC,US,index,26861.064,26861.064,26861.064,26861.064,1839000.0,,,,,,,,,,,
2026-09-30T21:01:00+00:00,^IXIC,US,index,26861.064,26861.064,26861.064,26861.064,549000.0,,,,,,,,,,,
2026-09-30T21:02:00+00:00,^IXIC,US,index,26861.064,26861.064,26861.064,26861.064,1057000.0,,,,,,,,,,,
2026-09-30T21:03:00+00:00,^IXIC,US,index,26861.064,26861.064,26861.064,26861.064,1114000.0,,,,,,,,,,,
2026-09-30T21:04:00+00:00,^IXIC,US,index,26861.064,26861.064,26861.064,26861.064,476000.0,,,,,,,,,,,
2026-09-30T21:05:00+00:00,^IXIC,US,index,26861.064,26861.064,26861.064,26861.064,739000.0,,,,,,,,,,,
2026-09-30T21:06:00+00:00,^IXIC,US,index,26861.064,26861.064,26861.064,26861.064,701000.0,,,,,,,,,,,
2026-09-30T21:07:00+00:00,^IXIC,US,index,26861.064,26861.064,26861.064,26861.064,1132000.0,,,,,,,,,,,
2026-09-30T21:08:00+00:00,^IXIC,US,index,26861.064,26861.064,26861.064,26861.064,392000.0,,,,,,,,,,,
2026-09-30T21:09:00+00:00,^IXIC,US,index,26861.064,26861.064,26861.064,26861.064,1401000.0,,,,,,,,,,,
2026-09-30T21:10:00+00:00,^IXIC,US,index,26861.064,26861.064,26861.064,26861.064,681000.0,,,,,,,,,,,
2026-09-30T21:11:00+00:00,^IXIC,US,index,26861.064,26861.064,26861.064,26861.064,1484000.0,,,,,,,,,,,
2026-09-30T21:12:00+00:00,^IXIC,US,index,26861.064,26861.064,26861.064,26861.064,1087000.0,,,,,,,,,,,
2026-09-30T21:13:00+00:00,^IXIC,US,index,26861.064,26861.064,26861.064,26861.064,1231000.0,,,,,,,,,,,
2026-09-30T21:14:00+00:00,^IXIC,US,index,26861.064,26861.064,26861.064,26861.064,1229000.0,,,,,,,,,,,
2026-09-30T21:15:00+00:00,^IXIC,US,index,26861.064,26861.064,26861.064,26861.064,2083000.0,,,,,,,,,,,
2026-09-30T21:16:00+00:00,^IXIC,US,index,26861.064,26861.064,26861.064,26861.064,0.0,,,,,,,,,,,
2026-09-30T22:55:00+00:00,KRW=X,FX,currency,1356.3599853515625,1356.3599853515625,1356.25,1356.2900390625,0.0,,,,,,,,,,,
2026-09-30T22:56:00+00:00,KRW=X,FX,currency,1356.25,1356.3199462890625,1356.25,1356.25,0.0,,,,,,,,,,,
2026-09-30T22:57:00+00:00,KRW=X,FX,currency,1356.2900390625,1356.300048828125,1356.25,1356.260009765625,0.0,,,,,,,,,,,
2026-09-30T23:00:00+00:00,HG=F,COMEX,commodity_future,6.627500057220459,6.627500057220459,6.627500057220459,6.627500057220459,1.0,,,,,,,,,,,
2026-09-30T23:00:00+00:00,KRW=X,FX,currency,1356.27001953125,1356.27001953125,1356.219970703125,1356.260009765625,0.0,,,,,,,,,,,
2026-09-30T23:01:00+00:00,BTC-USD,CRYPTO,crypto,83663.0,83682.3,83659.2,83659.2,0.7036971,,,,,,,84.0,,,,
2026-09-30T23:01:00+00:00,ETH-USD,CRYPTO,crypto,2687.34,2688.63,2687.31,2687.85,2.60743872,,,,,,,31.0,,,,
2026-09-30T23:01:00+00:00,EURUSD=X,FX,currency,1.1334012746810913,1.1334012746810913,1.1334012746810913,1.1334012746810913,0.0,,,,,,,,,,,
2026-09-30T23:01:00+00:00,GBPUSD=X,FX,currency,1.3263654708862305,1.3263654708862305,1.3263654708862305,1.3263654708862305,0.0,,,,,,,,,,,
2026-09-30T23:01:00+00:00,HG=F,COMEX,commodity_future,6.626999855041504,6.626999855041504,6.625999927520752,6.625999927520752,0.0,,,,,,,,,,,
2026-09-30T23:01:00+00:00,JPY=X,FX,currency,157.4239959716797,157.4239959716797,157.41099548339844,157.41200256347656,0.0,,,,,,,,,,,
2026-09-30T23:01:00+00:00,KRW=X,FX,currency,1356.239990234375,1356.280029296875,1356.219970703125,1356.22998046875,0.0,,,,,,,,,,,
2026-09-30T23:01:00+00:00,QQQ,US,index_etf,741.7363,741.78,741.7363,741.78,0.0,,,,,,,,,,,
2026-09-30T23:01:35+00:00,HG=F,COMEX,commodity_future,6.625999927520752,6.625999927520752,6.625999927520752,6.625999927520752,0.0,,,,,,,,,,,
2026-09-30T23:02:00+00:00,BTC-USD,CRYPTO,crypto,83659.3,83697.9,83659.3,83697.7,1.10222215,,,,,,,81.0,,,,
2026-09-30T23:02:00+00:00,ETH-USD,CRYPTO,crypto,2687.85,2689.98,2687.85,2689.98,2.44162082,,,,,,,28.0,,,,
2026-09-30T23:02:00+00:00,EURUSD=X,FX,currency,1.1332728862762451,1.1332728862762451,1.1332728862762451,1.1332728862762451,0.0,,,,,,,,,,,
2026-09-30T23:02:00+00:00,GBPUSD=X,FX,currency,1.326400637626648,1.326400637626648,1.326400637626648,1.326400637626648,0.0,,,,,,,,,,,
2026-09-30T23:02:00+00:00,JPY=X,FX,currency,157.41200256347656,157.4250030517578,157.41099548339844,157.4239959716797,0.0,,,,,,,,,,,
2026-09-30T23:02:00+00:00,KRW=X,FX,currency,1356.219970703125,1356.280029296875,1356.219970703125,1356.260009765625,0.0,,,,,,,,,,,
2026-09-30T23:02:00+00:00,QQQ,US,index_etf,741.7799,741.79,741.75,741.7785,0.0,,,,,,,,,,,
2026-09-30T23:02:00+00:00,SPY,US,index_etf,764.63,764.64,764.63,764.64,0.0,,,,,,,,,,,
2026-09-30T23:03:00+00:00,BTC-USD,CRYPTO,crypto,83692.1,83723.5,83661.5,83695.9,0.29783332,,,,,,,92.0,,,,
2026-09-30T23:03:00+00:00,ETH-USD,CRYPTO,crypto,2689.69,2691.28,2688.39,2689.89,13.38256825,,,,,,,46.0,,,,
2026-09-30T23:03:00+00:00,EURUSD=X,FX,currency,1.1334012746810913,1.1334012746810913,1.1334012746810913,1.1334012746810913,0.0,,,,,,,,,,,
2026-09-30T23:03:00+00:00,GBPUSD=X,FX,currency,1.326207160949707,1.326207160949707,1.326207160949707,1.326207160949707,0.0,,,,,,,,,,,
2026-09-30T23:03:00+00:00,HG=F,COMEX,commodity_future,6.626500129699707,6.628499984741211,6.626500129699707,6.628499984741211,0.0,,,,,,,,,,,
2026-09-30T23:03:00+00:00,JPY=X,FX,currency,157.41200256347656,157.4340057373047,157.41200256347656,157.43299865722656,0.0,,,,,,,,,,,
2026-09-30T23:03:00+00:00,KRW=X,FX,currency,1356.22998046875,1356.27001953125,1356.219970703125,1356.219970703125,0.0,,,,,,,,,,,
2026-09-30T23:03:00+00:00,QQQ,US,index_etf,741.7765,741.9177,741.7557,741.86,0.0,,,,,,,,,,,
2026-09-30T23:03:00+00:00,SPY,US,index_etf,764.64,764.68,764.64,764.68,0.0,,,,,,,,,,,
2026-09-30T23:03:02+00:00,HG=F,COMEX,commodity_future,6.628499984741211,6.628499984741211,6.628499984741211,6.628499984741211,0.0,,,,,,,,,,,
2026-09-30T23:04:00+00:00,BTC-USD,CRYPTO,crypto,83695.9,83711.1,83673.0,83676.2,0.30668756,,,,,,,66.0,,,,
2026-09-30T23:04:00+00:00,ETH-USD,CRYPTO,crypto,2689.89,2690.26,2688.76,2688.81,8.36410765,,,,,,,39.0,,,,
2026-09-30T23:04:00+00:00,EURUSD=X,FX,currency,1.1332728862762451,1.1332728862762451,1.1332728862762451,1.1332728862762451,0.0,,,,,,,,,,,
2026-09-30T23:04:00+00:00,GBPUSD=X,FX,currency,1.326277494430542,1.326277494430542,1.326277494430542,1.326277494430542,0.0,,,,,,,,,,,
2026-09-30T23:04:00+00:00,HG=F,COMEX,commodity_future,6.629000186920166,6.629000186920166,6.629000186920166,6.629000186920166,0.0,,,,,,,,,,,
2026-09-30T23:04:00+00:00,JPY=X,FX,currency,157.42599487304688,157.4320068359375,157.41299438476562,157.41400146484375,0.0,,,,,,,,,,,
2026-09-30T23:04:00+00:00,KRW=X,FX,currency,1356.25,1356.25,1356.2099609375,1356.2099609375,0.0,,,,,,,,,,,
2026-09-30T23:04:00+00:00,QQQ,US,index_etf,741.8324,741.85,741.788,741.789,0.0,,,,,,,,,,,
2026-09-30T23:04:00+00:00,SPY,US,index_etf,764.71,764.71,764.71,764.71,0.0,,,,,,,,,,,
2026-09-30T23:04:11+00:00,KRW=X,FX,currency,1356.2099609375,1356.2099609375,1356.2099609375,1356.2099609375,0.0,,,,,,,,,,,
2026-09-30T23:04:35+00:00,HG=F,COMEX,commodity_future,6.629000186920166,6.629000186920166,6.629000186920166,6.629000186920166,0.0,,,,,,,,,,,
2026-09-30T23:05:00+00:00,BTC-USD,CRYPTO,crypto,83676.3,83695.4,83657.4,83657.4,0.41331719,,,,,,,80.0,,,,
2026-09-30T23:05:00+00:00,ETH-USD,CRYPTO,crypto,2688.84,2689.47,2687.74,2687.74,1.23505662,,,,,,,37.0,,,,
2026-09-30T23:05:00+00:00,EURUSD=X,FX,currency,1.1332728862762451,1.1332728862762451,1.1332728862762451,1.1332728862762451,0.0,,,,,,,,,,,
2026-09-30T23:05:00+00:00,GBPUSD=X,FX,currency,1.3262951374053955,1.3262951374053955,1.3262951374053955,1.3262951374053955,0.0,,,,,,,,,,,
2026-09-30T23:05:00+00:00,HG=F,COMEX,commodity_future,6.629000186920166,6.629000186920166,6.626999855041504,6.626999855041504,0.0,,,,,,,,,,,
2026-09-30T23:05:00+00:00,JPY=X,FX,currency,157.41400146484375,157.42599487304688,157.41299438476562,157.42599487304688,0.0,,,,,,,,,,,
2026-09-30T23:05:00+00:00,QQQ,US,index_etf,741.7585,741.7585,741.64,741.68,0.0,,,,,,,,,,,
2026-09-30T23:05:00+00:00,SPY,US,index_etf,764.63,764.63,764.63,764.63,0.0,,,,,,,,,,,
2026-09-30T23:05:02+00:00,HG=F,COMEX,commodity_future,6.626999855041504,6.626999855041504,6.626999855041504,6.626999855041504,0.0,,,,,,,,,,,
2026-09-30T23:05:02+00:00,SPY,US,index_etf,764.63,764.63,764.63,764.63,0.0,,,,,,,,,,,
2026-09-30T23:06:00+00:00,BTC-USD,CRYPTO,crypto,83657.3,83682.3,83639.3,83645.9,0.16466376,,,,,,,73.0,,,,
2026-09-30T23:06:00+00:00,ETH-USD,CRYPTO,crypto,2687.74,2688.41,2686.29,2686.8,7.95076004,,,,,,,54.0,,,,
2026-09-30T23:06:00+00:00,EURUSD=X,FX,currency,1.1332728862762451,1.1332728862762451,1.1332728862762451,1.1332728862762451,0.0,,,,,,,,,,,
2026-09-30T23:06:00+00:00,GBPUSD=X,FX,currency,1.3262951374053955,1.3262951374053955,1.3262951374053955,1.3262951374053955,0.0,,,,,,,,,,,
2026-09-30T23:06:00+00:00,HG=F,COMEX,commodity_future,6.626999855041504,6.626999855041504,6.626999855041504,6.626999855041504,0.0,,,,,,,,,,,
2026-09-30T23:06:00+00:00,JPY=X,FX,currency,157.4250030517578,157.427001953125,157.41400146484375,157.4219970703125,0.0,,,,,,,,,,,
2026-09-30T23:06:00+00:00,QQQ,US,index_etf,741.652,741.73,741.652,741.73,0.0,,,,,,,,,,,
2026-09-30T23:06:00+00:00,SPY,US,index_etf,764.6154,764.6154,764.6154,764.6154,0.0,,,,,,,,,,,
2026-09-30T23:06:04+00:00,SI=F,COMEX,commodity_future,60.65999984741211,60.65999984741211,60.65999984741211,60.65999984741211,0.0,,,,,,,,,,,
2026-09-30T23:06:58+00:00,HG=F,COMEX,commodity_future,6.626999855041504,6.626999855041504,6.626999855041504,6.626999855041504,0.0,,,,,,,,,,,
2026-09-30T23:07:00+00:00,BTC-USD,CRYPTO,crypto,83645.9,83660.0,83625.5,83630.9,0.20071057,,,,,,,84.0,,,,
2026-09-30T23:07:00+00:00,ETH-USD,CRYPTO,crypto,2686.22,2687.26,2685.75,2686.3,5.84170259,,,,,,,31.0,,,,
2026-09-30T23:07:00+00:00,EURUSD=X,FX,currency,1.1334012746810913,1.1334012746810913,1.1334012746810913,1.1334012746810913,0.0,,,,,,,,,,,
2026-09-30T23:07:00+00:00,GBPUSD=X,FX,currency,1.326277494430542,1.326277494430542,1.326277494430542,1.326277494430542,0.0,,,,,,,,,,,
2026-09-30T23:07:00+00:00,JPY=X,FX,currency,157.42300415039062,157.42799377441406,157.41400146484375,157.4250030517578,0.0,,,,,,,,,,,
2026-09-30T23:07:00+00:00,QQQ,US,index_etf,741.669,741.69,741.57,741.57,0.0,,,,,,,,,,,
2026-09-30T23:07:00+00:00,SI=F,COMEX,commodity_future,60.65499877929688,60.65499877929688,60.6349983215332,60.64500045776367,0.0,,,,,,,,,,,
2026-09-30T23:07:00+00:00,SPY,US,index_etf,764.5671,764.5671,764.5671,764.5671,0.0,,,,,,,,,,,
2026-09-30T23:07:13+00:00,SI=F,COMEX,commodity_future,60.650001525878906,60.650001525878906,60.650001525878906,60.650001525878906,0.0,,,,,,,,,,,
2026-09-30T23:08:00+00:00,BTC-USD,CRYPTO,crypto,83630.4,83630.4,83586.3,83599.2,0.85167088,,,,,,,110.0,,,,
2026-09-30T23:08:00+00:00,ETH-USD,CRYPTO,crypto,2685.97,2686.2,2683.97,2684.47,6.73463124,,,,,,,56.0,,,,
2026-09-30T23:08:00+00:00,EURUSD=X,FX,currency,1.1334012746810913,1.1334012746810913,1.1334012746810913,1.1334012746810913,0.0,,,,,,,,,,,
2026-09-30T23:08:00+00:00,GBPUSD=X,FX,currency,1.326259970664978,1.326259970664978,1.326259970664978,1.326259970664978,0.0,,,,,,,,,,,
2026-09-30T23:08:00+00:00,HG=F,COMEX,commodity_future,6.626999855041504,6.626999855041504,6.626999855041504,6.626999855041504,0.0,,,,,,,,,,,
2026-09-30T23:08:00+00:00,JPY=X,FX,currency,157.41700744628906,157.43499755859375,157.41400146484375,157.4149932861328,0.0,,,,,,,,,,,
2026-09-30T23:08:00+00:00,KRW=X,FX,currency,1356.2099609375,1356.81005859375,1356.2099609375,1356.219970703125,0.0,,,,,,,,,,,
2026-09-30T23:08:00+00:00,QQQ,US,index_etf,741.54,741.54,741.4,741.42,0.0,,,,,,,,,,,
2026-09-30T23:08:00+00:00,SI=F,COMEX,commodity_future,60.6349983215332,60.63999938964844,60.619998931884766,60.63999938964844,0.0,,,,,,,,,,,
2026-09-30T23:08:00+00:00,SPY,US,index_etf,764.548,764.548,764.548,764.548,0.0,,,,,,,,,,,
2026-09-30T23:08:29+00:00,SI=F,COMEX,commodity_future,60.6349983215332,60.6349983215332,60.6349983215332,60.6349983215332,0.0,,,,,,,,,,,
2026-09-30T23:08:47+00:00,SPY,US,index_etf,764.548,764.548,764.548,764.548,0.0,,,,,,,,,,,
2026-09-30T23:08:59+00:00,KRW=X,FX,currency,1356.219970703125,1356.219970703125,1356.219970703125,1356.219970703125,0.0,,,,,,,,,,,
2026-09-30T23:09:00+00:00,BTC-USD,CRYPTO,crypto,83599.1,83616.8,83588.4,83616.8,0.37834129,,,,,,,49.0,,,,
2026-09-30T23:09:00+00:00,CL=F,NYMEX,commodity_future,90.16000366210938,90.19000244140624,90.16000366210938,90.16000366210938,0.0,,,,,,,,,,,
2026-09-30T23:09:00+00:00,ETH-USD,CRYPTO,crypto,2684.24,2685.2,2684.16,2685.2,2.53836577,,,,,,,12.0,,,,
2026-09-30T23:09:00+00:00,EURUSD=X,FX,currency,1.1334012746810913,1.1334012746810913,1.1334012746810913,1.1334012746810913,0.0,,,,,,,,,,,
2026-09-30T23:09:00+00:00,GBPUSD=X,FX,currency,1.326330304145813,1.326330304145813,1.326330304145813,1.326330304145813,0.0,,,,,,,,,,,
2026-09-30T23:09:00+00:00,JPY=X,FX,currency,157.41600036621094,157.427001953125,157.3979949951172,157.3990020751953,0.0,,,,,,,,,,,
2026-09-30T23:09:00+00:00,QQQ,US,index_etf,741.44,741.4994,741.41,741.4899,0.0,,,,,,,,,,,
2026-09-30T23:09:00+00:00,SI=F,COMEX,commodity_future,60.65499877929688,60.65499877929688,60.64500045776367,60.64500045776367,0.0,,,,,,,,,,,
2026-09-30T23:09:00+00:00,SPY,US,index_etf,764.54,764.54,764.54,764.54,0.0,,,,,,,,,,,
2026-09-30T23:09:01+00:00,SI=F,COMEX,commodity_future,60.65499877929688,60.65499877929688,60.65499877929688,60.65499877929688,0.0,,,,,,,,,,,
2026-09-30T23:09:33+00:00,ES=F,CME,index_future,7733.5,7733.5,7733.5,7733.5,0.0,,,,,,,,,,,
2026-09-30T23:09:38+00:00,CL=F,NYMEX,commodity_future,90.18000030517578,90.18000030517578,90.18000030517578,90.18000030517578,0.0,,,,,,,,,,,
2026-09-30T23:09:44+00:00,NQ=F,CME,index_future,30763.75,30763.75,30763.75,30763.75,0.0,,,,,,,,,,,
2026-09-30T23:10:00+00:00,BTC-USD,CRYPTO,crypto,83619.9,83619.9,83599.1,83601.0,0.10374037,,,,,,,40.0,,,,
2026-09-30T23:10:00+00:00,CL=F,NYMEX,commodity_future,90.18000030517578,90.18000030517578,90.16000366210938,90.16999816894533,0.0,,,,,,,,,,,
2026-09-30T23:10:00+00:00,ES=F,CME,index_future,7733.75,7733.75,7733.75,7733.75,0.0,,,,,,,,,,,
2026-09-30T23:10:00+00:00,ETH-USD,CRYPTO,crypto,2685.06,2685.06,2684.68,2684.69,0.65072265,,,,,,,9.0,,,,
2026-09-30T23:10:00+00:00,EURUSD=X,FX,currency,1.1334012746810913,1.1334012746810913,1.1334012746810913,1.1334012746810913,0.0,,,,,,,,,,,
2026-09-30T23:10:00+00:00,GBPUSD=X,FX,currency,1.326277494430542,1.326277494430542,1.326277494430542,1.326277494430542,0.0,,,,,,,,,,,
2026-09-30T23:10:00+00:00,GC=F,COMEX,commodity_future,4183.2998046875,4183.60009765625,4183.2001953125,4183.2001953125,0.0,,,,,,,,,,,
2026-09-30T23:10:00+00:00,JPY=X,FX,currency,157.41000366210938,157.41000366210938,157.38900756835938,157.39100646972656,0.0,,,,,,,,,,,
2026-09-30T23:10:00+00:00,NQ=F,CME,index_future,30765.25,30765.25,30762.5,30763.0,0.0,,,,,,,,,,,
2026-09-30T23:10:00+00:00,QQQ,US,index_etf,741.48,741.5,741.4531,741.489,0.0,,,,,,,,,,,
2026-09-30T23:10:00+00:00,SI=F,COMEX,commodity_future,60.64500045776367,60.65499877929688,60.63999938964844,60.63999938964844,0.0,,,,,,,,,,,
2026-09-30T23:10:30+00:00,SI=F,COMEX,commodity_future,60.63999938964844,60.63999938964844,60.63999938964844,60.63999938964844,0.0,,,,,,,,,,,
2026-09-30T23:10:49+00:00,NQ=F,CME,index_future,30763.75,30763.75,30763.75,30763.75,0.0,,,,,,,,,,,
2026-09-30T23:10:55+00:00,ES=F,CME,index_future,7733.75,7733.75,7733.75,7733.75,0.0,,,,,,,,,,,
2026-09-30T23:10:56+00:00,CL=F,NYMEX,commodity_future,90.16999816894533,90.16999816894533,90.16999816894533,90.16999816894533,0.0,,,,,,,,,,,
2026-09-30T23:10:56+00:00,GC=F,COMEX,commodity_future,4183.2001953125,4183.2001953125,4183.2001953125,4183.2001953125,0.0,,,,,,,,,,,
2026-09-30T23:11:00+00:00,BTC-USD,CRYPTO,crypto,83599.9,83601.1,83582.8,83582.8,0.30283718,,,,,,,29.0,,,,
2026-09-30T23:11:00+00:00,ES=F,CME,index_future,7733.75,7733.75,7733.0,7733.5,81.0,,,,,,,,,,,
2026-09-30T23:11:00+00:00,ETH-USD,CRYPTO,crypto,2684.67,2685.27,2684.67,2685.07,8.6789022,,,,,,,31.0,,,,
2026-09-30T23:11:00+00:00,EURUSD=X,FX,currency,1.1334012746810913,1.1334012746810913,1.1334012746810913,1.1334012746810913,0.0,,,,,,,,,,,
2026-09-30T23:11:00+00:00,GBPUSD=X,FX,currency,1.326277494430542,1.326277494430542,1.326277494430542,1.326277494430542,0.0,,,,,,,,,,,
2026-09-30T23:11:00+00:00,GC=F,COMEX,commodity_future,4183.2001953125,4183.2001953125,4181.7998046875,4182.2998046875,83.0,,,,,,,,,,,
2026-09-30T23:11:00+00:00,HG=F,COMEX,commodity_future,6.625500202178955,6.626500129699707,6.625500202178955,6.626500129699707,0.0,,,,,,,,,,,
2026-09-30T23:11:00+00:00,JPY=X,FX,currency,157.39199829101562,157.41000366210938,157.39100646972656,157.40899658203125,0.0,,,,,,,,,,,
2026-09-30T23:11:00+00:00,NQ=F,CME,index_future,30763.5,30764.25,30760.0,30763.25,56.0,,,,,,,,,,,
2026-09-30T23:11:00+00:00,QQQ,US,index_etf,741.49,741.49,741.43,741.46,0.0,,,,,,,,,,,
2026-09-30T23:11:00+00:00,SI=F,COMEX,commodity_future,60.619998931884766,60.619998931884766,60.61000061035156,60.6150016784668,0.0,,,,,,,,,,,
2026-09-30T23:11:58+00:00,HG=F,COMEX,commodity_future,6.626500129699707,6.626500129699707,6.626500129699707,6.626500129699707,0.0,,,,,,,,,,,
2026-09-30T23:11:58+00:00,SI=F,COMEX,commodity_future,60.6150016784668,60.6150016784668,60.6150016784668,60.6150016784668,0.0,,,,,,,,,,,
2026-09-30T23:12:00+00:00,BTC-USD,CRYPTO,crypto,83581.8,83612.8,83581.7,83607.0,0.33035526,,,,,,,64.0,,,,
2026-09-30T23:12:00+00:00,CL=F,NYMEX,commodity_future,90.18000030517578,90.1999969482422,90.16999816894533,90.1999969482422,0.0,,,,,,,,,,,
2026-09-30T23:12:00+00:00,ES=F,CME,index_future,7733.5,7733.5,7732.5,7732.75,0.0,,,,,,,,,,,
2026-09-30T23:12:00+00:00,ETH-USD,CRYPTO,crypto,2684.42,2685.85,2684.42,2685.85,4.69039862,,,,,,,30.0,,,,
2026-09-30T23:12:00+00:00,EURUSD=X,FX,currency,1.1332728862762451,1.1332728862762451,1.1332728862762451,1.1332728862762451,0.0,,,,,,,,,,,
2026-09-30T23:12:00+00:00,GBPUSD=X,FX,currency,1.326277494430542,1.326277494430542,1.326277494430542,1.326277494430542,0.0,,,,,,,,,,,
2026-09-30T23:12:00+00:00,GC=F,COMEX,commodity_future,4182.39990234375,4182.7001953125,4182.0,4182.60009765625,0.0,,,,,,,,,,,
2026-09-30T23:12:00+00:00,JPY=X,FX,currency,157.39700317382812,157.41600036621094,157.39700317382812,157.4149932861328,0.0,,,,,,,,,,,
2026-09-30T23:12:00+00:00,KRW=X,FX,currency,1356.22998046875,1356.22998046875,1356.22998046875,1356.22998046875,0.0,,,,,,,,,,,
2026-09-30T23:12:00+00:00,NQ=F,CME,index_future,30763.25,30763.25,30754.25,30756.25,0.0,,,,,,,,,,,
2026-09-30T23:12:00+00:00,QQQ,US,index_etf,741.33,741.33,741.298,741.3,0.0,,,,,,,,,,,
2026-09-30T23:12:00+00:00,SI=F,COMEX,commodity_future,60.61000061035156,60.61000061035156,60.61000061035156,60.61000061035156,1.0,,,,,,,,,,,
2026-09-30T23:12:00+00:00,SPY,US,index_etf,764.5,764.5,764.5,764.5,0.0,,,,,,,,,,,
2026-09-30T23:12:06+00:00,GC=F,COMEX,commodity_future,4182.39990234375,4182.39990234375,4182.39990234375,4182.39990234375,0.0,,,,,,,,,,,
2026-09-30T23:12:09+00:00,ES=F,CME,index_future,7733.0,7733.0,7733.0,7733.0,0.0,,,,,,,,,,,
2026-09-30T23:12:11+00:00,NQ=F,CME,index_future,30758.75,30758.75,30758.75,30758.75,0.0,,,,,,,,,,,
2026-09-30T23:12:53+00:00,CL=F,NYMEX,commodity_future,90.1999969482422,90.1999969482422,90.1999969482422,90.1999969482422,0.0,,,,,,,,,,,
2026-09-30T23:12:56+00:00,GC=F,COMEX,commodity_future,4182.60009765625,4182.60009765625,4182.60009765625,4182.60009765625,0.0,,,,,,,,,,,
2026-09-30T23:13:00+00:00,BTC-USD,CRYPTO,crypto,83604.0,83652.8,83604.0,83652.8,0.51133017,,,,,,,85.0,,,,
2026-09-30T23:13:00+00:00,CL=F,NYMEX,commodity_future,90.1999969482422,90.1999969482422,90.19000244140624,90.1999969482422,6.0,,,,,,,,,,,
2026-09-30T23:13:00+00:00,ES=F,CME,index_future,7733.0,7733.75,7733.0,7733.5,0.0,,,,,,,,,,,
2026-09-30T23:13:00+00:00,ETH-USD,CRYPTO,crypto,2685.9,2687.28,2685.87,2687.28,4.48710419,,,,,,,31.0,,,,
2026-09-30T23:13:00+00:00,EURUSD=X,FX,currency,1.1334012746810913,1.1334012746810913,1.1334012746810913,1.1334012746810913,0.0,,,,,,,,,,,
2026-09-30T23:13:00+00:00,GBPUSD=X,FX,currency,1.326259970664978,1.326259970664978,1.326259970664978,1.326259970664978,0.0,,,,,,,,,,,
2026-09-30T23:13:00+00:00,GC=F,COMEX,commodity_future,4182.39990234375,4182.39990234375,4182.2001953125,4182.2001953125,5.0,,,,,,,,,,,
2026-09-30T23:13:00+00:00,HG=F,COMEX,commodity_future,6.626500129699707,6.626500129699707,6.626500129699707,6.626500129699707,0.0,,,,,,,,,,,
2026-09-30T23:13:00+00:00,JPY=X,FX,currency,157.41600036621094,157.41900634765625,157.38699340820312,157.39999389648438,0.0,,,,,,,,,,,
2026-09-30T23:13:00+00:00,KRW=X,FX,currency,1356.4200439453125,1357.56005859375,1356.4200439453125,1357.1700439453125,0.0,,,,,,,,,,,
2026-09-30T23:13:00+00:00,NQ=F,CME,index_future,30756.0,30761.5,30755.75,30760.0,0.0,,,,,,,,,,,
2026-09-30T23:13:00+00:00,QQQ,US,index_etf,741.308,741.41,741.308,741.41,0.0,,,,,,,,,,,
2026-09-30T23:13:00+00:00,SI=F,COMEX,commodity_future,60.625,60.625,60.625,60.625,0.0,,,,,,,,,,,
2026-09-30T23:13:00+00:00,SPY,US,index_etf,764.5,764.5,764.5,764.5,0.0,,,,,,,,,,,
2026-09-30T23:13:18+00:00,NQ=F,CME,index_future,30759.25,30759.25,30759.25,30759.25,0.0,,,,,,,,,,,
2026-09-30T23:13:21+00:00,ES=F,CME,index_future,7733.5,7733.5,7733.5,7733.5,0.0,,,,,,,,,,,
2026-09-30T23:13:49+00:00,HG=F,COMEX,commodity_future,6.626500129699707,6.626500129699707,6.626500129699707,6.626500129699707,0.0,,,,,,,,,,,
2026-09-30T23:14:00+00:00,BTC-USD,CRYPTO,crypto,83652.9,83677.1,83640.0,83640.1,0.37205608,,,,,,,103.0,,,,
2026-09-30T23:14:00+00:00,CL=F,NYMEX,commodity_future,90.1999969482422,90.1999969482422,90.18000030517578,90.18000030517578,0.0,,,,,,,,,,,
2026-09-30T23:14:00+00:00,ES=F,CME,index_future,7733.5,7733.75,7733.25,7733.75,0.0,,,,,,,,,,,
2026-09-30T23:14:00+00:00,ETH-USD,CRYPTO,crypto,2687.28,2688.04,2686.6,2686.61,21.70457143,,,,,,,68.0,,,,
2026-09-30T23:14:00+00:00,EURUSD=X,FX,currency,1.1334012746810913,1.1334012746810913,1.1334012746810913,1.1334012746810913,0.0,,,,,,,,,,,
2026-09-30T23:14:00+00:00,GBPUSD=X,FX,currency,1.3263126611709597,1.3263126611709597,1.3263126611709597,1.3263126611709597,0.0,,,,,,,,,,,
2026-09-30T23:14:00+00:00,GC=F,COMEX,commodity_future,4182.2998046875,4182.60009765625,4182.2001953125,4182.2998046875,0.0,,,,,,,,,,,
2026-09-30T23:14:00+00:00,JPY=X,FX,currency,157.38999938964844,157.4080047607422,157.38099670410156,157.38099670410156,0.0,,,,,,,,,,,
2026-09-30T23:14:00+00:00,KRW=X,FX,currency,1357.280029296875,1357.280029296875,1356.449951171875,1356.949951171875,0.0,,,,,,,,,,,
2026-09-30T23:14:00+00:00,NQ=F,CME,index_future,30759.5,30763.5,30759.0,30762.75,0.0,,,,,,,,,,,
2026-09-30T23:14:00+00:00,QQQ,US,index_etf,741.388,741.46,741.3406,741.46,0.0,,,,,,,,,,,
2026-09-30T23:14:00+00:00,SPY,US,index_etf,764.51,764.51,764.51,764.51,0.0,,,,,,,,,,,
2026-09-30T23:14:06+00:00,CL=F,NYMEX,commodity_future,90.18000030517578,90.18000030517578,90.18000030517578,90.18000030517578,0.0,,,,,,,,,,,
2026-09-30T23:14:27+00:00,GC=F,COMEX,commodity_future,4182.2998046875,4182.2998046875,4182.2998046875,4182.2998046875,0.0,,,,,,,,,,,
2026-09-30T23:14:30+00:00,NQ=F,CME,index_future,30759.0,30759.0,30759.0,30759.0,0.0,,,,,,,,,,,
2026-09-30T23:14:33+00:00,ES=F,CME,index_future,7733.5,7733.5,7733.5,7733.5,0.0,,,,,,,,,,,
2026-09-30T23:14:44+00:00,SPY,US,index_etf,764.51,764.51,764.51,764.51,0.0,,,,,,,,,,,
2026-09-30T23:15:00+00:00,BTC-USD,CRYPTO,crypto,83640.0,83654.2,83623.8,83625.2,0.4415362,,,,,,,102.0,,,,
2026-09-30T23:15:00+00:00,CL=F,NYMEX,commodity_future,90.16999816894533,90.18000030517578,90.1500015258789,90.16000366210938,0.0,,,,,,,,,,,
2026-09-30T23:15:00+00:00,ES=F,CME,index_future,7734.0,7735.75,7734.0,7735.25,0.0,,,,,,,,,,,
2026-09-30T23:15:00+00:00,ETH-USD,CRYPTO,crypto,2686.61,2687.44,2686.44,2686.44,4.46987892,,,,,,,18.0,,,,
2026-09-30T23:15:00+00:00,EURUSD=X,FX,currency,1.133529782295227,1.133529782295227,1.133529782295227,1.133529782295227,0.0,,,,,,,,,,,
2026-09-30T23:15:00+00:00,GBPUSD=X,FX,currency,1.326330304145813,1.326330304145813,1.326330304145813,1.326330304145813,0.0,,,,,,,,,,,
2026-09-30T23:15:00+00:00,GC=F,COMEX,commodity_future,4182.39990234375,4182.89990234375,4182.10009765625,4182.7998046875,0.0,,,,,,,,,,,
2026-09-30T23:15:00+00:00,HG=F,COMEX,commodity_future,6.626999855041504,6.626999855041504,6.626999855041504,6.626999855041504,0.0,,,,,,,,,,,
2026-09-30T23:15:00+00:00,JPY=X,FX,currency,157.38099670410156,157.3939971923828,157.375,157.38800048828125,0.0,,,,,,,,,,,
2026-09-30T23:15:00+00:00,KRW=X,FX,currency,1356.68994140625,1357.1600341796875,1356.469970703125,1356.5999755859375,0.0,,,,,,,,,,,
2026-09-30T23:15:00+00:00,NQ=F,CME,index_future,30763.0,30775.5,30762.0,30770.75,0.0,,,,,,,,,,,
2026-09-30T23:15:00+00:00,QQQ,US,index_etf,741.4276,741.7023,741.4108,741.7,0.0,,,,,,,,,,,
2026-09-30T23:15:00+00:00,SI=F,COMEX,commodity_future,60.630001068115234,60.630001068115234,60.630001068115234,60.630001068115234,1.0,,,,,,,,,,,
2026-09-30T23:15:00+00:00,SPY,US,index_etf,764.61,764.72,764.61,764.72,0.0,,,,,,,,,,,
2026-09-30T23:15:38+00:00,CL=F,NYMEX,commodity_future,90.18000030517578,90.18000030517578,90.18000030517578,90.18000030517578,0.0,,,,,,,,,,,
2026-09-30T23:15:41+00:00,ES=F,CME,index_future,7735.75,7735.75,7735.75,7735.75,0.0,,,,,,,,,,,
2026-09-30T23:15:42+00:00,GC=F,COMEX,commodity_future,4182.7998046875,4182.7998046875,4182.7998046875,4182.7998046875,0.0,,,,,,,,,,,
2026-09-30T23:15:44+00:00,NQ=F,CME,index_future,30774.5,30774.5,30774.5,30774.5,0.0,,,,,,,,,,,
2026-09-30T23:16:00+00:00,BTC-USD,CRYPTO,crypto,83622.9,83689.7,83609.0,83667.6,1.33129283,,,,,,,113.0,,,,
2026-09-30T23:16:00+00:00,CL=F,NYMEX,commodity_future,90.16000366210938,90.16999816894533,90.06999969482422,90.06999969482422,0.0,,,,,,,,,,,
2026-09-30T23:16:00+00:00,ES=F,CME,index_future,7735.25,7735.5,7734.5,7735.5,0.0,,,,,,,,,,,
2026-09-30T23:16:00+00:00,ETH-USD,CRYPTO,crypto,2686.43,2689.06,2685.68,2688.42,46.5978349,,,,,,,76.0,,,,
2026-09-30T23:16:00+00:00,EURUSD=X,FX,currency,1.1334012746810913,1.1334012746810913,1.1334012746810913,1.1334012746810913,0.0,,,,,,,,,,,
2026-09-30T23:16:00+00:00,GBPUSD=X,FX,currency,1.3264182806015017,1.3264182806015017,1.3264182806015017,1.3264182806015017,0.0,,,,,,,,,,,
2026-09-30T23:16:00+00:00,GC=F,COMEX,commodity_future,4182.89990234375,4182.89990234375,4182.60009765625,4182.7001953125,0.0,,,,,,,,,,,
2026-09-30T23:16:00+00:00,JPY=X,FX,currency,157.3780059814453,157.38900756835938,157.36500549316406,157.38400268554688,0.0,,,,,,,,,,,
2026-09-30T23:16:00+00:00,KRW=X,FX,currency,1356.6500244140625,1356.8399658203125,1356.5999755859375,1356.760009765625,0.0,,,,,,,,,,,
2026-09-30T23:16:00+00:00,NQ=F,CME,index_future,30770.5,30771.0,30766.0,30769.25,0.0,,,,,,,,,,,
2026-09-30T23:16:00+00:00,QQQ,US,index_etf,741.6082,741.6497,741.5189,741.5817,0.0,,,,,,,,,,,
2026-09-30T23:16:00+00:00,SI=F,COMEX,commodity_future,60.625,60.630001068115234,60.625,60.630001068115234,0.0,,,,,,,,,,,
2026-09-30T23:16:00+00:00,SPY,US,index_etf,764.65,764.65,764.65,764.65,0.0,,,,,,,,,,,
2026-09-30T23:16:13+00:00,KRW=X,FX,currency,1356.760009765625,1356.760009765625,1356.760009765625,1356.760009765625,0.0,,,,,,,,,,,
2026-09-30T23:16:22+00:00,SI=F,COMEX,commodity_future,60.630001068115234,60.630001068115234,60.630001068115234,60.630001068115234,0.0,,,,,,,,,,,
2026-09-30T23:16:54+00:00,CL=F,NYMEX,commodity_future,90.06999969482422,90.06999969482422,90.06999969482422,90.06999969482422,0.0,,,,,,,,,,,
2026-09-30T23:16:56+00:00,ES=F,CME,index_future,7735.5,7735.5,7735.5,7735.5,0.0,,,,,,,,,,,
2026-09-30T23:16:56+00:00,GC=F,COMEX,commodity_future,4182.7001953125,4182.7001953125,4182.7001953125,4182.7001953125,0.0,,,,,,,,,,,
2026-09-30T23:16:56+00:00,NQ=F,CME,index_future,30769.5,30769.5,30769.5,30769.5,0.0,,,,,,,,,,,
2026-09-30T23:17:00+00:00,BTC-USD,CRYPTO,crypto,83667.6,83689.8,83658.8,83677.5,0.43358184,,,,,,,50.0,,,,
2026-09-30T23:17:00+00:00,CL=F,NYMEX,commodity_future,90.06999969482422,90.06999969482422,90.04000091552734,90.05999755859375,12.0,,,,,,,,,,,
2026-09-30T23:17:00+00:00,ES=F,CME,index_future,7735.75,7736.0,7735.5,7735.5,128.0,,,,,,,,,,,
2026-09-30T23:17:00+00:00,ETH-USD,CRYPTO,crypto,2688.41,2688.41,2686.98,2686.98,3.21518801,,,,,,,19.0,,,,
2026-09-30T23:17:00+00:00,EURUSD=X,FX,currency,1.1334012746810913,1.1334012746810913,1.1334012746810913,1.1334012746810913,0.0,,,,,,,,,,,
2026-09-30T23:17:00+00:00,GBPUSD=X,FX,currency,1.326383113861084,1.326383113861084,1.326383113861084,1.326383113861084,0.0,,,,,,,,,,,
2026-09-30T23:17:00+00:00,GC=F,COMEX,commodity_future,4183.0,4183.2001953125,4182.7998046875,4183.0,14.0,,,,,,,,,,,
2026-09-30T23:17:00+00:00,JPY=X,FX,currency,157.3719940185547,157.38499450683594,157.3719940185547,157.38299560546875,0.0,,,,,,,,,,,
2026-09-30T23:17:00+00:00,NQ=F,CME,index_future,30770.0,30771.75,30767.25,30768.75,33.0,,,,,,,,,,,
2026-09-30T23:17:00+00:00,QQQ,US,index_etf,741.6297,741.6297,741.54,741.608,0.0,,,,,,,,,,,
2026-09-30T23:17:00+00:00,SI=F,COMEX,commodity_future,60.63999938964844,60.63999938964844,60.63999938964844,60.63999938964844,2.0,,,,,,,,,,,
2026-09-30T23:17:00+00:00,SPY,US,index_etf,764.73,764.73,764.73,764.73,0.0,,,,,,,,,,,
2026-09-30T23:18:00+00:00,BTC-USD,CRYPTO,crypto,83660.8,83677.4,83644.6,83655.7,0.29930577,,,,,,,54.0,,,,
2026-09-30T23:18:00+00:00,CL=F,NYMEX,commodity_future,90.06999969482422,90.08000183105467,90.05000305175781,90.06999969482422,0.0,,,,,,,,,,,
2026-09-30T23:18:00+00:00,ES=F,CME,index_future,7735.5,7736.75,7735.5,7736.5,0.0,,,,,,,,,,,
2026-09-30T23:18:00+00:00,ETH-USD,CRYPTO,crypto,2686.84,2688.01,2686.84,2687.76,1.26407111,,,,,,,17.0,,,,
2026-09-30T23:18:00+00:00,EURUSD=X,FX,currency,1.1334012746810913,1.1334012746810913,1.1334012746810913,1.1334012746810913,0.0,,,,,,,,,,,
2026-09-30T23:18:00+00:00,GBPUSD=X,FX,currency,1.326400637626648,1.326400637626648,1.326400637626648,1.326400637626648,0.0,,,,,,,,,,,
2026-09-30T23:18:00+00:00,GC=F,COMEX,commodity_future,4183.2001953125,4183.2001953125,4182.89990234375,4183.10009765625,0.0,,,,,,,,,,,
2026-09-30T23:18:00+00:00,HG=F,COMEX,commodity_future,6.626999855041504,6.626999855041504,6.626999855041504,6.626999855041504,0.0,,,,,,,,,,,
2026-09-30T23:18:00+00:00,JPY=X,FX,currency,157.37399291992188,157.39599609375,157.37100219726562,157.38600158691406,0.0,,,,,,,,,,,
2026-09-30T23:18:00+00:00,KRW=X,FX,currency,1356.8599853515625,1357.1099853515625,1356.530029296875,1356.530029296875,0.0,,,,,,,,,,,
2026-09-30T23:18:00+00:00,NQ=F,CME,index_future,30768.25,30778.25,30768.25,30774.0,0.0,,,,,,,,,,,
2026-09-30T23:18:00+00:00,QQQ,US,index_etf,741.618,741.7982,741.6001,741.7982,0.0,,,,,,,,,,,
2026-09-30T23:18:00+00:00,SI=F,COMEX,commodity_future,60.6349983215332,60.650001525878906,60.6349983215332,60.650001525878906,0.0,,,,,,,,,,,
2026-09-30T23:18:00+00:00,SPY,US,index_etf,764.73,764.82,764.73,764.82,0.0,,,,,,,,,,,
2026-09-30T23:18:02+00:00,HG=F,COMEX,commodity_future,6.626999855041504,6.626999855041504,6.626999855041504,6.626999855041504,0.0,,,,,,,,,,,
2026-09-30T23:18:05+00:00,GC=F,COMEX,commodity_future,4182.89990234375,4182.89990234375,4182.89990234375,4182.89990234375,0.0,,,,,,,,,,,
2026-09-30T23:18:08+00:00,CL=F,NYMEX,commodity_future,90.08000183105467,90.08000183105467,90.08000183105467,90.08000183105467,0.0,,,,,,,,,,,
2026-09-30T23:18:10+00:00,ES=F,CME,index_future,7735.5,7735.5,7735.5,7735.5,0.0,,,,,,,,,,,
2026-09-30T23:18:10+00:00,SI=F,COMEX,commodity_future,60.6349983215332,60.6349983215332,60.6349983215332,60.6349983215332,0.0,,,,,,,,,,,
2026-09-30T23:18:11+00:00,NQ=F,CME,index_future,30771.0,30771.0,30771.0,30771.0,0.0,,,,,,,,,,,
2026-09-30T23:19:00+00:00,BTC-USD,CRYPTO,crypto,83655.7,83675.7,83655.7,83675.0,0.366166,,,,,,,59.0,,,,
2026-09-30T23:19:00+00:00,CL=F,NYMEX,commodity_future,90.06999969482422,90.06999969482422,90.05999755859375,90.05999755859375,0.0,,,,,,,,,,,
2026-09-30T23:19:00+00:00,ES=F,CME,index_future,7736.5,7736.5,7735.75,7735.75,0.0,,,,,,,,,,,
2026-09-30T23:19:00+00:00,ETH-USD,CRYPTO,crypto,2688.1,2688.75,2687.92,2688.74,1.75105462,,,,,,,20.0,,,,
2026-09-30T23:19:00+00:00,EURUSD=X,FX,currency,1.1334012746810913,1.1334012746810913,1.1334012746810913,1.1334012746810913,0.0,,,,,,,,,,,
2026-09-30T23:19:00+00:00,GBPUSD=X,FX,currency,1.326400637626648,1.326400637626648,1.326400637626648,1.326400637626648,0.0,,,,,,,,,,,
2026-09-30T23:19:00+00:00,GC=F,COMEX,commodity_future,4183.0,4183.0,4183.0,4183.0,0.0,,,,,,,,,,,
2026-09-30T23:19:00+00:00,HG=F,COMEX,commodity_future,6.626500129699707,6.626500129699707,6.626500129699707,6.626500129699707,0.0,,,,,,,,,,,
2026-09-30T23:19:00+00:00,JPY=X,FX,currency,157.38600158691406,157.39700317382812,157.38600158691406,157.38699340820312,0.0,,,,,,,,,,,
2026-09-30T23:19:00+00:00,KRW=X,FX,currency,1356.6500244140625,1356.7099609375,1356.52001953125,1356.530029296875,0.0,,,,,,,,,,,
2026-09-30T23:19:00+00:00,NQ=F,CME,index_future,30775.0,30775.25,30772.0,30772.0,0.0,,,,,,,,,,,
2026-09-30T23:19:00+00:00,QQQ,US,index_etf,741.74,741.7562,741.6512,741.6512,0.0,,,,,,,,,,,
2026-09-30T23:19:00+00:00,SI=F,COMEX,commodity_future,60.64500045776367,60.64500045776367,60.64500045776367,60.64500045776367,0.0,,,,,,,,,,,
2026-09-30T23:19:00+00:00,SPY,US,index_etf,764.83,764.83,764.83,764.83,0.0,,,,,,,,,,,
2026-09-30T23:19:21+00:00,GC=F,COMEX,commodity_future,4183.0,4183.0,4183.0,4183.0,0.0,,,,,,,,,,,
2026-09-30T23:19:22+00:00,CL=F,NYMEX,commodity_future,90.05999755859375,90.05999755859375,90.05999755859375,90.05999755859375,0.0,,,,,,,,,,,
2026-09-30T23:19:22+00:00,NQ=F,CME,index_future,30773.25,30773.25,30773.25,30773.25,0.0,,,,,,,,,,,
2026-09-30T23:19:24+00:00,ES=F,CME,index_future,7736.25,7736.25,7736.25,7736.25,0.0,,,,,,,,,,,
2026-09-30T23:20:00+00:00,BTC-USD,CRYPTO,crypto,83675.1,83675.1,83660.0,83662.6,0.17609881,,,,,,,31.0,,,,
2026-09-30T23:20:00+00:00,CL=F,NYMEX,commodity_future,90.06999969482422,90.08999633789062,90.06999969482422,90.08000183105467,0.0,,,,,,,,,,,
2026-09-30T23:20:00+00:00,ES=F,CME,index_future,7736.0,7736.5,7735.75,7736.25,0.0,,,,,,,,,,,
2026-09-30T23:20:00+00:00,ETH-USD,CRYPTO,crypto,2688.74,2688.74,2687.94,2688.7,27.49406978,,,,,,,79.0,,,,
2026-09-30T23:20:00+00:00,EURUSD=X,FX,currency,1.133529782295227,1.133529782295227,1.133529782295227,1.133529782295227,0.0,,,,,,,,,,,
2026-09-30T23:20:00+00:00,GBPUSD=X,FX,currency,1.32650625705719,1.32650625705719,1.32650625705719,1.32650625705719,0.0,,,,,,,,,,,
2026-09-30T23:20:00+00:00,GC=F,COMEX,commodity_future,4183.0,4183.5,4182.60009765625,4183.5,0.0,,,,,,,,,,,
2026-09-30T23:20:00+00:00,JPY=X,FX,currency,157.38699340820312,157.4010009765625,157.38699340820312,157.38699340820312,0.0,,,,,,,,,,,
2026-09-30T23:20:00+00:00,KRW=X,FX,currency,1356.52001953125,1356.8800048828125,1356.489990234375,1356.8800048828125,0.0,,,,,,,,,,,
2026-09-30T23:20:00+00:00,NQ=F,CME,index_future,30771.75,30775.75,30771.5,30773.25,0.0,,,,,,,,,,,
2026-09-30T23:20:00+00:00,QQQ,US,index_etf,741.66,741.748,741.66,741.7,0.0,,,,,,,,,,,
2026-09-30T23:20:00+00:00,SPY,US,index_etf,764.819,764.819,764.819,764.819,0.0,,,,,,,,,,,
2026-09-30T23:20:23+00:00,GC=F,COMEX,commodity_future,4183.5,4183.5,4183.5,4183.5,0.0,,,,,,,,,,,
2026-09-30T23:20:33+00:00,CL=F,NYMEX,commodity_future,90.08999633789062,90.08999633789062,90.08999633789062,90.08999633789062,0.0,,,,,,,,,,,
2026-09-30T23:21:00+00:00,MSFT,US,equity,513.95,513.95,513.6299,513.85,0.0,,,,,,,,,,,
2026-09-30T23:21:00+00:00,NVDA,US,equity,229.5797,229.639,229.57,229.6292,0.0,,,,,,,,,,,
2026-09-30T23:21:00+00:00,AMZN,US,equity,249.4987,249.5,249.45,249.4512,0.0,,,,,,,,,,,
2026-09-30T23:21:00+00:00,GOOGL,US,equity,348.54,348.89,348.53,348.8,0.0,,,,,,,,,,,
2026-09-30T23:21:00+00:00,GOOG,US,equity,345.72,345.87,345.6,345.87,0.0,,,,,,,,,,,
2026-09-30T23:21:00+00:00,TSLA,US,equity,354.52,354.59,354.5,354.52,0.0,,,,,,,,,,,
2026-09-30T23:21:00+00:00,AVGO,US,equity,352.8226,352.89,352.5,352.82,0.0,,,,,,,,,,,
2026-09-30T23:21:00+00:00,NFLX,US,equity,69.86,69.88,69.86,69.88,0.0,,,,,,,,,,,
2026-09-30T23:21:00+00:00,INTC,US,equity,120.0799,120.133,119.97,120.04,0.0,,,,,,,,,,,
2026-09-30T23:21:00+00:00,QCOM,US,equity,184.1139,184.1139,184.1139,184.1139,0.0,,,,,,,,,,,
2026-09-30T23:21:00+00:00,MU,US,equity,1066.0,1066.38,1065.5,1066.3,0.0,,,,,,,,,,,
2026-09-30T23:20:48+00:00,KLAC,US,equity,195.0,195.0,195.0,195.0,0.0,,,,,,,,,,,
2026-09-30T23:21:00+00:00,LRCX,US,equity,330.86,330.86,330.86,330.86,0.0,,,,,,,,,,,
2026-09-30T23:21:02+00:00,ASML,US,equity,1817.3,1817.3,1817.3,1817.3,0.0,,,,,,,,,,,
2026-09-30T23:20:57+00:00,ISRG,US,equity,406.64,406.64,406.64,406.64,0.0,,,,,,,,,,,
2026-09-30T23:20:41+00:00,NXPI,US,equity,239.0,239.0,239.0,239.0,0.0,,,,,,,,,,,
2026-09-30T23:20:42+00:00,BAC,US,equity,54.46,54.46,54.46,54.46,0.0,,,,,,,,,,,
2026-09-30T23:21:00+00:00,QQQ,US,index_etf,741.7,741.96,741.7,741.9089,0.0,,,,,,,,,,,
2026-09-30T23:21:00+00:00,KRW=X,FX,currency,1357.8599853515625,1358.4200439453125,1357.8599853515625,1358.4200439453125,0.0,,,,,,,,,,,
2026-09-30T23:21:00+00:00,JPY=X,FX,currency,157.39599609375,157.41000366210938,157.38699340820312,157.39700317382812,0.0,,,,,,,,,,,
2026-09-30T23:21:00+00:00,BTC-USD,CRYPTO,crypto,83662.6,83775.3,83662.6,83698.4,8.80106037,,,,,,,179.0,,,,
2026-09-30T23:21:00+00:00,ETH-USD,CRYPTO,crypto,2688.69,2692.36,2688.59,2689.08,62.14269824,,,,,,,138.0,,,,
2026-09-30T23:21:00+00:00,012330.KS,KRX,equity,391500.0,392000.0,391500.0,391500.0,2377.0,391500.0,392000.0,,,,,97.0,,,,
2026-09-30T23:21:00+00:00,009150.KS,KRX,equity,1513000.0,1513000.0,1509000.0,1511000.0,1034.0,1510000.0,1511000.0,,,,,117.0,,,,
2026-09-30T23:21:00+00:00,052690.KS,KRX,equity,128900.0,129100.0,128900.0,129000.0,5294.0,128900.0,129000.0,,,,,159.0,,,,
2026-09-30T23:21:00+00:00,128940.KS,KRX,equity,497500.0,498500.0,497500.0,498000.0,15.0,498000.0,498500.0,,,,,4.0,,,,
2026-09-30T23:21:00+00:00,034020.KS,KRX,equity,84100.0,84100.0,84000.0,84100.0,29367.0,84000.0,84100.0,,,,,330.0,,,,
2026-09-30T23:21:00+00:00,005490.KS,KRX,equity,310000.0,310500.0,310000.0,310000.0,507.0,310000.0,310500.0,,,,,35.0,,,,
2026-09-30T23:21:00+00:00,005930.KS,KRX,equity,269500.0,269500.0,269000.0,269500.0,12328.0,269000.0,269500.0,,,,,382.0,,,,
2026-09-30T23:21:00+00:00,095610.KQ,KOSDAQ,equity,170400.0,170500.0,170400.0,170500.0,158.0,170400.0,170500.0,,,,,18.0,,,,
2026-09-30T23:21:00+00:00,000660.KS,KRX,equity,1776000.0,1778000.0,1776000.0,1777000.0,794.0,1777000.0,1778000.0,,,,,124.0,,,,
2026-09-30T23:21:00+00:00,000720.KS,KRX,equity,121200.0,121200.0,121100.0,121200.0,1202.0,121100.0,121200.0,,,,,50.0,,,,
2026-09-30T23:21:00+00:00,005380.KS,KRX,equity,351500.0,352000.0,351500.0,351500.0,3087.0,351500.0,352000.0,,,,,59.0,,,,
2026-09-30T23:21:00+00:00,010120.KS,KRX,equity,205000.0,206000.0,205000.0,205500.0,131.0,205500.0,206000.0,,,,,27.0,,,,
2026-09-30T23:21:00+00:00,042700.KS,KRX,equity,256500.0,257000.0,256500.0,256500.0,1253.0,256500.0,257000.0,,,,,61.0,,,,
2026-09-30T23:21:00+00:00,086790.KS,KRX,equity,130500.0,130700.0,130500.0,130700.0,30.0,130500.0,130700.0,,,,,3.0,,,,
2026-09-30T23:21:00+00:00,000150.KS,KRX,equity,1407000.0,1407000.0,1405000.0,1406000.0,122.0,1405000.0,1406000.0,,,,,33.0,,,,
2026-09-30T23:21:00+00:00,012450.KS,KRX,equity,1012000.0,1013000.0,1012000.0,1012000.0,26.0,1011000.0,1012000.0,,,,,7.0,,,,
2026-09-30T23:21:00+00:00,096770.KS,KRX,equity,149100.0,149200.0,149100.0,149200.0,345.0,149100.0,149200.0,,,,,18.0,,,,
2026-09-30T23:21:00+00:00,035420.KS,KRX,equity,193700.0,193800.0,193700.0,193800.0,531.0,193700.0,193800.0,,,,,23.0,,,,
2026-09-30T23:21:00+00:00,006400.KS,KRX,equity,514000.0,514000.0,513000.0,513000.0,179.0,513000.0,514000.0,,,,,21.0,,,,
2026-09-30T23:21:00+00:00,108490.KQ,KOSDAQ,equity,288500.0,288500.0,288000.0,288500.0,116.0,288000.0,288500.0,,,,,21.0,,,,
2026-09-30T23:21:00+00:00,010060.KS,KRX,equity,220500.0,220500.0,219500.0,219500.0,486.0,219500.0,220000.0,,,,,19.0,,,,
2026-09-30T23:21:00+00:00,058470.KQ,KOSDAQ,equity,74000.0,74000.0,73900.0,74000.0,280.0,73900.0,74000.0,,,,,17.0,,,,
2026-09-30T23:21:00+00:00,089970.KQ,KOSDAQ,equity,62300.0,62500.0,62300.0,62500.0,432.0,62400.0,62500.0,,,,,16.0,,,,
2026-09-30T23:21:00+00:00,103590.KS,KRX,equity,82200.0,82200.0,82100.0,82100.0,121.0,82000.0,82100.0,,,,,13.0,,,,
2026-09-30T23:21:00+00:00,272210.KS,KRX,equity,74900.0,75000.0,74900.0,75000.0,124.0,74900.0,75000.0,,,,,11.0,,,,
2026-09-30T23:21:00+00:00,007660.KS,KRX,equity,115500.0,115700.0,115400.0,115600.0,409.0,115500.0,115600.0,,,,,23.0,,,,
2026-09-30T23:21:00+00:00,000270.KS,KRX,equity,114000.0,114000.0,113900.0,113900.0,181.0,113900.0,114000.0,,,,,20.0,,,,
2026-09-30T23:21:00+00:00,042660.KS,KRX,equity,79300.0,79300.0,79200.0,79300.0,1358.0,79200.0,79300.0,,,,,34.0,,,,
2026-09-30T23:21:00+00:00,329180.KS,KRX,equity,435000.0,435000.0,434500.0,435000.0,52.0,434500.0,435000.0,,,,,11.0,,,,
2026-09-30T23:21:00+00:00,278470.KS,KRX,equity,367000.0,367500.0,367000.0,367500.0,19.0,367000.0,367500.0,,,,,5.0,,,,
2026-09-30T23:21:00+00:00,066570.KS,KRX,equity,213500.0,213500.0,213000.0,213500.0,1208.0,213000.0,213500.0,,,,,29.0,,,,
2026-09-30T23:21:00+00:00,222800.KQ,KOSDAQ,equity,150200.0,150200.0,149900.0,150100.0,881.0,150000.0,150100.0,,,,,27.0,,,,
2026-09-30T23:21:00+00:00,402340.KS,KRX,equity,1133000.0,1133000.0,1131000.0,1131000.0,211.0,1131000.0,1132000.0,,,,,20.0,,,,
2026-09-30T23:21:00+00:00,298040.KS,KRX,equity,2787000.0,2788000.0,2785000.0,2787000.0,18.0,2787000.0,2789000.0,,,,,8.0,,,,
2026-09-30T23:21:00+00:00,011070.KS,KRX,equity,562000.0,562000.0,562000.0,562000.0,22.0,561000.0,562000.0,,,,,12.0,,,,
2026-09-30T23:21:00+00:00,032830.KS,KRX,equity,283500.0,283500.0,283500.0,283500.0,15.0,282500.0,283500.0,,,,,6.0,,,,
2026-09-30T23:21:00+00:00,003670.KS,KRX,equity,179000.0,179100.0,179000.0,179100.0,32.0,179000.0,179200.0,,,,,9.0,,,,
2026-09-30T23:21:00+00:00,028260.KS,KRX,equity,341500.0,341500.0,341500.0,341500.0,81.0,341500.0,342000.0,,,,,4.0,,,,
2026-09-30T23:21:00+00:00,373220.KS,KRX,equity,356500.0,356500.0,356000.0,356500.0,28.0,356000.0,356500.0,,,,,7.0,,,,
2026-09-30T23:21:00+00:00,055550.KS,KRX,equity,106700.0,106700.0,106700.0,106700.0,128.0,106600.0,106700.0,,,,,8.0,,,,
2026-09-30T23:21:00+00:00,010950.KS,KRX,equity,161900.0,162000.0,161900.0,162000.0,76.0,162000.0,162100.0,,,,,5.0,,,,
2026-09-30T23:21:00+00:00,105560.KS,KRX,equity,169700.0,169700.0,169700.0,169700.0,68.0,169700.0,169800.0,,,,,10.0,,,,
2026-09-30T23:21:00+00:00,003230.KS,KRX,equity,1216000.0,1216000.0,1216000.0,1216000.0,4.0,1216000.0,1217000.0,,,,,3.0,,,,
2026-09-30T23:22:00+00:00,BTC-USD,CRYPTO,crypto,83696.2,83696.2,83682.9,83682.9,0.59812225,,,,,,,35.0,,,,
2026-09-30T23:22:00+00:00,ETH-USD,CRYPTO,crypto,2688.93,2688.93,2688.49,2688.69,8.77626896,,,,,,,15.0,,,,
2026-09-30T23:22:00+00:00,034020.KS,KRX,equity,84100.0,84200.0,84000.0,84100.0,19775.0,84000.0,84100.0,,,,,344.0,,,,
2026-09-30T23:22:00+00:00,010060.KS,KRX,equity,219500.0,220000.0,219500.0,220000.0,211.0,219500.0,220000.0,,,,,21.0,,,,
2026-09-30T23:22:00+00:00,272210.KS,KRX,equity,75000.0,75100.0,75000.0,75100.0,450.0,75000.0,75100.0,,,,,15.0,,,,
2026-09-30T23:22:00+00:00,007660.KS,KRX,equity,115600.0,115700.0,115600.0,115600.0,370.0,115600.0,115700.0,,,,,24.0,,,,
2026-09-30T23:22:00+00:00,000660.KS,KRX,equity,1778000.0,1778000.0,1776000.0,1776000.0,1007.0,1776000.0,1777000.0,,,,,133.0,,,,
2026-09-30T23:22:00+00:00,005930.KS,KRX,equity,269500.0,269500.0,269000.0,269500.0,5072.0,269000.0,269500.0,,,,,312.0,,,,
2026-09-30T23:22:00+00:00,012330.KS,KRX,equity,391500.0,392000.0,391000.0,391000.0,476.0,391000.0,391500.0,,,,,70.0,,,,
2026-09-30T23:22:00+00:00,105560.KS,KRX,equity,169700.0,169800.0,169700.0,169800.0,72.0,169700.0,169800.0,,,,,5.0,,,,
2026-09-30T23:22:00+00:00,402340.KS,KRX,equity,1132000.0,1132000.0,1131000.0,1132000.0,61.0,1131000.0,1132000.0,,,,,23.0,,,,
2026-09-30T23:22:00+00:00,000720.KS,KRX,equity,121200.0,121300.0,121100.0,121300.0,2473.0,121200.0,121300.0,,,,,44.0,,,,
2026-09-30T23:22:00+00:00,012450.KS,KRX,equity,1011000.0,1013000.0,1011000.0,1013000.0,62.0,1012000.0,1013000.0,,,,,16.0,,,,
2026-09-30T23:22:00+00:00,035420.KS,KRX,equity,193800.0,193900.0,193800.0,193900.0,383.0,193800.0,193900.0,,,,,29.0,,,,
2026-09-30T23:22:00+00:00,005380.KS,KRX,equity,351500.0,352000.0,351500.0,351500.0,436.0,351500.0,352000.0,,,,,69.0,,,,
2026-09-30T23:22:00+00:00,052690.KS,KRX,equity,129000.0,129100.0,128800.0,128900.0,8090.0,128800.0,128900.0,,,,,144.0,,,,
2026-09-30T23:22:00+00:00,005490.KS,KRX,equity,310000.0,310500.0,310000.0,310500.0,249.0,310000.0,310500.0,,,,,25.0,,,,
2026-09-30T23:22:00+00:00,095610.KQ,KOSDAQ,equity,170500.0,170800.0,170500.0,170800.0,374.0,170700.0,170800.0,,,,,20.0,,,,
2026-09-30T23:22:00+00:00,000270.KS,KRX,equity,113900.0,114000.0,113900.0,113900.0,323.0,113900.0,114000.0,,,,,16.0,,,,
2026-09-30T23:22:00+00:00,096770.KS,KRX,equity,149200.0,149200.0,149000.0,149000.0,541.0,149000.0,149100.0,,,,,20.0,,,,
2026-09-30T23:22:00+00:00,009150.KS,KRX,equity,1510000.0,1510000.0,1509000.0,1510000.0,364.0,1509000.0,1510000.0,,,,,51.0,,,,
2026-09-30T23:22:00+00:00,089970.KQ,KOSDAQ,equity,62400.0,62400.0,62300.0,62400.0,380.0,62300.0,62400.0,,,,,22.0,,,,
2026-09-30T23:22:00+00:00,042700.KS,KRX,equity,256500.0,257000.0,256000.0,257000.0,1184.0,256500.0,257000.0,,,,,50.0,,,,
2026-09-30T23:22:00+00:00,066570.KS,KRX,equity,213500.0,213500.0,213500.0,213500.0,409.0,213000.0,213500.0,,,,,42.0,,,,
2026-09-30T23:22:00+00:00,222800.KQ,KOSDAQ,equity,150100.0,150100.0,149900.0,149900.0,112.0,149900.0,150100.0,,,,,18.0,,,,
2026-09-30T23:22:00+00:00,006400.KS,KRX,equity,513000.0,513000.0,513000.0,513000.0,140.0,513000.0,514000.0,,,,,19.0,,,,
2026-09-30T23:22:00+00:00,000150.KS,KRX,equity,1406000.0,1407000.0,1405000.0,1405000.0,185.0,1405000.0,1406000.0,,,,,41.0,,,,
2026-09-30T23:22:00+00:00,042660.KS,KRX,equity,79300.0,79300.0,79200.0,79300.0,1921.0,79200.0,79300.0,,,,,31.0,,,,
2026-09-30T23:22:00+00:00,010950.KS,KRX,equity,162000.0,162200.0,162000.0,162200.0,44.0,162000.0,162200.0,,,,,4.0,,,,
2026-09-30T23:22:00+00:00,103590.KS,KRX,equity,82100.0,82200.0,82000.0,82200.0,397.0,82200.0,82300.0,,,,,15.0,,,,
2026-09-30T23:22:00+00:00,010120.KS,KRX,equity,205500.0,206000.0,205500.0,206000.0,474.0,205500.0,206000.0,,,,,18.0,,,,
2026-09-30T23:22:00+00:00,108490.KQ,KOSDAQ,equity,288500.0,289000.0,288000.0,289000.0,211.0,288500.0,289000.0,,,,,23.0,,,,
2026-09-30T23:22:00+00:00,373220.KS,KRX,equity,356500.0,357000.0,356500.0,357000.0,76.0,356500.0,357000.0,,,,,6.0,,,,
2026-09-30T23:22:00+00:00,003670.KS,KRX,equity,179200.0,179200.0,179200.0,179200.0,63.0,179000.0,179300.0,,,,,3.0,,,,
2026-09-30T23:22:00+00:00,058470.KQ,KOSDAQ,equity,74000.0,74000.0,73900.0,74000.0,627.0,73900.0,74000.0,,,,,20.0,,,,
2026-09-30T23:22:00+00:00,011070.KS,KRX,equity,562000.0,562000.0,561000.0,562000.0,41.0,562000.0,563000.0,,,,,12.0,,,,
2026-09-30T23:21:00+00:00,AAPL,US,equity,333.65,333.75,333.65,333.7012,0.0,,,,,,,,,,,
2026-09-30T23:22:00+00:00,AAPL,US,equity,333.79,333.8,333.79,333.79,0.0,,,,,,,,,,,
2026-09-30T23:22:00+00:00,MSFT,US,equity,513.5955,514.0,513.5955,513.89,0.0,,,,,,,,,,,
2026-09-30T23:22:00+00:00,NVDA,US,equity,229.6292,229.68,229.61,229.6787,0.0,,,,,,,,,,,
2026-09-30T23:22:00+00:00,AMZN,US,equity,249.49,249.5,249.48,249.5,0.0,,,,,,,,,,,
2026-09-30T23:22:00+00:00,GOOGL,US,equity,348.9,349.0,348.7906,348.911,0.0,,,,,,,,,,,
2026-09-30T23:22:00+00:00,GOOG,US,equity,345.9981,346.08,345.93,346.0,0.0,,,,,,,,,,,
2026-09-30T23:22:00+00:00,TSLA,US,equity,354.59,354.59,354.53,354.55,0.0,,,,,,,,,,,
2026-09-30T23:22:00+00:00,AVGO,US,equity,352.5001,352.88,352.5001,352.82,0.0,,,,,,,,,,,
2026-09-30T23:22:00+00:00,COST,US,equity,912.0,912.0,912.0,912.0,0.0,,,,,,,,,,,
2026-09-30T23:22:00+00:00,NFLX,US,equity,69.88,69.88,69.8377,69.86,0.0,,,,,,,,,,,
2026-09-30T23:21:00+00:00,AMD,US,equity,612.2437,612.25,612.0387,612.0387,0.0,,,,,,,,,,,
2026-09-30T23:22:00+00:00,AMD,US,equity,612.25,612.3,612.0759,612.3,0.0,,,,,,,,,,,
2026-09-30T23:22:00+00:00,INTC,US,equity,120.15,120.15,120.0,120.0,0.0,,,,,,,,,,,
2026-09-30T23:22:07+00:00,QCOM,US,equity,183.9,183.9,183.9,183.9,0.0,,,,,,,,,,,
2026-09-30T23:21:27+00:00,ADBE,US,equity,240.0,240.0,240.0,240.0,0.0,,,,,,,,,,,
2026-09-30T23:21:00+00:00,AMAT,US,equity,513.2,513.2,513.2,513.2,0.0,,,,,,,,,,,
2026-09-30T23:22:00+00:00,MU,US,equity,1066.321,1066.38,1066.0,1066.37,0.0,,,,,,,,,,,
2026-09-30T23:21:00+00:00,ASML,US,equity,1817.3,1817.3,1817.3,1817.3,0.0,,,,,,,,,,,
2026-09-30T23:21:00+00:00,BKNG,US,equity,163.4,163.4,163.4,163.4,0.0,,,,,,,,,,,
2026-09-30T23:21:17+00:00,INTU,US,equity,275.56,275.56,275.56,275.56,0.0,,,,,,,,,,,
2026-09-30T23:22:17+00:00,GILD,US,equity,149.58,149.58,149.58,149.58,0.0,,,,,,,,,,,
2026-09-30T23:21:00+00:00,PYPL,US,equity,52.63,52.68,52.61,52.68,0.0,,,,,,,,,,,
2026-09-30T23:22:00+00:00,PYPL,US,equity,52.66,52.68,52.62,52.62,0.0,,,,,,,,,,,
2026-09-30T23:21:00+00:00,PANW,US,equity,398.2,398.32,398.2,398.32,0.0,,,,,,,,,,,
2026-09-30T23:22:00+00:00,PEP,US,equity,127.0,127.0,126.99,126.99,0.0,,,,,,,,,,,
2026-09-30T23:21:33+00:00,ORLY,US,equity,85.65,85.65,85.65,85.65,0.0,,,,,,,,,,,
2026-09-30T23:21:00+00:00,WMT,US,equity,104.88,104.9,104.8025,104.9,0.0,,,,,,,,,,,
2026-09-30T23:21:00+00:00,SPY,US,index_etf,764.8,764.92,764.8,764.92,0.0,,,,,,,,,,,
2026-09-30T23:22:00+00:00,SPY,US,index_etf,764.95,764.95,764.95,764.95,0.0,,,,,,,,,,,
2026-09-30T23:22:00+00:00,QQQ,US,index_etf,742.0,742.0992,742.0,742.044,0.0,,,,,,,,,,,
2026-09-30T23:21:00+00:00,EURUSD=X,FX,currency,1.133529782295227,1.133529782295227,1.133529782295227,1.133529782295227,0.0,,,,,,,,,,,
2026-09-30T23:22:00+00:00,KRW=X,FX,currency,1358.4300537109375,1358.449951171875,1358.030029296875,1358.449951171875,0.0,,,,,,,,,,,
2026-09-30T23:22:00+00:00,JPY=X,FX,currency,157.40899658203125,157.41000366210938,157.39700317382812,157.40199279785156,0.0,,,,,,,,,,,
2026-09-30T23:21:00+00:00,GBPUSD=X,FX,currency,1.3265942335128784,1.3265942335128784,1.3265942335128784,1.3265942335128784,0.0,,,,,,,,,,,
2026-09-30T23:22:00+00:00,055550.KS,KRX,equity,106700.0,106700.0,106700.0,106700.0,25.0,106700.0,106800.0,,,,,5.0,,,,
2026-09-30T23:22:00+00:00,003230.KS,KRX,equity,1216000.0,1216000.0,1216000.0,1216000.0,44.0,1216000.0,1217000.0,,,,,1.0,,,,
2026-09-30T23:22:00+00:00,329180.KS,KRX,equity,435000.0,435000.0,434500.0,434500.0,139.0,434500.0,435000.0,,,,,10.0,,,,
2026-09-30T23:22:00+00:00,278470.KS,KRX,equity,367000.0,367500.0,367000.0,367000.0,265.0,366500.0,367000.0,,,,,9.0,,,,
2026-09-30T23:22:00+00:00,028260.KS,KRX,equity,342000.0,342000.0,342000.0,342000.0,25.0,342000.0,342500.0,,,,,9.0,,,,
2026-09-30T23:23:00+00:00,BTC-USD,CRYPTO,crypto,83682.9,83717.3,83682.1,83706.2,0.49088293,,,,,,,57.0,,,,
2026-09-30T23:23:00+00:00,ETH-USD,CRYPTO,crypto,2688.69,2689.94,2688.43,2689.94,7.63413988,,,,,,,36.0,,,,
2026-09-30T23:22:00+00:00,128940.KS,KRX,equity,498000.0,498000.0,498000.0,498000.0,2.0,497500.0,498500.0,,,,,1.0,,,,
2026-09-30T23:22:00+00:00,086790.KS,KRX,equity,130600.0,130700.0,130600.0,130600.0,15.0,130600.0,130700.0,,,,,4.0,,,,
2026-09-30T23:22:00+00:00,032830.KS,KRX,equity,283000.0,283500.0,283000.0,283000.0,144.0,283000.0,283500.0,,,,,6.0,,,,
2026-09-30T23:21:00+00:00,034730.KS,KRX,equity,586000.0,587000.0,586000.0,587000.0,11.0,586000.0,587000.0,,,,,3.0,,,,
2026-09-30T23:22:00+00:00,298040.KS,KRX,equity,2788000.0,2788000.0,2787000.0,2787000.0,12.0,2787000.0,2788000.0,,,,,5.0,,,,
2026-09-30T23:23:00+00:00,011070.KS,KRX,equity,562000.0,563000.0,562000.0,563000.0,64.0,561000.0,563000.0,,,,,13.0,,,,
2026-09-30T23:23:00+00:00,000720.KS,KRX,equity,121300.0,121500.0,121200.0,121500.0,6148.0,121400.0,121500.0,,,,,60.0,,,,
2026-09-30T23:23:00+00:00,009150.KS,KRX,equity,1509000.0,1510000.0,1508000.0,1508000.0,440.0,1508000.0,1509000.0,,,,,52.0,,,,
2026-09-30T23:23:00+00:00,005930.KS,KRX,equity,269500.0,269500.0,269000.0,269500.0,5125.0,269000.0,269500.0,,,,,290.0,,,,
2026-09-30T23:23:00+00:00,103590.KS,KRX,equity,82300.0,82300.0,82200.0,82300.0,203.0,82200.0,82300.0,,,,,15.0,,,,
2026-09-30T23:23:00+00:00,095610.KQ,KOSDAQ,equity,170800.0,170800.0,170700.0,170700.0,225.0,170700.0,170800.0,,,,,18.0,,,,
2026-09-30T23:23:00+00:00,055550.KS,KRX,equity,106700.0,106700.0,106700.0,106700.0,8.0,106700.0,106800.0,,,,,3.0,,,,
2026-09-30T23:23:00+00:00,052690.KS,KRX,equity,128900.0,128900.0,128600.0,128600.0,2545.0,128600.0,128700.0,,,,,129.0,,,,
2026-09-30T23:23:00+00:00,000660.KS,KRX,equity,1777000.0,1777000.0,1775000.0,1776000.0,4464.0,1776000.0,1777000.0,,,,,144.0,,,,
2026-09-30T23:23:00+00:00,402340.KS,KRX,equity,1132000.0,1132000.0,1131000.0,1132000.0,180.0,1132000.0,1133000.0,,,,,23.0,,,,
2026-09-30T23:23:00+00:00,066570.KS,KRX,equity,213500.0,213500.0,213000.0,213500.0,545.0,213000.0,213500.0,,,,,27.0,,,,
2026-09-30T23:23:00+00:00,007660.KS,KRX,equity,115600.0,115700.0,115500.0,115500.0,494.0,115500.0,115600.0,,,,,27.0,,,,
2026-09-30T23:23:00+00:00,006400.KS,KRX,equity,513000.0,514000.0,513000.0,513000.0,176.0,513000.0,514000.0,,,,,18.0,,,,
2026-09-30T23:23:00+00:00,042700.KS,KRX,equity,257000.0,257000.0,256500.0,257000.0,907.0,256500.0,257000.0,,,,,49.0,,,,
2026-09-30T23:23:00+00:00,010120.KS,KRX,equity,206000.0,206000.0,205500.0,205500.0,392.0,205500.0,206000.0,,,,,15.0,,,,
2026-09-30T23:23:00+00:00,034020.KS,KRX,equity,84100.0,84200.0,84000.0,84100.0,14419.0,84000.0,84100.0,,,,,291.0,,,,
2026-09-30T23:23:00+00:00,005380.KS,KRX,equity,351500.0,352000.0,351500.0,352000.0,830.0,351500.0,352000.0,,,,,73.0,,,,
2026-09-30T23:23:00+00:00,108490.KQ,KOSDAQ,equity,288500.0,289000.0,288500.0,289000.0,295.0,289000.0,289500.0,,,,,26.0,,,,
2026-09-30T23:23:00+00:00,000150.KS,KRX,equity,1406000.0,1406000.0,1405000.0,1405000.0,89.0,1405000.0,1406000.0,,,,,23.0,,,,
2026-09-30T23:23:00+00:00,035420.KS,KRX,equity,193900.0,193900.0,193800.0,193900.0,194.0,193800.0,193900.0,,,,,23.0,,,,
2026-09-30T23:23:00+00:00,000270.KS,KRX,equity,113900.0,114000.0,113900.0,114000.0,64.0,113900.0,114000.0,,,,,12.0,,,,
2026-09-30T23:23:00+00:00,373220.KS,KRX,equity,357000.0,357000.0,357000.0,357000.0,24.0,356500.0,357000.0,,,,,7.0,,,,
2026-09-30T23:23:00+00:00,096770.KS,KRX,equity,149000.0,149000.0,149000.0,149000.0,329.0,149000.0,149100.0,,,,,14.0,,,,
2026-09-30T23:23:00+00:00,005490.KS,KRX,equity,310500.0,310500.0,310000.0,310500.0,237.0,310000.0,310500.0,,,,,30.0,,,,
2026-09-30T23:23:00+00:00,012330.KS,KRX,equity,391000.0,392000.0,391000.0,391000.0,1478.0,391000.0,391500.0,,,,,66.0,,,,
2026-09-30T23:23:00+00:00,272210.KS,KRX,equity,75000.0,75100.0,75000.0,75000.0,196.0,75000.0,75100.0,,,,,13.0,,,,
2026-09-30T23:23:00+00:00,010060.KS,KRX,equity,219500.0,220000.0,219500.0,219500.0,62.0,219500.0,220000.0,,,,,18.0,,,,
2026-09-30T23:23:00+00:00,058470.KQ,KOSDAQ,equity,74000.0,74100.0,73900.0,74100.0,425.0,74000.0,74100.0,,,,,18.0,,,,
2026-09-30T23:23:00+00:00,222800.KQ,KOSDAQ,equity,150000.0,150100.0,149900.0,149900.0,168.0,149900.0,150000.0,,,,,5.0,,,,
2026-09-30T23:23:00+00:00,042660.KS,KRX,equity,79200.0,79300.0,79200.0,79200.0,174.0,79200.0,79300.0,,,,,12.0,,,,
2026-09-30T23:23:00+00:00,105560.KS,KRX,equity,169800.0,169800.0,169800.0,169800.0,66.0,169700.0,169800.0,,,,,11.0,,,,
2026-09-30T23:23:00+00:00,329180.KS,KRX,equity,434500.0,435000.0,434000.0,434500.0,187.0,434000.0,435000.0,,,,,9.0,,,,
2026-09-30T23:23:00+00:00,012450.KS,KRX,equity,1013000.0,1013000.0,1013000.0,1013000.0,50.0,1013000.0,1014000.0,,,,,7.0,,,,
2026-09-30T23:23:00+00:00,003230.KS,KRX,equity,1216000.0,1216000.0,1216000.0,1216000.0,12.0,1216000.0,1217000.0,,,,,3.0,,,,
2026-09-30T23:23:00+00:00,128940.KS,KRX,equity,498500.0,498500.0,498500.0,498500.0,10.0,498000.0,499000.0,,,,,3.0,,,,
2026-09-30T23:23:00+00:00,298040.KS,KRX,equity,2788000.0,2788000.0,2788000.0,2788000.0,4.0,2788000.0,2789000.0,,,,,2.0,,,,
2026-09-30T23:23:00+00:00,028260.KS,KRX,equity,342000.0,342500.0,342000.0,342500.0,18.0,342000.0,342500.0,,,,,3.0,,,,
2026-09-30T23:23:00+00:00,032830.KS,KRX,equity,283500.0,283500.0,283500.0,283500.0,2.0,283000.0,283500.0,,,,,1.0,,,,
2026-09-30T23:23:00+00:00,003670.KS,KRX,equity,179200.0,179300.0,178900.0,178900.0,378.0,178900.0,179300.0,,,,,12.0,,,,
2026-09-30T23:23:00+00:00,034730.KS,KRX,equity,587000.0,587000.0,587000.0,587000.0,1.0,586000.0,587000.0,,,,,1.0,,,,
2026-09-30T23:23:00+00:00,AAPL,US,equity,333.8,333.8462,333.7,333.8,0.0,,,,,,,,,,,
2026-09-30T23:23:00+00:00,MSFT,US,equity,513.8451,513.8451,513.8451,513.8451,0.0,,,,,,,,,,,
2026-09-30T23:23:00+00:00,NVDA,US,equity,229.6787,229.68,229.63,229.6787,0.0,,,,,,,,,,,
2026-09-30T23:23:00+00:00,AMZN,US,equity,249.5,249.5,249.48,249.49,0.0,,,,,,,,,,,
2026-09-30T23:23:00+00:00,GOOGL,US,equity,349.0,349.05,348.8842,348.8842,0.0,,,,,,,,,,,
2026-09-30T23:23:00+00:00,GOOG,US,equity,346.08,346.2,346.0213,346.0914,0.0,,,,,,,,,,,
2026-09-30T23:23:00+00:00,TSLA,US,equity,354.5025,354.6,354.5025,354.55,0.0,,,,,,,,,,,
2026-09-30T23:23:00+00:00,AVGO,US,equity,352.5001,352.87,352.5001,352.5833,0.0,,,,,,,,,,,
2026-09-30T23:23:00+00:00,COST,US,equity,912.0,912.0,912.0,912.0,0.0,,,,,,,,,,,
2026-09-30T23:23:00+00:00,NFLX,US,equity,69.86,69.88,69.802,69.802,0.0,,,,,,,,,,,
2026-09-30T23:23:00+00:00,AMD,US,equity,612.1392,612.4888,612.1392,612.4,0.0,,,,,,,,,,,
2026-09-30T23:23:00+00:00,INTC,US,equity,120.1204,120.15,120.0,120.05,0.0,,,,,,,,,,,
2026-09-30T23:22:00+00:00,QCOM,US,equity,183.9,183.9,183.9,183.9,0.0,,,,,,,,,,,
2026-09-30T23:23:00+00:00,QCOM,US,equity,184.0,184.0,184.0,184.0,0.0,,,,,,,,,,,
2026-09-30T23:23:18+00:00,CSCO,US,equity,107.62,107.62,107.62,107.62,0.0,,,,,,,,,,,
2026-09-30T23:21:00+00:00,ADBE,US,equity,240.0,240.0,240.0,240.0,0.0,,,,,,,,,,,
2026-09-30T23:22:00+00:00,AMAT,US,equity,513.7211,513.7211,513.7211,513.7211,0.0,,,,,,,,,,,
2026-09-30T23:23:00+00:00,MU,US,equity,1066.3607,1066.3607,1065.85,1065.8501,0.0,,,,,,,,,,,
2026-09-30T23:23:00+00:00,ASML,US,equity,1818.6757,1818.6757,1818.6757,1818.6757,0.0,,,,,,,,,,,
2026-09-30T23:22:46+00:00,BKNG,US,equity,163.69,163.69,163.69,163.69,0.0,,,,,,,,,,,
2026-09-30T23:23:00+00:00,PYPL,US,equity,52.69,52.69,52.69,52.69,0.0,,,,,,,,,,,
2026-09-30T23:22:00+00:00,PANW,US,equity,397.93,398.33,397.93,398.33,0.0,,,,,,,,,,,
2026-09-30T23:23:00+00:00,PANW,US,equity,398.206,398.206,398.206,398.206,0.0,,,,,,,,,,,
2026-09-30T23:22:38+00:00,HD,US,equity,284.6,284.6,284.6,284.6,0.0,,,,,,,,,,,
2026-09-30T23:23:00+00:00,MDB,US,equity,349.5,349.5,349.5,349.5,0.0,,,,,,,,,,,
2026-09-30T23:23:08+00:00,PEP,US,equity,126.99,126.99,126.99,126.99,0.0,,,,,,,,,,,
2026-09-30T23:22:37+00:00,JPM,US,equity,331.25,331.25,331.25,331.25,0.0,,,,,,,,,,,
2026-09-30T23:23:00+00:00,SPY,US,index_etf,764.97,764.97,764.9108,764.9108,0.0,,,,,,,,,,,
2026-09-30T23:23:00+00:00,QQQ,US,index_etf,742.06,742.09,742.01,742.06,0.0,,,,,,,,,,,
2026-09-30T23:22:00+00:00,EURUSD=X,FX,currency,1.1334012746810913,1.1334012746810913,1.1334012746810913,1.1334012746810913,0.0,,,,,,,,,,,
2026-09-30T23:23:00+00:00,KRW=X,FX,currency,1358.5400390625,1358.5699462890625,1356.989990234375,1358.199951171875,0.0,,,,,,,,,,,
2026-09-30T23:23:00+00:00,JPY=X,FX,currency,157.3979949951172,157.42300415039062,157.39700317382812,157.41400146484375,0.0,,,,,,,,,,,
2026-09-30T23:22:00+00:00,GBPUSD=X,FX,currency,1.3265239000320437,1.3265239000320437,1.3265239000320437,1.3265239000320437,0.0,,,,,,,,,,,
2026-09-30T23:23:00+00:00,089970.KQ,KOSDAQ,equity,62400.0,62400.0,62200.0,62200.0,1107.0,62100.0,62200.0,,,,,16.0,,,,
2026-09-30T23:23:00+00:00,086790.KS,KRX,equity,130600.0,130600.0,130500.0,130500.0,16.0,130500.0,130600.0,,,,,3.0,,,,
2026-09-30T23:23:00+00:00,010950.KS,KRX,equity,162000.0,162200.0,162000.0,162200.0,37.0,162200.0,162300.0,,,,,2.0,,,,
2026-09-30T23:24:00+00:00,BTC-USD,CRYPTO,crypto,83706.1,83708.5,83689.4,83708.4,0.06663359,,,,,,,35.0,,,,
2026-09-30T23:24:00+00:00,ETH-USD,CRYPTO,crypto,2689.81,2690.03,2689.26,2690.03,1.19341923,,,,,,,10.0,,,,
2026-09-30T23:23:00+00:00,278470.KS,KRX,equity,367000.0,367000.0,366500.0,366500.0,24.0,366500.0,367000.0,,,,,6.0,,,,
2026-09-30T23:21:00+00:00,051910.KS,KRX,equity,251500.0,251500.0,251500.0,251500.0,26.0,251500.0,252000.0,,,,,5.0,,,,
2026-09-30T23:24:00+00:00,000150.KS,KRX,equity,1406000.0,1407000.0,1405000.0,1406000.0,174.0,1405000.0,1406000.0,,,,,19.0,,,,
2026-09-30T23:24:00+00:00,105560.KS,KRX,equity,169800.0,169900.0,169800.0,169900.0,202.0,169800.0,169900.0,,,,,7.0,,,,
2026-09-30T23:24:00+00:00,000720.KS,KRX,equity,121500.0,121500.0,121300.0,121400.0,2817.0,121300.0,121400.0,,,,,72.0,,,,
2026-09-30T23:24:00+00:00,005930.KS,KRX,equity,269000.0,269500.0,269000.0,269500.0,15569.0,269000.0,269500.0,,,,,285.0,,,,
2026-09-30T23:24:00+00:00,108490.KQ,KOSDAQ,equity,289000.0,289500.0,289000.0,289000.0,143.0,289000.0,289500.0,,,,,11.0,,,,
2026-09-30T23:24:00+00:00,000660.KS,KRX,equity,1776000.0,1776000.0,1775000.0,1776000.0,2795.0,1775000.0,1776000.0,,,,,119.0,,,,
2026-09-30T23:24:00+00:00,034020.KS,KRX,equity,84100.0,84100.0,84000.0,84100.0,10260.0,84000.0,84100.0,,,,,220.0,,,,
2026-09-30T23:24:00+00:00,035420.KS,KRX,equity,193800.0,193900.0,193800.0,193900.0,98.0,193800.0,193900.0,,,,,17.0,,,,
2026-09-30T23:24:00+00:00,009150.KS,KRX,equity,1508000.0,1509000.0,1507000.0,1507000.0,598.0,1507000.0,1508000.0,,,,,73.0,,,,
2026-09-30T23:24:00+00:00,272210.KS,KRX,equity,75100.0,75200.0,75100.0,75200.0,296.0,75100.0,75200.0,,,,,14.0,,,,
2026-09-30T23:24:00+00:00,005380.KS,KRX,equity,352000.0,352000.0,351000.0,352000.0,1315.0,351500.0,352000.0,,,,,56.0,,,,
2026-09-30T23:24:00+00:00,042700.KS,KRX,equity,257000.0,257000.0,256500.0,257000.0,1036.0,256500.0,257000.0,,,,,39.0,,,,
2026-09-30T23:24:00+00:00,222800.KQ,KOSDAQ,equity,149900.0,150000.0,149800.0,149900.0,543.0,149800.0,149900.0,,,,,17.0,,,,
2026-09-30T23:24:00+00:00,052690.KS,KRX,equity,128600.0,128700.0,128500.0,128600.0,1197.0,128500.0,128600.0,,,,,103.0,,,,
2026-09-30T23:24:00+00:00,012330.KS,KRX,equity,391500.0,391500.0,391000.0,391000.0,568.0,391000.0,391500.0,,,,,63.0,,,,
2026-09-30T23:24:00+00:00,010120.KS,KRX,equity,205500.0,206000.0,205500.0,206000.0,88.0,205500.0,206000.0,,,,,17.0,,,,
2026-09-30T23:24:00+00:00,012450.KS,KRX,equity,1013000.0,1013000.0,1013000.0,1013000.0,13.0,1013000.0,1014000.0,,,,,3.0,,,,
2026-09-30T23:24:00+00:00,402340.KS,KRX,equity,1133000.0,1133000.0,1131000.0,1131000.0,78.0,1131000.0,1132000.0,,,,,20.0,,,,
2026-09-30T23:24:00+00:00,011070.KS,KRX,equity,562000.0,562000.0,561000.0,562000.0,165.0,561000.0,562000.0,,,,,11.0,,,,
2026-09-30T23:24:00+00:00,005490.KS,KRX,equity,310500.0,311000.0,310000.0,310500.0,1229.0,310500.0,311000.0,,,,,40.0,,,,
2026-09-30T23:24:00+00:00,096770.KS,KRX,equity,149000.0,149100.0,149000.0,149100.0,273.0,149000.0,149100.0,,,,,19.0,,,,
2026-09-30T23:24:00+00:00,006400.KS,KRX,equity,514000.0,514000.0,513000.0,513000.0,92.0,513000.0,514000.0,,,,,17.0,,,,
2026-09-30T23:24:00+00:00,089970.KQ,KOSDAQ,equity,62200.0,62200.0,62100.0,62100.0,96.0,62100.0,62200.0,,,,,9.0,,,,
2026-09-30T23:24:00+00:00,028260.KS,KRX,equity,342500.0,342500.0,342000.0,342000.0,77.0,341500.0,342000.0,,,,,13.0,,,,
2026-09-30T23:24:00+00:00,042660.KS,KRX,equity,79200.0,79300.0,79200.0,79300.0,536.0,79200.0,79300.0,,,,,20.0,,,,
2026-09-30T23:24:00+00:00,055550.KS,KRX,equity,106700.0,106700.0,106700.0,106700.0,23.0,106700.0,106800.0,,,,,4.0,,,,
2026-09-30T23:24:00+00:00,010060.KS,KRX,equity,219500.0,220000.0,219500.0,220000.0,336.0,219500.0,220000.0,,,,,18.0,,,,
2026-09-30T23:24:00+00:00,066570.KS,KRX,equity,213500.0,214000.0,213500.0,213500.0,442.0,213000.0,213500.0,,,,,33.0,,,,
2026-09-30T23:24:00+00:00,010950.KS,KRX,equity,162200.0,162200.0,162200.0,162200.0,4.0,162200.0,162300.0,,,,,2.0,,,,
2026-09-30T23:24:00+00:00,373220.KS,KRX,equity,357000.0,357000.0,356500.0,357000.0,37.0,356500.0,357000.0,,,,,8.0,,,,
2026-09-30T23:24:00+00:00,003230.KS,KRX,equity,1216000.0,1216000.0,1216000.0,1216000.0,5.0,1216000.0,1217000.0,,,,,3.0,,,,
2026-09-30T23:24:00+00:00,329180.KS,KRX,equity,434500.0,435000.0,434500.0,435000.0,50.0,434500.0,435000.0,,,,,13.0,,,,
2026-09-30T23:24:00+00:00,000270.KS,KRX,equity,114000.0,114000.0,113900.0,114000.0,38.0,113900.0,114000.0,,,,,10.0,,,,
2026-09-30T23:24:00+00:00,003670.KS,KRX,equity,179000.0,179500.0,179000.0,179500.0,369.0,179000.0,179500.0,,,,,13.0,,,,
2026-09-30T23:24:00+00:00,278470.KS,KRX,equity,366500.0,367000.0,366500.0,366500.0,4.0,366500.0,367000.0,,,,,3.0,,,,
2026-09-30T23:24:00+00:00,095610.KQ,KOSDAQ,equity,170700.0,170900.0,170700.0,170700.0,587.0,170700.0,170800.0,,,,,18.0,,,,
2026-09-30T23:24:00+00:00,298040.KS,KRX,equity,2788000.0,2788000.0,2788000.0,2788000.0,5.0,2788000.0,2789000.0,,,,,3.0,,,,
2026-09-30T23:24:00+00:00,051910.KS,KRX,equity,251500.0,252000.0,251500.0,252000.0,9.0,251500.0,252000.0,,,,,3.0,,,,
2026-09-30T23:24:00+00:00,103590.KS,KRX,equity,82300.0,82300.0,82200.0,82300.0,429.0,82200.0,82300.0,,,,,28.0,,,,
2026-09-30T23:24:00+00:00,058470.KQ,KOSDAQ,equity,74000.0,74100.0,74000.0,74100.0,506.0,74000.0,74100.0,,,,,18.0,,,,
2026-09-30T23:24:00+00:00,007660.KS,KRX,equity,115500.0,115600.0,115400.0,115600.0,252.0,115500.0,115600.0,,,,,17.0,,,,
2026-09-30T23:24:00+00:00,032830.KS,KRX,equity,283500.0,283500.0,283000.0,283000.0,95.0,282500.0,283000.0,,,,,5.0,,,,
2026-09-30T23:24:00+00:00,128940.KS,KRX,equity,498500.0,499000.0,498500.0,499000.0,91.0,499000.0,499500.0,,,,,5.0,,,,
2026-09-30T23:24:00+00:00,AAPL,US,equity,333.7517,334.0,333.7517,334.0,0.0,,,,,,,,,,,
2026-09-30T23:24:00+00:00,MSFT,US,equity,513.9945,513.9999,513.7905,513.7905,0.0,,,,,,,,,,,
2026-09-30T23:24:00+00:00,NVDA,US,equity,229.6787,229.6799,229.6312,229.6597,0.0,,,,,,,,,,,
2026-09-30T23:24:00+00:00,AMZN,US,equity,249.5,249.69,249.4852,249.5,0.0,,,,,,,,,,,
2026-09-30T23:24:00+00:00,GOOGL,US,equity,349.0,349.15,348.99,349.04,0.0,,,,,,,,,,,
2026-09-30T23:24:00+00:00,GOOG,US,equity,346.1,346.21,346.0324,346.15,0.0,,,,,,,,,,,
2026-09-30T23:24:00+00:00,TSLA,US,equity,354.58,354.65,354.54,354.6184,0.0,,,,,,,,,,,
2026-09-30T23:24:00+00:00,AVGO,US,equity,352.65,352.85,352.65,352.82,0.0,,,,,,,,,,,
2026-09-30T23:24:00+00:00,COST,US,equity,912.0,912.0,912.0,912.0,0.0,,,,,,,,,,,
2026-09-30T23:24:00+00:00,NFLX,US,equity,69.8,69.8799,69.8,69.86,0.0,,,,,,,,,,,
2026-09-30T23:24:00+00:00,AMD,US,equity,612.4,612.59,612.3873,612.3873,0.0,,,,,,,,,,,
2026-09-30T23:24:00+00:00,INTC,US,equity,120.034,120.1203,120.01,120.01,0.0,,,,,,,,,,,
2026-09-30T23:24:00+00:00,QCOM,US,equity,184.03,184.03,184.0,184.0,0.0,,,,,,,,,,,
2026-09-30T23:24:00+00:00,ADBE,US,equity,239.95,239.95,239.95,239.95,0.0,,,,,,,,,,,
2026-09-30T23:24:22+00:00,AMAT,US,equity,513.32,513.32,513.32,513.32,0.0,,,,,,,,,,,
2026-09-30T23:24:00+00:00,MU,US,equity,1065.99,1066.1,1065.56,1065.845,0.0,,,,,,,,,,,
2026-09-30T23:24:00+00:00,LRCX,US,equity,330.8373,330.84,330.8373,330.84,0.0,,,,,,,,,,,
2026-09-30T23:24:00+00:00,ASML,US,equity,1817.0,1817.0,1815.19,1815.19,0.0,,,,,,,,,,,
2026-09-30T23:24:14+00:00,SBUX,US,equity,94.0,94.0,94.0,94.0,0.0,,,,,,,,,,,
2026-09-30T23:24:00+00:00,PYPL,US,equity,52.74,53.18,52.74,53.18,0.0,,,,,,,,,,,
2026-09-30T23:22:00+00:00,HD,US,equity,284.6,284.6,284.6,284.6,0.0,,,,,,,,,,,
2026-09-30T23:24:00+00:00,LULU,US,equity,96.268,96.268,96.268,96.268,0.0,,,,,,,,,,,
2026-09-30T23:24:20+00:00,BAC,US,equity,54.4938,54.4938,54.4938,54.4938,0.0,,,,,,,,,,,
2026-09-30T23:23:00+00:00,WMT,US,equity,104.9,104.9,104.8,104.8,0.0,,,,,,,,,,,
2026-09-30T23:24:00+00:00,WMT,US,equity,104.8,104.8,104.8,104.8,0.0,,,,,,,,,,,
2026-09-30T23:24:00+00:00,GS,US,equity,902.02,902.02,902.02,902.02,0.0,,,,,,,,,,,
2026-09-30T23:24:00+00:00,SPY,US,index_etf,764.95,764.95,764.9,764.92,0.0,,,,,,,,,,,
2026-09-30T23:24:00+00:00,QQQ,US,index_etf,742.06,742.15,742.06,742.0618,0.0,,,,,,,,,,,
2026-09-30T23:23:00+00:00,EURUSD=X,FX,currency,1.1334012746810913,1.1334012746810913,1.1334012746810913,1.1334012746810913,0.0,,,,,,,,,,,
2026-09-30T23:24:09+00:00,KRW=X,FX,currency,1358.199951171875,1358.199951171875,1358.199951171875,1358.199951171875,0.0,,,,,,,,,,,
2026-09-30T23:24:00+00:00,JPY=X,FX,currency,157.42300415039062,157.4290008544922,157.39599609375,157.4080047607422,0.0,,,,,,,,,,,
2026-09-30T23:23:00+00:00,GBPUSD=X,FX,currency,1.3265239000320437,1.3265239000320437,1.3265239000320437,1.3265239000320437,0.0,,,,,,,,,,,
2026-09-30T23:24:00+00:00,086790.KS,KRX,equity,130500.0,130500.0,130500.0,130500.0,2.0,130500.0,130600.0,,,,,1.0,,,,
2026-09-30T23:25:00+00:00,BTC-USD,CRYPTO,crypto,83708.2,83722.8,83702.4,83702.4,0.20619882,,,,,,,53.0,,,,
2026-09-30T23:25:00+00:00,ETH-USD,CRYPTO,crypto,2690.02,2690.53,2689.34,2689.34,2.75754966,,,,,,,29.0,,,,
2026-09-30T23:25:00+00:00,006400.KS,KRX,equity,513000.0,514000.0,513000.0,514000.0,32.0,513000.0,514000.0,,,,,12.0,,,,
2026-09-30T23:25:00+00:00,032830.KS,KRX,equity,283000.0,283000.0,283000.0,283000.0,7.0,282500.0,283000.0,,,,,3.0,,,,
2026-09-30T23:25:00+00:00,005490.KS,KRX,equity,310500.0,311000.0,310500.0,311000.0,158.0,310500.0,311000.0,,,,,38.0,,,,
2026-09-30T23:25:00+00:00,058470.KQ,KOSDAQ,equity,74100.0,74200.0,74100.0,74200.0,1510.0,74200.0,74300.0,,,,,23.0,,,,
2026-09-30T23:25:00+00:00,034020.KS,KRX,equity,84000.0,84100.0,83900.0,84000.0,23366.0,83900.0,84000.0,,,,,261.0,,,,
2026-09-30T23:25:00+00:00,012330.KS,KRX,equity,391000.0,391500.0,390500.0,390500.0,2203.0,390500.0,391000.0,,,,,71.0,,,,
2026-09-30T23:25:00+00:00,035420.KS,KRX,equity,193900.0,193900.0,193700.0,193800.0,718.0,193700.0,193800.0,,,,,18.0,,,,
2026-09-30T23:25:00+00:00,089970.KQ,KOSDAQ,equity,62100.0,62200.0,62100.0,62100.0,462.0,62100.0,62200.0,,,,,18.0,,,,
2026-09-30T23:25:00+00:00,005930.KS,KRX,equity,269500.0,269500.0,269000.0,269500.0,15560.0,269000.0,269500.0,,,,,337.0,,,,
2026-09-30T23:25:00+00:00,000720.KS,KRX,equity,121400.0,121400.0,121200.0,121200.0,922.0,121200.0,121300.0,,,,,47.0,,,,
2026-09-30T23:25:00+00:00,012450.KS,KRX,equity,1013000.0,1014000.0,1013000.0,1013000.0,42.0,1013000.0,1014000.0,,,,,9.0,,,,
2026-09-30T23:25:00+00:00,128940.KS,KRX,equity,499000.0,499000.0,498500.0,498500.0,15.0,498500.0,499000.0,,,,,2.0,,,,
2026-09-30T23:25:00+00:00,042700.KS,KRX,equity,257000.0,257000.0,256500.0,256500.0,935.0,256500.0,257000.0,,,,,39.0,,,,
2026-09-30T23:25:00+00:00,095610.KQ,KOSDAQ,equity,170700.0,170800.0,170700.0,170800.0,107.0,170700.0,170900.0,,,,,11.0,,,,
2026-09-30T23:25:00+00:00,373220.KS,KRX,equity,357000.0,357000.0,357000.0,357000.0,327.0,356500.0,357000.0,,,,,8.0,,,,
2026-09-30T23:25:00+00:00,052690.KS,KRX,equity,128600.0,128600.0,128200.0,128200.0,5436.0,128200.0,128300.0,,,,,143.0,,,,
2026-09-30T23:25:00+00:00,000660.KS,KRX,equity,1776000.0,1776000.0,1775000.0,1776000.0,546.0,1775000.0,1776000.0,,,,,87.0,,,,
2026-09-30T23:25:00+00:00,009150.KS,KRX,equity,1507000.0,1507000.0,1506000.0,1506000.0,181.0,1506000.0,1507000.0,,,,,68.0,,,,
2026-09-30T23:25:00+00:00,005380.KS,KRX,equity,351500.0,351500.0,351000.0,351000.0,395.0,351000.0,351500.0,,,,,63.0,,,,
2026-09-30T23:25:00+00:00,011070.KS,KRX,equity,562000.0,562000.0,561000.0,561000.0,33.0,561000.0,562000.0,,,,,11.0,,,,
2026-09-30T23:25:00+00:00,103590.KS,KRX,equity,82300.0,82300.0,82200.0,82300.0,243.0,82200.0,82300.0,,,,,13.0,,,,
2026-09-30T23:25:00+00:00,329180.KS,KRX,equity,435000.0,435000.0,434500.0,434500.0,55.0,434500.0,435000.0,,,,,8.0,,,,
2026-09-30T23:25:00+00:00,007660.KS,KRX,equity,115500.0,115600.0,115400.0,115500.0,103.0,115500.0,115600.0,,,,,15.0,,,,
2026-09-30T23:25:00+00:00,272210.KS,KRX,equity,75200.0,75300.0,75200.0,75300.0,623.0,75300.0,75400.0,,,,,12.0,,,,
2026-09-30T23:25:00+00:00,003670.KS,KRX,equity,179500.0,179500.0,179300.0,179500.0,33.0,179300.0,179500.0,,,,,7.0,,,,
2026-09-30T23:25:00+00:00,222800.KQ,KOSDAQ,equity,149900.0,149900.0,149800.0,149900.0,169.0,149900.0,150000.0,,,,,19.0,,,,
2026-09-30T23:25:00+00:00,000270.KS,KRX,equity,114000.0,114000.0,113900.0,113900.0,143.0,113900.0,114000.0,,,,,14.0,,,,
2026-09-30T23:25:00+00:00,096770.KS,KRX,equity,149000.0,149300.0,149000.0,149300.0,672.0,149300.0,149400.0,,,,,14.0,,,,
2026-09-30T23:25:00+00:00,108490.KQ,KOSDAQ,equity,289000.0,289500.0,289000.0,289500.0,250.0,289000.0,289500.0,,,,,27.0,,,,
2026-09-30T23:25:00+00:00,066570.KS,KRX,equity,213500.0,213500.0,213000.0,213500.0,162.0,213000.0,213500.0,,,,,16.0,,,,
2026-09-30T23:25:00+00:00,105560.KS,KRX,equity,169900.0,169900.0,169900.0,169900.0,61.0,169800.0,169900.0,,,,,5.0,,,,
2026-09-30T23:25:00+00:00,010120.KS,KRX,equity,206000.0,206000.0,205500.0,206000.0,54.0,205500.0,206000.0,,,,,8.0,,,,
2026-09-30T23:25:00+00:00,042660.KS,KRX,equity,79300.0,79300.0,79200.0,79300.0,376.0,79200.0,79300.0,,,,,46.0,,,,
2026-09-30T23:25:00+00:00,003230.KS,KRX,equity,1216000.0,1217000.0,1216000.0,1217000.0,6.0,1216000.0,1217000.0,,,,,2.0,,,,
2026-09-30T23:25:00+00:00,000150.KS,KRX,equity,1406000.0,1409000.0,1406000.0,1408000.0,189.0,1407000.0,1409000.0,,,,,31.0,,,,
2026-09-30T23:25:00+00:00,055550.KS,KRX,equity,106700.0,106800.0,106700.0,106800.0,75.0,106700.0,106800.0,,,,,2.0,,,,
2026-09-30T23:25:00+00:00,051910.KS,KRX,equity,252000.0,252000.0,252000.0,252000.0,13.0,251500.0,252000.0,,,,,5.0,,,,
2026-09-30T23:25:00+00:00,298040.KS,KRX,equity,2788000.0,2788000.0,2787000.0,2788000.0,16.0,2786000.0,2788000.0,,,,,6.0,,,,
2026-09-30T23:25:00+00:00,402340.KS,KRX,equity,1131000.0,1132000.0,1131000.0,1131000.0,97.0,1131000.0,1132000.0,,,,,19.0,,,,
2026-09-30T23:25:00+00:00,010950.KS,KRX,equity,162200.0,162200.0,162200.0,162200.0,46.0,162000.0,162200.0,,,,,4.0,,,,
2026-09-30T23:25:00+00:00,010060.KS,KRX,equity,220000.0,220500.0,219500.0,219500.0,444.0,219500.0,220500.0,,,,,13.0,,,,
2026-09-30T23:25:00+00:00,086790.KS,KRX,equity,130600.0,130600.0,130600.0,130600.0,20.0,130500.0,130600.0,,,,,1.0,,,,
2026-09-30T23:25:00+00:00,028260.KS,KRX,equity,342000.0,342000.0,342000.0,342000.0,99.0,342000.0,342500.0,,,,,5.0,,,,
2026-09-30T23:25:00+00:00,278470.KS,KRX,equity,366500.0,366500.0,366500.0,366500.0,65.0,366500.0,367000.0,,,,,9.0,,,,
2026-09-30T23:25:00+00:00,AAPL,US,equity,333.91,334.0,333.8801,333.883,0.0,,,,,,,,,,,
2026-09-30T23:25:00+00:00,MSFT,US,equity,513.85,513.98,513.78,513.7801,0.0,,,,,,,,,,,
2026-09-30T23:25:00+00:00,NVDA,US,equity,229.6597,229.69,229.5525,229.6475,0.0,,,,,,,,,,,
2026-09-30T23:25:00+00:00,AMZN,US,equity,249.55,249.69,249.48,249.5,0.0,,,,,,,,,,,
2026-09-30T23:25:00+00:00,GOOGL,US,equity,349.05,349.055,348.86,348.86,0.0,,,,,,,,,,,
2026-09-30T23:25:00+00:00,GOOG,US,equity,346.1945,346.1945,345.83,345.83,0.0,,,,,,,,,,,
2026-09-30T23:25:00+00:00,TSLA,US,equity,354.59,354.6389,354.54,354.6389,0.0,,,,,,,,,,,
2026-09-30T23:25:00+00:00,AVGO,US,equity,352.79,352.79,352.5,352.58,0.0,,,,,,,,,,,
2026-09-30T23:25:00+00:00,COST,US,equity,912.0,912.0,912.0,912.0,0.0,,,,,,,,,,,
2026-09-30T23:25:00+00:00,NFLX,US,equity,69.86,69.87,69.86,69.87,0.0,,,,,,,,,,,
2026-09-30T23:25:00+00:00,AMD,US,equity,612.44,612.4802,612.3698,612.3698,0.0,,,,,,,,,,,
2026-09-30T23:25:00+00:00,INTC,US,equity,120.1,120.15,120.03,120.1386,0.0,,,,,,,,,,,
2026-09-30T23:25:00+00:00,QCOM,US,equity,184.16,184.2,184.16,184.2,0.0,,,,,,,,,,,
2026-09-30T23:25:09+00:00,ADBE,US,equity,240.1028,240.1028,240.1028,240.1028,0.0,,,,,,,,,,,
2026-09-30T23:25:00+00:00,MU,US,equity,1065.86,1066.1,1065.75,1066.0,0.0,,,,,,,,,,,
2026-09-30T23:24:59+00:00,KLAC,US,equity,195.0,195.0,195.0,195.0,0.0,,,,,,,,,,,
2026-09-30T23:25:00+00:00,LRCX,US,equity,330.2,330.85,330.2,330.85,0.0,,,,,,,,,,,
2026-09-30T23:25:00+00:00,ASML,US,equity,1817.0,1817.0,1817.0,1817.0,0.0,,,,,,,,,,,
2026-09-30T23:22:00+00:00,BKNG,US,equity,163.4,163.69,163.4,163.69,0.0,,,,,,,,,,,
2026-09-30T23:21:00+00:00,INTU,US,equity,275.56,275.56,275.56,275.56,0.0,,,,,,,,,,,
2026-09-30T23:25:52+00:00,INTU,US,equity,275.3905,275.3905,275.3905,275.3905,0.0,,,,,,,,,,,
2026-09-30T23:24:58+00:00,ISRG,US,equity,407.19,407.19,407.19,407.19,0.0,,,,,,,,,,,
2026-09-30T23:24:00+00:00,SBUX,US,equity,94.0,94.0,94.0,94.0,0.0,,,,,,,,,,,
2026-09-30T23:25:00+00:00,SBUX,US,equity,94.01,94.01,94.0,94.0,0.0,,,,,,,,,,,
2026-09-30T23:25:00+00:00,PYPL,US,equity,53.125,53.3899,53.125,53.3899,0.0,,,,,,,,,,,
2026-09-30T23:24:00+00:00,PANW,US,equity,398.19,398.19,397.654,397.654,0.0,,,,,,,,,,,
2026-09-30T23:25:16+00:00,HD,US,equity,284.69,284.69,284.69,284.69,0.0,,,,,,,,,,,
2026-09-30T23:25:00+00:00,MDB,US,equity,349.4,349.4,349.4,349.4,0.0,,,,,,,,,,,
2026-09-30T23:24:56+00:00,JNJ,US,equity,264.7756,264.7756,264.7756,264.7756,0.0,,,,,,,,,,,
2026-09-30T23:23:00+00:00,PEP,US,equity,126.99,126.99,126.99,126.99,0.0,,,,,,,,,,,
2026-09-30T23:25:00+00:00,PEP,US,equity,126.99,126.99,126.99,126.99,0.0,,,,,,,,,,,
2026-09-30T23:23:00+00:00,MAR,US,equity,355.94,355.94,355.94,355.94,0.0,,,,,,,,,,,
2026-09-30T23:25:22+00:00,MCD,US,equity,231.3,231.3,231.3,231.3,0.0,,,,,,,,,,,
2026-09-30T23:25:00+00:00,LULU,US,equity,96.2669,96.2669,96.2669,96.2669,0.0,,,,,,,,,,,
2026-09-30T23:25:00+00:00,WMT,US,equity,104.9,104.9,104.9,104.9,0.0,,,,,,,,,,,
2026-09-30T23:25:03+00:00,GS,US,equity,902.1548,902.1548,902.1548,902.1548,0.0,,,,,,,,,,,
2026-09-30T23:25:00+00:00,SPY,US,index_etf,764.88,764.88,764.88,764.88,0.0,,,,,,,,,,,
2026-09-30T23:25:00+00:00,QQQ,US,index_etf,742.1108,742.17,741.95,741.95,0.0,,,,,,,,,,,
2026-09-30T23:26:00+00:00,QQQ,US,index_etf,741.9697,741.99,741.8828,741.8828,0.0,,,,,,,,,,,
2026-09-30T23:24:00+00:00,EURUSD=X,FX,currency,1.1334012746810913,1.1334012746810913,1.1334012746810913,1.1334012746810913,0.0,,,,,,,,,,,
2026-09-30T23:25:00+00:00,EURUSD=X,FX,currency,1.1334012746810913,1.1334012746810913,1.1334012746810913,1.1334012746810913,0.0,,,,,,,,,,,
2026-09-30T23:24:00+00:00,KRW=X,FX,currency,1358.199951171875,1358.199951171875,1356.989990234375,1358.199951171875,0.0,,,,,,,,,,,
2026-09-30T23:25:00+00:00,JPY=X,FX,currency,157.41099548339844,157.42100524902344,157.4029998779297,157.41799926757812,0.0,,,,,,,,,,,
2026-09-30T23:26:00+00:00,JPY=X,FX,currency,157.4149932861328,157.42100524902344,157.40199279785156,157.41200256347656,0.0,,,,,,,,,,,
2026-09-30T23:24:00+00:00,GBPUSD=X,FX,currency,1.3265239000320437,1.3265239000320437,1.3265239000320437,1.3265239000320437,0.0,,,,,,,,,,,
2026-09-30T23:25:00+00:00,GBPUSD=X,FX,currency,1.326470971107483,1.326470971107483,1.326470971107483,1.326470971107483,0.0,,,,,,,,,,,
2026-09-30T23:26:00+00:00,BTC-USD,CRYPTO,crypto,83702.4,83727.3,83700.0,83706.9,0.16923173,,,,,,,42.0,,,,
2026-09-30T23:26:00+00:00,ETH-USD,CRYPTO,crypto,2689.33,2690.14,2689.33,2689.98,1.21884121,,,,,,,17.0,,,,
2026-09-30T23:26:00+00:00,009150.KS,KRX,equity,1506000.0,1507000.0,1505000.0,1505000.0,590.0,1505000.0,1506000.0,,,,,59.0,,,,
2026-09-30T23:26:00+00:00,042660.KS,KRX,equity,79300.0,79300.0,79200.0,79200.0,313.0,79200.0,79300.0,,,,,26.0,,,,
2026-09-30T23:26:00+00:00,000660.KS,KRX,equity,1775000.0,1776000.0,1774000.0,1775000.0,1982.0,1774000.0,1775000.0,,,,,95.0,,,,
2026-09-30T23:26:00+00:00,103590.KS,KRX,equity,82300.0,82300.0,82200.0,82200.0,480.0,82200.0,82300.0,,,,,13.0,,,,
2026-09-30T23:26:00+00:00,034020.KS,KRX,equity,84000.0,84100.0,83900.0,84000.0,21089.0,83900.0,84000.0,,,,,248.0,,,,
2026-09-30T23:26:00+00:00,058470.KQ,KOSDAQ,equity,74200.0,74200.0,74000.0,74100.0,633.0,74100.0,74200.0,,,,,26.0,,,,
2026-09-30T23:26:00+00:00,005930.KS,KRX,equity,269500.0,269500.0,269000.0,269500.0,7467.0,269000.0,269500.0,,,,,204.0,,,,
2026-09-30T23:26:00+00:00,052690.KS,KRX,equity,128300.0,128400.0,128200.0,128400.0,3370.0,128300.0,128400.0,,,,,96.0,,,,
2026-09-30T23:26:00+00:00,005380.KS,KRX,equity,351000.0,351500.0,351000.0,351000.0,415.0,351000.0,351500.0,,,,,54.0,,,,
2026-09-30T23:26:00+00:00,005490.KS,KRX,equity,311000.0,311000.0,310500.0,310500.0,784.0,310500.0,311000.0,,,,,51.0,,,,
2026-09-30T23:26:00+00:00,000150.KS,KRX,equity,1408000.0,1409000.0,1408000.0,1408000.0,120.0,1408000.0,1409000.0,,,,,24.0,,,,
2026-09-30T23:26:00+00:00,000720.KS,KRX,equity,121200.0,121400.0,121200.0,121400.0,898.0,121300.0,121400.0,,,,,42.0,,,,
2026-09-30T23:26:00+00:00,006400.KS,KRX,equity,514000.0,514000.0,513000.0,514000.0,130.0,513000.0,514000.0,,,,,28.0,,,,
2026-09-30T23:26:00+00:00,007660.KS,KRX,equity,115500.0,115500.0,115400.0,115400.0,237.0,115400.0,115500.0,,,,,17.0,,,,
2026-09-30T23:26:00+00:00,278470.KS,KRX,equity,366500.0,366500.0,366500.0,366500.0,57.0,366000.0,366500.0,,,,,5.0,,,,
2026-09-30T23:26:00+00:00,012330.KS,KRX,equity,390500.0,393000.0,390500.0,392500.0,7216.0,392500.0,393000.0,,,,,72.0,,,,
2026-09-30T23:26:00+00:00,042700.KS,KRX,equity,256500.0,257000.0,256500.0,256500.0,459.0,256000.0,256500.0,,,,,46.0,,,,
2026-09-30T23:26:00+00:00,089970.KQ,KOSDAQ,equity,62100.0,62100.0,62000.0,62000.0,1182.0,62000.0,62100.0,,,,,16.0,,,,
2026-09-30T23:26:00+00:00,095610.KQ,KOSDAQ,equity,170800.0,170800.0,170700.0,170700.0,83.0,170600.0,170700.0,,,,,15.0,,,,
2026-09-30T23:26:00+00:00,035420.KS,KRX,equity,193700.0,193800.0,193700.0,193800.0,170.0,193800.0,193900.0,,,,,11.0,,,,
2026-09-30T23:26:00+00:00,066570.KS,KRX,equity,213000.0,213500.0,213000.0,213500.0,230.0,213000.0,213500.0,,,,,16.0,,,,
2026-09-30T23:26:00+00:00,010120.KS,KRX,equity,206000.0,206000.0,205500.0,206000.0,464.0,205500.0,206000.0,,,,,14.0,,,,
2026-09-30T23:26:00+00:00,108490.KQ,KOSDAQ,equity,289000.0,289500.0,288500.0,288500.0,408.0,288000.0,288500.0,,,,,20.0,,,,
2026-09-30T23:26:00+00:00,272210.KS,KRX,equity,75300.0,75400.0,75300.0,75400.0,249.0,75300.0,75400.0,,,,,12.0,,,,
2026-09-30T23:26:00+00:00,298040.KS,KRX,equity,2786000.0,2786000.0,2786000.0,2786000.0,6.0,2785000.0,2786000.0,,,,,6.0,,,,
2026-09-30T23:26:00+00:00,373220.KS,KRX,equity,356500.0,357000.0,356500.0,357000.0,71.0,356500.0,357000.0,,,,,12.0,,,,
2026-09-30T23:26:00+00:00,105560.KS,KRX,equity,169900.0,169900.0,169900.0,169900.0,361.0,169900.0,170000.0,,,,,9.0,,,,
2026-09-30T23:26:00+00:00,010060.KS,KRX,equity,219500.0,220000.0,219500.0,220000.0,56.0,219500.0,220000.0,,,,,7.0,,,,
2026-09-30T23:26:00+00:00,055550.KS,KRX,equity,106800.0,106900.0,106800.0,106900.0,241.0,106800.0,106900.0,,,,,6.0,,,,
2026-09-30T23:26:00+00:00,329180.KS,KRX,equity,434500.0,434500.0,434000.0,434500.0,56.0,434500.0,435000.0,,,,,9.0,,,,
2026-09-30T23:26:00+00:00,086790.KS,KRX,equity,130600.0,130600.0,130500.0,130500.0,2.0,130500.0,130600.0,,,,,2.0,,,,
2026-09-30T23:26:00+00:00,096770.KS,KRX,equity,149300.0,149600.0,149300.0,149600.0,214.0,149500.0,149600.0,,,,,20.0,,,,
2026-09-30T23:26:00+00:00,051910.KS,KRX,equity,252000.0,252000.0,251500.0,251500.0,5.0,251500.0,252000.0,,,,,3.0,,,,
2026-09-30T23:26:00+00:00,402340.KS,KRX,equity,1131000.0,1132000.0,1131000.0,1131000.0,49.0,1131000.0,1132000.0,,,,,15.0,,,,
2026-09-30T23:26:00+00:00,012450.KS,KRX,equity,1013000.0,1014000.0,1013000.0,1014000.0,109.0,1013000.0,1014000.0,,,,,4.0,,,,
2026-09-30T23:26:00+00:00,010950.KS,KRX,equity,162200.0,162200.0,162100.0,162100.0,3.0,162100.0,162200.0,,,,,2.0,,,,
2026-09-30T23:26:00+00:00,000270.KS,KRX,equity,113900.0,114000.0,113900.0,114000.0,57.0,113900.0,114000.0,,,,,12.0,,,,
2026-09-30T23:26:00+00:00,003670.KS,KRX,equity,179400.0,179500.0,179300.0,179400.0,104.0,179400.0,179500.0,,,,,14.0,,,,
2026-09-30T23:26:00+00:00,011070.KS,KRX,equity,561000.0,562000.0,561000.0,561000.0,76.0,560000.0,561000.0,,,,,8.0,,,,
2026-09-30T23:26:00+00:00,032830.KS,KRX,equity,283000.0,283500.0,283000.0,283500.0,8.0,283000.0,283500.0,,,,,4.0,,,,
2026-09-30T23:26:00+00:00,222800.KQ,KOSDAQ,equity,149900.0,150000.0,149900.0,150000.0,107.0,149900.0,150000.0,,,,,7.0,,,,
2026-09-30T23:26:00+00:00,028260.KS,KRX,equity,342500.0,342500.0,342000.0,342500.0,84.0,342000.0,342500.0,,,,,7.0,,,,
2026-09-30T23:26:00+00:00,128940.KS,KRX,equity,498500.0,498500.0,498500.0,498500.0,5.0,498500.0,499000.0,,,,,1.0,,,,
2026-09-30T23:24:00+00:00,034730.KS,KRX,equity,586000.0,586000.0,586000.0,586000.0,3.0,586000.0,587000.0,,,,,3.0,,,,
2026-09-30T23:26:00+00:00,003230.KS,KRX,equity,1217000.0,1217000.0,1217000.0,1217000.0,22.0,1216000.0,1217000.0,,,,,3.0,,,,
2026-09-30T23:26:00+00:00,AAPL,US,equity,333.94,333.94,333.94,333.94,0.0,,,,,,,,,,,
2026-09-30T23:26:00+00:00,MSFT,US,equity,514.0,514.1787,514.0,514.1787,0.0,,,,,,,,,,,
2026-09-30T23:27:00+00:00,MSFT,US,equity,514.2,514.2,513.528,513.55,0.0,,,,,,,,,,,
2026-09-30T23:26:00+00:00,NVDA,US,equity,229.6475,229.65,229.55,229.6475,0.0,,,,,,,,,,,
2026-09-30T23:27:00+00:00,NVDA,US,equity,229.6475,229.6475,229.5012,229.5492,0.0,,,,,,,,,,,
2026-09-30T23:26:00+00:00,AMZN,US,equity,249.48,249.69,249.48,249.69,0.0,,,,,,,,,,,
2026-09-30T23:27:00+00:00,AMZN,US,equity,249.6847,249.69,249.5,249.56,0.0,,,,,,,,,,,
2026-09-30T23:26:00+00:00,GOOGL,US,equity,349.02,349.02,348.7867,348.94,0.0,,,,,,,,,,,
2026-09-30T23:27:00+00:00,GOOGL,US,equity,348.9,349.02,348.9,348.92,0.0,,,,,,,,,,,
2026-09-30T23:26:00+00:00,GOOG,US,equity,345.72,345.9758,345.72,345.9566,0.0,,,,,,,,,,,
2026-09-30T23:27:00+00:00,GOOG,US,equity,345.85,345.95,345.72,345.95,0.0,,,,,,,,,,,
2026-09-30T23:26:00+00:00,TSLA,US,equity,354.65,354.65,354.54,354.5511,0.0,,,,,,,,,,,
2026-09-30T23:27:00+00:00,TSLA,US,equity,354.6472,354.65,354.5017,354.6288,0.0,,,,,,,,,,,
2026-09-30T23:26:00+00:00,AVGO,US,equity,352.88,352.88,352.7,352.77,0.0,,,,,,,,,,,
2026-09-30T23:27:00+00:00,AVGO,US,equity,352.6484,352.6484,352.6046,352.639,0.0,,,,,,,,,,,
2026-09-30T23:26:00+00:00,COST,US,equity,911.88,912.0,911.88,912.0,0.0,,,,,,,,,,,
2026-09-30T23:26:00+00:00,NFLX,US,equity,69.85,69.87,69.84,69.84,0.0,,,,,,,,,,,
2026-09-30T23:27:00+00:00,NFLX,US,equity,69.87,69.88,69.87,69.87,0.0,,,,,,,,,,,
2026-09-30T23:26:00+00:00,AMD,US,equity,612.35,612.44,612.1,612.1527,0.0,,,,,,,,,,,
2026-09-30T23:27:00+00:00,AMD,US,equity,612.2933,612.2933,612.1,612.22,0.0,,,,,,,,,,,
2026-09-30T23:26:00+00:00,INTC,US,equity,120.03,120.1,120.0217,120.1,0.0,,,,,,,,,,,
2026-09-30T23:27:00+00:00,INTC,US,equity,120.1,120.1,120.05,120.08,0.0,,,,,,,,,,,
2026-09-30T23:26:00+00:00,QCOM,US,equity,184.0,184.0,184.0,184.0,0.0,,,,,,,,,,,
2026-09-30T23:23:00+00:00,CSCO,US,equity,107.62,107.62,107.62,107.62,0.0,,,,,,,,,,,
2026-09-30T23:24:00+00:00,AMAT,US,equity,513.79,513.99,513.32,513.32,0.0,,,,,,,,,,,
2026-09-30T23:27:00+00:00,AMAT,US,equity,513.6,513.6,513.6,513.6,0.0,,,,,,,,,,,
2026-09-30T23:26:00+00:00,MU,US,equity,1065.75,1066.0,1065.56,1065.7,0.0,,,,,,,,,,,
2026-09-30T23:27:00+00:00,MU,US,equity,1066.0,1066.0,1065.11,1065.43,0.0,,,,,,,,,,,
2026-09-30T23:26:00+00:00,LRCX,US,equity,330.85,330.85,330.85,330.85,0.0,,,,,,,,,,,
2026-09-30T23:26:00+00:00,ASML,US,equity,1818.7699,1818.7699,1818.7699,1818.7699,0.0,,,,,,,,,,,
2026-09-30T23:27:00+00:00,ASML,US,equity,1815.37,1815.37,1815.37,1815.37,0.0,,,,,,,,,,,
2026-09-30T23:26:35+00:00,BKNG,US,equity,163.69,163.69,163.69,163.69,0.0,,,,,,,,,,,
2026-09-30T23:26:18+00:00,SBUX,US,equity,94.0,94.0,94.0,94.0,0.0,,,,,,,,,,,
2026-09-30T23:26:00+00:00,PYPL,US,equity,53.05,53.3,53.05,53.2349,0.0,,,,,,,,,,,
2026-09-30T23:27:00+00:00,PYPL,US,equity,53.0604,53.3055,53.0579,53.3038,0.0,,,,,,,,,,,
2026-09-30T23:26:00+00:00,PANW,US,equity,397.83,397.83,397.83,397.83,0.0,,,,,,,,,,,
2026-09-30T23:26:00+00:00,MDB,US,equity,349.26,349.26,349.26,349.26,0.0,,,,,,,,,,,
2026-09-30T23:26:59+00:00,PEP,US,equity,126.98,126.98,126.98,126.98,0.0,,,,,,,,,,,
2026-09-30T23:26:45+00:00,MAR,US,equity,355.67,355.67,355.67,355.67,0.0,,,,,,,,,,,
2026-09-30T23:26:00+00:00,LULU,US,equity,96.27,96.27,96.27,96.27,0.0,,,,,,,,,,,
2026-09-30T23:27:02+00:00,LULU,US,equity,96.3,96.3,96.3,96.3,0.0,,,,,,,,,,,
2026-09-30T23:22:00+00:00,JPM,US,equity,331.25,331.25,331.25,331.25,0.0,,,,,,,,,,,
2026-09-30T23:26:00+00:00,WMT,US,equity,104.8045,104.98,104.8045,104.98,0.0,,,,,,,,,,,
2026-09-30T23:23:00+00:00,UNH,US,equity,367.8,367.8,367.8,367.8,0.0,,,,,,,,,,,
2026-09-30T23:26:00+00:00,SPY,US,index_etf,764.81,764.81,764.81,764.81,0.0,,,,,,,,,,,
2026-09-30T23:27:00+00:00,QQQ,US,index_etf,741.8893,741.8893,741.8,741.85,0.0,,,,,,,,,,,
2026-09-30T23:26:00+00:00,EURUSD=X,FX,currency,1.1334012746810913,1.1334012746810913,1.1334012746810913,1.1334012746810913,0.0,,,,,,,,,,,
2026-09-30T23:26:24+00:00,KRW=X,FX,currency,1356.469970703125,1356.469970703125,1356.469970703125,1356.469970703125,0.0,,,,,,,,,,,
2026-09-30T23:27:00+00:00,JPY=X,FX,currency,157.4029998779297,157.41299438476562,157.39700317382812,157.40699768066406,0.0,,,,,,,,,,,
2026-09-30T23:26:00+00:00,GBPUSD=X,FX,currency,1.326470971107483,1.326470971107483,1.326470971107483,1.326470971107483,0.0,,,,,,,,,,,
2026-09-30T23:27:00+00:00,BTC-USD,CRYPTO,crypto,83706.8,83706.9,83702.4,83702.5,0.03932684,,,,,,,24.0,,,,
2026-09-30T23:27:00+00:00,ETH-USD,CRYPTO,crypto,2689.83,2689.83,2689.11,2689.11,4.77124273,,,,,,,17.0,,,,
2026-09-30T23:27:00+00:00,034020.KS,KRX,equity,84000.0,84100.0,84000.0,84100.0,5390.0,84000.0,84100.0,,,,,132.0,,,,
2026-09-30T23:27:00+00:00,089970.KQ,KOSDAQ,equity,62000.0,62100.0,61900.0,62000.0,2478.0,61900.0,62000.0,,,,,29.0,,,,
2026-09-30T23:27:00+00:00,005930.KS,KRX,equity,269000.0,269500.0,269000.0,269500.0,5921.0,269000.0,269500.0,,,,,168.0,,,,
2026-09-30T23:27:00+00:00,009150.KS,KRX,equity,1505000.0,1506000.0,1505000.0,1505000.0,418.0,1505000.0,1506000.0,,,,,51.0,,,,
2026-09-30T23:27:00+00:00,010060.KS,KRX,equity,220000.0,220000.0,219500.0,219500.0,103.0,219500.0,220000.0,,,,,14.0,,,,
2026-09-30T23:27:00+00:00,055550.KS,KRX,equity,106900.0,106900.0,106800.0,106800.0,28.0,106800.0,106900.0,,,,,3.0,,,,
2026-09-30T23:27:00+00:00,000660.KS,KRX,equity,1775000.0,1775000.0,1773000.0,1773000.0,1331.0,1773000.0,1774000.0,,,,,131.0,,,,
2026-09-30T23:27:00+00:00,010120.KS,KRX,equity,205500.0,206000.0,205500.0,206000.0,184.0,205500.0,206000.0,,,,,13.0,,,,
2026-09-30T23:27:00+00:00,012330.KS,KRX,equity,392500.0,393000.0,392500.0,392500.0,1521.0,392500.0,393000.0,,,,,87.0,,,,
2026-09-30T23:27:00+00:00,222800.KQ,KOSDAQ,equity,150000.0,150000.0,149900.0,149900.0,108.0,149900.0,150000.0,,,,,6.0,,,,
2026-09-30T23:27:00+00:00,272210.KS,KRX,equity,75400.0,75500.0,75400.0,75500.0,940.0,75400.0,75500.0,,,,,26.0,,,,
2026-09-30T23:27:00+00:00,278470.KS,KRX,equity,366000.0,366000.0,366000.0,366000.0,57.0,366000.0,366500.0,,,,,7.0,,,,
2026-09-30T23:27:00+00:00,000270.KS,KRX,equity,113900.0,113900.0,113900.0,113900.0,56.0,113900.0,114000.0,,,,,6.0,,,,
2026-09-30T23:27:00+00:00,000720.KS,KRX,equity,121400.0,121400.0,121200.0,121200.0,1235.0,121200.0,121300.0,,,,,39.0,,,,
2026-09-30T23:27:00+00:00,052690.KS,KRX,equity,128400.0,128500.0,128300.0,128400.0,2431.0,128300.0,128400.0,,,,,70.0,,,,
2026-09-30T23:27:00+00:00,096770.KS,KRX,equity,149500.0,149600.0,149500.0,149500.0,511.0,149400.0,149500.0,,,,,19.0,,,,
2026-09-30T23:27:00+00:00,105560.KS,KRX,equity,170000.0,170000.0,169900.0,169900.0,174.0,169800.0,169900.0,,,,,13.0,,,,
2026-09-30T23:27:00+00:00,095610.KQ,KOSDAQ,equity,170700.0,170700.0,170600.0,170700.0,84.0,170600.0,170700.0,,,,,12.0,,,,
2026-09-30T23:27:00+00:00,402340.KS,KRX,equity,1131000.0,1131000.0,1130000.0,1130000.0,296.0,1130000.0,1131000.0,,,,,24.0,,,,
2026-09-30T23:27:00+00:00,103590.KS,KRX,equity,82300.0,82300.0,82200.0,82200.0,88.0,82200.0,82300.0,,,,,12.0,,,,
2026-09-30T23:27:00+00:00,000150.KS,KRX,equity,1408000.0,1410000.0,1408000.0,1409000.0,245.0,1408000.0,1409000.0,,,,,36.0,,,,
2026-09-30T23:27:00+00:00,042660.KS,KRX,equity,79200.0,79300.0,79200.0,79200.0,302.0,79200.0,79300.0,,,,,24.0,,,,
2026-09-30T23:27:00+00:00,066570.KS,KRX,equity,213500.0,213500.0,213000.0,213500.0,218.0,213000.0,213500.0,,,,,21.0,,,,
2026-09-30T23:27:00+00:00,005380.KS,KRX,equity,351000.0,351500.0,351000.0,351500.0,471.0,351000.0,351500.0,,,,,68.0,,,,
2026-09-30T23:27:00+00:00,042700.KS,KRX,equity,256500.0,256500.0,256000.0,256000.0,288.0,256000.0,256500.0,,,,,36.0,,,,
2026-09-30T23:27:00+00:00,005490.KS,KRX,equity,310500.0,311000.0,310500.0,310500.0,462.0,310000.0,310500.0,,,,,34.0,,,,
2026-09-30T23:27:00+00:00,108490.KQ,KOSDAQ,equity,288500.0,288500.0,288500.0,288500.0,221.0,288000.0,288500.0,,,,,18.0,,,,
2026-09-30T23:27:00+00:00,007660.KS,KRX,equity,115500.0,115600.0,115400.0,115600.0,330.0,115500.0,115600.0,,,,,15.0,,,,
2026-09-30T23:27:00+00:00,051910.KS,KRX,equity,251500.0,252000.0,251500.0,252000.0,222.0,251500.0,252000.0,,,,,8.0,,,,
2026-09-30T23:27:00+00:00,035420.KS,KRX,equity,193900.0,193900.0,193800.0,193800.0,74.0,193800.0,193900.0,,,,,16.0,,,,
2026-09-30T23:27:00+00:00,329180.KS,KRX,equity,434500.0,434500.0,434500.0,434500.0,184.0,434000.0,434500.0,,,,,14.0,,,,
2026-09-30T23:27:00+00:00,011070.KS,KRX,equity,561000.0,561000.0,561000.0,561000.0,119.0,561000.0,562000.0,,,,,10.0,,,,
2026-09-30T23:27:00+00:00,012450.KS,KRX,equity,1013000.0,1014000.0,1013000.0,1014000.0,87.0,1014000.0,1015000.0,,,,,16.0,,,,
2026-09-30T23:27:00+00:00,003230.KS,KRX,equity,1217000.0,1217000.0,1217000.0,1217000.0,8.0,1217000.0,1218000.0,,,,,4.0,,,,
2026-09-30T23:27:00+00:00,128940.KS,KRX,equity,499000.0,499000.0,499000.0,499000.0,18.0,498500.0,499000.0,,,,,5.0,,,,
2026-09-30T23:27:00+00:00,058470.KQ,KOSDAQ,equity,74100.0,74200.0,74100.0,74100.0,380.0,74000.0,74100.0,,,,,18.0,,,,
2026-09-30T23:27:00+00:00,028260.KS,KRX,equity,342500.0,342500.0,342000.0,342000.0,56.0,342000.0,342500.0,,,,,3.0,,,,
2026-09-30T23:27:00+00:00,006400.KS,KRX,equity,514000.0,514000.0,513000.0,514000.0,77.0,513000.0,514000.0,,,,,19.0,,,,
2026-09-30T23:27:00+00:00,003670.KS,KRX,equity,179400.0,179400.0,179000.0,179300.0,387.0,179000.0,179300.0,,,,,12.0,,,,
2026-09-30T23:27:00+00:00,010950.KS,KRX,equity,162100.0,162100.0,162000.0,162000.0,210.0,161900.0,162000.0,,,,,5.0,,,,
2026-09-30T23:27:00+00:00,373220.KS,KRX,equity,357000.0,357000.0,357000.0,357000.0,20.0,356500.0,357000.0,,,,,9.0,,,,
2026-09-30T23:27:00+00:00,032830.KS,KRX,equity,283500.0,283500.0,283000.0,283500.0,34.0,283000.0,283500.0,,,,,5.0,,,,
2026-09-30T23:27:00+00:00,086790.KS,KRX,equity,130500.0,130500.0,130500.0,130500.0,23.0,130500.0,130600.0,,,,,2.0,,,,
2026-09-30T23:27:00+00:00,298040.KS,KRX,equity,2786000.0,2786000.0,2786000.0,2786000.0,3.0,2785000.0,2786000.0,,,,,3.0,,,,
2026-09-30T23:28:00+00:00,BTC-USD,CRYPTO,crypto,83702.5,83702.5,83633.6,83633.6,0.39591022,,,,,,,133.0,,,,
2026-09-30T23:28:00+00:00,ETH-USD,CRYPTO,crypto,2689.24,2689.24,2687.52,2687.65,83.21938145,,,,,,,52.0,,,,
2026-09-30T23:28:00+00:00,005930.KS,KRX,equity,269500.0,269500.0,269000.0,269500.0,2217.0,269000.0,269500.0,,,,,194.0,,,,
2026-09-30T23:28:00+00:00,000660.KS,KRX,equity,1773000.0,1774000.0,1773000.0,1773000.0,449.0,1773000.0,1774000.0,,,,,113.0,,,,
2026-09-30T23:28:00+00:00,005380.KS,KRX,equity,351500.0,351500.0,351000.0,351500.0,461.0,351000.0,351500.0,,,,,54.0,,,,
2026-09-30T23:28:00+00:00,012330.KS,KRX,equity,393000.0,394500.0,393000.0,393500.0,6585.0,393500.0,394000.0,,,,,129.0,,,,
2026-09-30T23:28:00+00:00,042700.KS,KRX,equity,256000.0,256500.0,256000.0,256000.0,793.0,256000.0,256500.0,,,,,39.0,,,,
2026-09-30T23:28:00+00:00,034020.KS,KRX,equity,84000.0,84100.0,84000.0,84100.0,14034.0,84000.0,84100.0,,,,,232.0,,,,
2026-09-30T23:28:00+00:00,000150.KS,KRX,equity,1409000.0,1410000.0,1409000.0,1410000.0,43.0,1409000.0,1410000.0,,,,,20.0,,,,
2026-09-30T23:28:00+00:00,095610.KQ,KOSDAQ,equity,170700.0,170700.0,170600.0,170600.0,355.0,170600.0,170700.0,,,,,21.0,,,,
2026-09-30T23:28:00+00:00,000720.KS,KRX,equity,121300.0,121400.0,121200.0,121300.0,1463.0,121300.0,121400.0,,,,,51.0,,,,
2026-09-30T23:28:00+00:00,007660.KS,KRX,equity,115600.0,115600.0,115500.0,115600.0,88.0,115500.0,115600.0,,,,,13.0,,,,
2026-09-30T23:28:00+00:00,028260.KS,KRX,equity,342000.0,342000.0,342000.0,342000.0,35.0,341500.0,342000.0,,,,,9.0,,,,
2026-09-30T23:28:00+00:00,052690.KS,KRX,equity,128400.0,128500.0,128300.0,128400.0,1148.0,128400.0,128500.0,,,,,77.0,,,,
2026-09-30T23:28:00+00:00,005490.KS,KRX,equity,310500.0,311000.0,310500.0,310500.0,232.0,310500.0,311000.0,,,,,25.0,,,,
2026-09-30T23:28:00+00:00,066570.KS,KRX,equity,213500.0,213500.0,213000.0,213000.0,238.0,213000.0,213500.0,,,,,27.0,,,,
2026-09-30T23:28:00+00:00,373220.KS,KRX,equity,357000.0,357000.0,357000.0,357000.0,7.0,356500.0,357000.0,,,,,4.0,,,,
2026-09-30T23:28:00+00:00,010120.KS,KRX,equity,206000.0,206000.0,205500.0,206000.0,67.0,205500.0,206000.0,,,,,17.0,,,,
2026-09-30T23:28:00+00:00,089970.KQ,KOSDAQ,equity,62000.0,62100.0,61900.0,62100.0,426.0,62100.0,62200.0,,,,,22.0,,,,
2026-09-30T23:28:00+00:00,055550.KS,KRX,equity,106900.0,107000.0,106800.0,107000.0,205.0,106900.0,107000.0,,,,,9.0,,,,
2026-09-30T23:28:00+00:00,035420.KS,KRX,equity,193800.0,193900.0,193800.0,193800.0,306.0,193800.0,193900.0,,,,,15.0,,,,
2026-09-30T23:28:00+00:00,402340.KS,KRX,equity,1130000.0,1131000.0,1130000.0,1130000.0,129.0,1130000.0,1131000.0,,,,,26.0,,,,
2026-09-30T23:28:00+00:00,009150.KS,KRX,equity,1505000.0,1506000.0,1505000.0,1505000.0,509.0,1505000.0,1506000.0,,,,,61.0,,,,
2026-09-30T23:28:00+00:00,010060.KS,KRX,equity,219500.0,220000.0,219500.0,220000.0,153.0,219500.0,220000.0,,,,,15.0,,,,
2026-09-30T23:28:00+00:00,042660.KS,KRX,equity,79300.0,79300.0,79200.0,79300.0,324.0,79200.0,79300.0,,,,,23.0,,,,
2026-09-30T23:28:00+00:00,272210.KS,KRX,equity,75500.0,75600.0,75400.0,75400.0,722.0,75400.0,75600.0,,,,,26.0,,,,
2026-09-30T23:28:00+00:00,058470.KQ,KOSDAQ,equity,74100.0,74200.0,74000.0,74200.0,802.0,74000.0,74200.0,,,,,18.0,,,,
2026-09-30T23:28:00+00:00,096770.KS,KRX,equity,149500.0,149500.0,149400.0,149400.0,149.0,149400.0,149500.0,,,,,15.0,,,,
2026-09-30T23:28:00+00:00,278470.KS,KRX,equity,366000.0,366000.0,366000.0,366000.0,188.0,365500.0,366000.0,,,,,7.0,,,,
2026-09-30T23:28:00+00:00,006400.KS,KRX,equity,514000.0,514000.0,513000.0,514000.0,47.0,513000.0,514000.0,,,,,13.0,,,,
2026-09-30T23:28:00+00:00,012450.KS,KRX,equity,1014000.0,1015000.0,1014000.0,1014000.0,28.0,1013000.0,1015000.0,,,,,7.0,,,,
2026-09-30T23:28:00+00:00,329180.KS,KRX,equity,434500.0,434500.0,434000.0,434000.0,167.0,434000.0,434500.0,,,,,5.0,,,,
2026-09-30T23:28:00+00:00,003670.KS,KRX,equity,179200.0,179200.0,179100.0,179100.0,128.0,179100.0,179200.0,,,,,11.0,,,,
2026-09-30T23:28:00+00:00,003230.KS,KRX,equity,1217000.0,1217000.0,1217000.0,1217000.0,2.0,1216000.0,1218000.0,,,,,2.0,,,,
2026-09-30T23:28:00+00:00,011070.KS,KRX,equity,561000.0,561000.0,560000.0,560000.0,124.0,560000.0,561000.0,,,,,10.0,,,,
2026-09-30T23:27:00+00:00,AAPL,US,equity,333.88,333.94,333.88,333.88,0.0,,,,,,,,,,,
2026-09-30T23:28:00+00:00,AAPL,US,equity,333.944,333.993,333.944,333.95,0.0,,,,,,,,,,,
2026-09-30T23:28:00+00:00,MSFT,US,equity,514.1097,514.1825,513.5,514.1825,0.0,,,,,,,,,,,
2026-09-30T23:28:00+00:00,NVDA,US,equity,229.5492,229.6,229.52,229.598,0.0,,,,,,,,,,,
2026-09-30T23:28:00+00:00,AMZN,US,equity,249.5623,249.69,249.5008,249.5008,0.0,,,,,,,,,,,
2026-09-30T23:28:00+00:00,GOOGL,US,equity,349.0,349.0135,348.76,349.0135,0.0,,,,,,,,,,,
2026-09-30T23:28:00+00:00,GOOG,US,equity,345.9314,345.95,345.9313,345.94,0.0,,,,,,,,,,,
2026-09-30T23:28:00+00:00,TSLA,US,equity,354.5204,354.59,354.51,354.58,0.0,,,,,,,,,,,
2026-09-30T23:28:00+00:00,AVGO,US,equity,352.6038,352.79,352.6,352.65,0.0,,,,,,,,,,,
2026-09-30T23:27:00+00:00,COST,US,equity,912.66,912.66,911.8,912.0,0.0,,,,,,,,,,,
2026-09-30T23:28:00+00:00,NFLX,US,equity,69.87,69.87,69.87,69.87,0.0,,,,,,,,,,,
2026-09-30T23:28:00+00:00,AMD,US,equity,612.22,612.4412,612.22,612.3958,0.0,,,,,,,,,,,
2026-09-30T23:28:00+00:00,INTC,US,equity,120.06,120.08,120.05,120.08,0.0,,,,,,,,,,,
2026-09-30T23:27:00+00:00,QCOM,US,equity,184.04,184.2,184.04,184.2,0.0,,,,,,,,,,,
2026-09-30T23:28:24+00:00,QCOM,US,equity,184.2,184.2,184.2,184.2,0.0,,,,,,,,,,,
2026-09-30T23:27:00+00:00,CSCO,US,equity,107.5,107.5,107.5,107.5,0.0,,,,,,,,,,,
2026-09-30T23:25:00+00:00,ADBE,US,equity,240.1028,240.1028,240.1028,240.1028,0.0,,,,,,,,,,,
2026-09-30T23:28:00+00:00,AMAT,US,equity,513.79,513.79,513.79,513.79,0.0,,,,,,,,,,,
2026-09-30T23:28:00+00:00,MU,US,equity,1065.4108,1065.5,1065.19,1065.1901,0.0,,,,,,,,,,,
2026-09-30T23:27:00+00:00,LRCX,US,equity,330.79,330.79,330.1324,330.1324,0.0,,,,,,,,,,,
2026-09-30T23:28:00+00:00,ASML,US,equity,1815.35,1818.1857,1815.35,1818.1857,0.0,,,,,,,,,,,
2026-09-30T23:28:00+00:00,PYPL,US,equity,53.3055,53.3899,53.29,53.3899,0.0,,,,,,,,,,,
2026-09-30T23:27:48+00:00,PANW,US,equity,398.33,398.33,398.33,398.33,0.0,,,,,,,,,,,
2026-09-30T23:27:00+00:00,MDB,US,equity,349.4,349.4,349.4,349.4,0.0,,,,,,,,,,,
2026-09-30T23:26:00+00:00,MAR,US,equity,355.78,355.78,355.67,355.67,0.0,,,,,,,,,,,
2026-09-30T23:25:00+00:00,MCD,US,equity,231.3,231.3,231.3,231.3,0.0,,,,,,,,,,,
2026-09-30T23:28:18+00:00,MCD,US,equity,231.28,231.28,231.28,231.28,0.0,,,,,,,,,,,
2026-09-30T23:27:28+00:00,JPM,US,equity,331.248,331.248,331.248,331.248,0.0,,,,,,,,,,,
2026-09-30T23:24:00+00:00,BAC,US,equity,54.4938,54.4938,54.4938,54.4938,0.0,,,,,,,,,,,
2026-09-30T23:28:00+00:00,WMT,US,equity,104.9755,104.98,104.9755,104.98,0.0,,,,,,,,,,,
2026-09-30T23:28:12+00:00,UNH,US,equity,367.65,367.65,367.65,367.65,0.0,,,,,,,,,,,
2026-09-30T23:27:00+00:00,SPY,US,index_etf,764.8096,764.8096,764.8096,764.8096,0.0,,,,,,,,,,,
2026-09-30T23:28:00+00:00,QQQ,US,index_etf,741.86,741.9692,741.86,741.9023,0.0,,,,,,,,,,,
2026-09-30T23:27:00+00:00,EURUSD=X,FX,currency,1.1334012746810913,1.1334012746810913,1.1334012746810913,1.1334012746810913,0.0,,,,,,,,,,,
2026-09-30T23:28:00+00:00,JPY=X,FX,currency,157.39700317382812,157.4080047607422,157.39700317382812,157.40199279785156,0.0,,,,,,,,,,,
2026-09-30T23:27:00+00:00,GBPUSD=X,FX,currency,1.3264182806015017,1.3264182806015017,1.3264182806015017,1.3264182806015017,0.0,,,,,,,,,,,
2026-09-30T23:28:00+00:00,222800.KQ,KOSDAQ,equity,149900.0,150000.0,149900.0,149900.0,292.0,149900.0,150000.0,,,,,17.0,,,,
2026-09-30T23:28:00+00:00,103590.KS,KRX,equity,82300.0,82300.0,82200.0,82200.0,313.0,82200.0,82300.0,,,,,15.0,,,,
2026-09-30T23:28:00+00:00,051910.KS,KRX,equity,252000.0,252000.0,252000.0,252000.0,30.0,251500.0,252000.0,,,,,7.0,,,,
2026-09-30T23:28:00+00:00,086790.KS,KRX,equity,130500.0,130500.0,130400.0,130400.0,55.0,130400.0,130500.0,,,,,2.0,,,,
2026-09-30T23:28:00+00:00,000270.KS,KRX,equity,113900.0,114100.0,113900.0,114100.0,1519.0,114000.0,114100.0,,,,,14.0,,,,
2026-09-30T23:28:00+00:00,105560.KS,KRX,equity,169900.0,169900.0,169800.0,169900.0,1089.0,169900.0,170000.0,,,,,15.0,,,,
2026-09-30T23:28:00+00:00,298040.KS,KRX,equity,2786000.0,2786000.0,2786000.0,2786000.0,2.0,2785000.0,2786000.0,,,,,2.0,,,,
2026-09-30T23:29:00+00:00,BTC-USD,CRYPTO,crypto,83633.6,83633.7,83609.9,83614.1,0.77767813,,,,,,,66.0,,,,
2026-09-30T23:29:00+00:00,ETH-USD,CRYPTO,crypto,2687.66,2687.89,2687.45,2687.54,0.77939493,,,,,,,22.0,,,,
2026-09-30T23:28:00+00:00,032830.KS,KRX,equity,283000.0,283000.0,283000.0,283000.0,10.0,282500.0,283000.0,,,,,2.0,,,,
2026-09-30T23:28:00+00:00,128940.KS,KRX,equity,498500.0,498500.0,498500.0,498500.0,36.0,498500.0,499000.0,,,,,3.0,,,,
2026-09-30T23:28:00+00:00,108490.KQ,KOSDAQ,equity,288500.0,288500.0,288500.0,288500.0,89.0,288500.0,289000.0,,,,,16.0,,,,
2026-09-30T23:27:00+00:00,034730.KS,KRX,equity,586000.0,586000.0,586000.0,586000.0,1.0,586000.0,587000.0,,,,,1.0,,,,
2026-09-30T23:28:00+00:00,010950.KS,KRX,equity,162000.0,162000.0,161900.0,162000.0,456.0,161900.0,162000.0,,,,,6.0,,,,
2026-09-30T23:29:00+00:00,000660.KS,KRX,equity,1773000.0,1774000.0,1773000.0,1774000.0,947.0,1773000.0,1774000.0,,,,,132.0,,,,
2026-09-30T23:29:00+00:00,034020.KS,KRX,equity,84100.0,84200.0,84000.0,84100.0,9364.0,84100.0,84200.0,,,,,218.0,,,,
2026-09-30T23:29:00+00:00,012450.KS,KRX,equity,1015000.0,1015000.0,1015000.0,1015000.0,172.0,1014000.0,1015000.0,,,,,12.0,,,,
2026-09-30T23:29:00+00:00,005930.KS,KRX,equity,269000.0,269500.0,269000.0,269000.0,2507.0,269000.0,269500.0,,,,,159.0,,,,
2026-09-30T23:29:00+00:00,402340.KS,KRX,equity,1130000.0,1130000.0,1130000.0,1130000.0,108.0,1130000.0,1131000.0,,,,,31.0,,,,
2026-09-30T23:29:00+00:00,003670.KS,KRX,equity,179100.0,179500.0,179000.0,179000.0,703.0,179000.0,179500.0,,,,,13.0,,,,
2026-09-30T23:29:00+00:00,005380.KS,KRX,equity,351500.0,351500.0,351000.0,351000.0,385.0,351000.0,351500.0,,,,,60.0,,,,
2026-09-30T23:29:00+00:00,042700.KS,KRX,equity,256000.0,256500.0,255500.0,255500.0,1061.0,255500.0,256000.0,,,,,46.0,,,,
2026-09-30T23:29:00+00:00,105560.KS,KRX,equity,169900.0,170000.0,169800.0,169800.0,343.0,169800.0,170000.0,,,,,10.0,,,,
2026-09-30T23:29:00+00:00,009150.KS,KRX,equity,1505000.0,1506000.0,1505000.0,1505000.0,280.0,1505000.0,1506000.0,,,,,52.0,,,,
2026-09-30T23:29:00+00:00,066570.KS,KRX,equity,213000.0,213500.0,213000.0,213500.0,89.0,213000.0,213500.0,,,,,9.0,,,,
2026-09-30T23:29:00+00:00,329180.KS,KRX,equity,434500.0,434500.0,434500.0,434500.0,2.0,434000.0,434500.0,,,,,1.0,,,,
2026-09-30T23:29:00+00:00,373220.KS,KRX,equity,356500.0,357000.0,356500.0,356500.0,662.0,356500.0,357000.0,,,,,9.0,,,,
2026-09-30T23:29:00+00:00,035420.KS,KRX,equity,193800.0,193900.0,193800.0,193900.0,657.0,193800.0,193900.0,,,,,11.0,,,,
2026-09-30T23:29:00+00:00,272210.KS,KRX,equity,75400.0,75400.0,75300.0,75400.0,568.0,75300.0,75400.0,,,,,25.0,,,,
2026-09-30T23:29:00+00:00,042660.KS,KRX,equity,79300.0,79300.0,79100.0,79100.0,3656.0,79100.0,79200.0,,,,,27.0,,,,
2026-09-30T23:29:00+00:00,222800.KQ,KOSDAQ,equity,149900.0,150000.0,149900.0,149900.0,120.0,149900.0,150000.0,,,,,17.0,,,,
2026-09-30T23:29:00+00:00,011070.KS,KRX,equity,560000.0,560000.0,559000.0,559000.0,145.0,559000.0,560000.0,,,,,14.0,,,,
2026-09-30T23:29:00+00:00,012330.KS,KRX,equity,393500.0,394000.0,393000.0,393000.0,644.0,393000.0,393500.0,,,,,102.0,,,,
2026-09-30T23:29:00+00:00,000720.KS,KRX,equity,121300.0,121400.0,121200.0,121300.0,794.0,121200.0,121300.0,,,,,37.0,,,,
2026-09-30T23:29:00+00:00,052690.KS,KRX,equity,128400.0,128500.0,128400.0,128400.0,875.0,128400.0,128500.0,,,,,61.0,,,,
2026-09-30T23:29:00+00:00,010060.KS,KRX,equity,220000.0,220000.0,219500.0,220000.0,138.0,219500.0,220000.0,,,,,14.0,,,,
2026-09-30T23:29:00+00:00,000270.KS,KRX,equity,114000.0,114100.0,114000.0,114000.0,124.0,114000.0,114100.0,,,,,11.0,,,,
2026-09-30T23:29:00+00:00,000150.KS,KRX,equity,1410000.0,1410000.0,1408000.0,1410000.0,374.0,1408000.0,1410000.0,,,,,25.0,,,,
2026-09-30T23:29:00+00:00,028260.KS,KRX,equity,342000.0,342000.0,341500.0,342000.0,83.0,341500.0,342000.0,,,,,12.0,,,,
2026-09-30T23:29:00+00:00,005490.KS,KRX,equity,310500.0,311000.0,310500.0,310500.0,369.0,310500.0,311000.0,,,,,19.0,,,,
2026-09-30T23:29:00+00:00,058470.KQ,KOSDAQ,equity,74200.0,74200.0,74100.0,74100.0,255.0,74000.0,74100.0,,,,,10.0,,,,
2026-09-30T23:29:00+00:00,007660.KS,KRX,equity,115600.0,115700.0,115600.0,115600.0,480.0,115600.0,115700.0,,,,,17.0,,,,
2026-09-30T23:29:00+00:00,096770.KS,KRX,equity,149500.0,149500.0,149300.0,149400.0,143.0,149300.0,149400.0,,,,,13.0,,,,
2026-09-30T23:29:00+00:00,006400.KS,KRX,equity,513000.0,514000.0,513000.0,514000.0,702.0,513000.0,514000.0,,,,,24.0,,,,
2026-09-30T23:29:00+00:00,095610.KQ,KOSDAQ,equity,170600.0,170700.0,170600.0,170600.0,133.0,170500.0,170600.0,,,,,25.0,,,,
2026-09-30T23:29:00+00:00,278470.KS,KRX,equity,365500.0,366000.0,365500.0,366000.0,29.0,365500.0,366000.0,,,,,5.0,,,,
2026-09-30T23:29:00+00:00,089970.KQ,KOSDAQ,equity,62100.0,62200.0,62100.0,62200.0,103.0,62100.0,62200.0,,,,,9.0,,,,
2026-09-30T23:29:00+00:00,051910.KS,KRX,equity,252000.0,252000.0,252000.0,252000.0,14.0,251500.0,252000.0,,,,,4.0,,,,
2026-09-30T23:29:00+00:00,010120.KS,KRX,equity,205500.0,206000.0,205500.0,205500.0,200.0,205500.0,206000.0,,,,,16.0,,,,
2026-09-30T23:29:00+00:00,103590.KS,KRX,equity,82300.0,82300.0,82200.0,82200.0,345.0,82200.0,82400.0,,,,,12.0,,,,
2026-09-30T23:29:00+00:00,032830.KS,KRX,equity,283000.0,283000.0,283000.0,283000.0,3.0,282500.0,283000.0,,,,,2.0,,,,
2026-09-30T23:29:00+00:00,034730.KS,KRX,equity,586000.0,586000.0,586000.0,586000.0,34.0,586000.0,587000.0,,,,,1.0,,,,
2026-09-30T23:29:00+00:00,298040.KS,KRX,equity,2786000.0,2786000.0,2785000.0,2785000.0,13.0,2784000.0,2786000.0,,,,,6.0,,,,
2026-09-30T23:29:00+00:00,128940.KS,KRX,equity,499000.0,499000.0,498000.0,498000.0,111.0,498000.0,499000.0,,,,,5.0,,,,
2026-09-30T23:29:00+00:00,010950.KS,KRX,equity,162100.0,162100.0,162100.0,162100.0,21.0,162000.0,162100.0,,,,,2.0,,,,
2026-09-30T23:29:00+00:00,055550.KS,KRX,equity,106900.0,106900.0,106900.0,106900.0,141.0,106800.0,106900.0,,,,,6.0,,,,
2026-09-30T23:29:00+00:00,108490.KQ,KOSDAQ,equity,288500.0,288500.0,288000.0,288000.0,294.0,287500.0,288000.0,,,,,14.0,,,,
2026-09-30T23:29:00+00:00,AAPL,US,equity,333.72,333.996,333.72,333.996,0.0,,,,,,,,,,,
2026-09-30T23:29:00+00:00,MSFT,US,equity,514.0155,514.0155,514.0155,514.0155,0.0,,,,,,,,,,,
2026-09-30T23:29:00+00:00,NVDA,US,equity,229.598,229.6,229.52,229.598,0.0,,,,,,,,,,,
2026-09-30T23:29:00+00:00,AMZN,US,equity,249.69,249.69,249.5019,249.51,0.0,,,,,,,,,,,
2026-09-30T23:29:00+00:00,GOOGL,US,equity,349.02,349.02,348.82,348.89,0.0,,,,,,,,,,,
2026-09-30T23:29:00+00:00,GOOG,US,equity,345.75,345.95,345.75,345.83,0.0,,,,,,,,,,,
2026-09-30T23:29:00+00:00,TSLA,US,equity,354.57,354.58,354.5,354.52,0.0,,,,,,,,,,,
2026-09-30T23:29:00+00:00,AVGO,US,equity,352.65,352.6601,352.531,352.531,0.0,,,,,,,,,,,
2026-09-30T23:29:00+00:00,COST,US,equity,912.1875,912.1875,912.0,912.0,0.0,,,,,,,,,,,
2026-09-30T23:29:00+00:00,NFLX,US,equity,69.88,69.88,69.85,69.8765,0.0,,,,,,,,,,,
2026-09-30T23:29:00+00:00,AMD,US,equity,612.1071,612.3842,612.1071,612.22,0.0,,,,,,,,,,,
2026-09-30T23:29:00+00:00,INTC,US,equity,120.1,120.11,120.08,120.1,0.0,,,,,,,,,,,
2026-09-30T23:28:00+00:00,QCOM,US,equity,184.2,184.2,184.2,184.2,0.0,,,,,,,,,,,
2026-09-30T23:28:00+00:00,CSCO,US,equity,107.52,107.52,107.52,107.52,0.0,,,,,,,,,,,
2026-09-30T23:28:00+00:00,ADBE,US,equity,239.3,240.0,239.3,240.0,0.0,,,,,,,,,,,
2026-09-30T23:26:00+00:00,TXN,US,equity,280.61,280.61,280.61,280.61,0.0,,,,,,,,,,,
2026-09-30T23:29:00+00:00,AMAT,US,equity,513.6001,513.61,513.6001,513.61,0.0,,,,,,,,,,,
2026-09-30T23:29:00+00:00,MU,US,equity,1065.19,1065.2952,1063.5,1063.91,0.0,,,,,,,,,,,
2026-09-30T23:24:00+00:00,KLAC,US,equity,195.33,195.33,195.0,195.0,0.0,,,,,,,,,,,
2026-09-30T23:29:00+00:00,LRCX,US,equity,330.79,331.2,330.57,331.2,0.0,,,,,,,,,,,
2026-09-30T23:29:00+00:00,ASML,US,equity,1815.0,1815.0,1815.0,1815.0,0.0,,,,,,,,,,,
2026-09-30T23:25:00+00:00,ADP,US,equity,258.21,258.21,258.21,258.21,0.0,,,,,,,,,,,
2026-09-30T23:26:00+00:00,BKNG,US,equity,163.69,163.69,163.69,163.69,0.0,,,,,,,,,,,
2026-09-30T23:24:00+00:00,PDD,US,equity,77.96,77.96,77.96,77.96,0.0,,,,,,,,,,,
2026-09-30T23:25:00+00:00,INTU,US,equity,275.3905,275.3905,275.3905,275.3905,0.0,,,,,,,,,,,
2026-09-30T23:24:00+00:00,ISRG,US,equity,407.19,407.19,407.19,407.19,0.0,,,,,,,,,,,
2026-09-30T23:29:00+00:00,VRTX,US,equity,523.0,523.0,523.0,523.0,0.0,,,,,,,,,,,
2026-09-30T23:22:00+00:00,GILD,US,equity,149.58,149.58,149.58,149.58,0.0,,,,,,,,,,,
2026-09-30T23:26:00+00:00,SBUX,US,equity,94.0,94.0,94.0,94.0,0.0,,,,,,,,,,,
2026-09-30T23:29:00+00:00,SBUX,US,equity,94.0001,94.0001,94.0001,94.0001,0.0,,,,,,,,,,,
2026-09-30T23:29:00+00:00,PYPL,US,equity,53.29,53.315,53.29,53.29,0.0,,,,,,,,,,,
2026-09-30T23:27:00+00:00,PANW,US,equity,398.33,398.33,398.33,398.33,0.0,,,,,,,,,,,
2026-09-30T23:29:00+00:00,PANW,US,equity,397.6286,398.0,397.6286,398.0,0.0,,,,,,,,,,,
2026-09-30T23:28:00+00:00,MDB,US,equity,349.5,349.5,349.5,349.5,0.0,,,,,,,,,,,
2026-09-30T23:29:00+00:00,MDB,US,equity,349.5,349.5,349.4999,349.4999,0.0,,,,,,,,,,,
2026-09-30T23:26:00+00:00,PEP,US,equity,126.98,126.98,126.98,126.98,0.0,,,,,,,,,,,
2026-09-30T23:29:00+00:00,MAR,US,equity,355.9799,355.9799,355.9799,355.9799,0.0,,,,,,,,,,,
2026-09-30T23:29:00+00:00,MELI,US,equity,1724.66,1724.66,1724.66,1724.66,0.0,,,,,,,,,,,
2026-09-30T23:27:00+00:00,LULU,US,equity,96.3,96.3,96.3,96.3,0.0,,,,,,,,,,,
2026-09-30T23:29:00+00:00,LULU,US,equity,96.34,96.34,96.34,96.34,0.0,,,,,,,,,,,
2026-09-30T23:21:00+00:00,ORLY,US,equity,85.65,85.65,85.65,85.65,0.0,,,,,,,,,,,
2026-09-30T23:28:51+00:00,BAC,US,equity,54.49,54.49,54.49,54.49,0.0,,,,,,,,,,,
2026-09-30T23:29:00+00:00,WMT,US,equity,104.8303,104.9755,104.8303,104.836,0.0,,,,,,,,,,,
2026-09-30T23:28:56+00:00,SPY,US,index_etf,764.79,764.79,764.79,764.79,0.0,,,,,,,,,,,
2026-09-30T23:29:00+00:00,QQQ,US,index_etf,741.9497,741.9876,741.89,741.9238,0.0,,,,,,,,,,,
2026-09-30T23:20:37+00:00,ES=F,CME,index_future,7736.25,7736.25,7736.25,7736.25,0.0,,,,,,,,,,,
2026-09-30T23:20:38+00:00,NQ=F,CME,index_future,30773.0,30773.0,30773.0,30773.0,0.0,,,,,,,,,,,
2026-09-30T23:28:00+00:00,EURUSD=X,FX,currency,1.1334012746810913,1.1334012746810913,1.1334012746810913,1.1334012746810913,0.0,,,,,,,,,,,
2026-09-30T23:26:00+00:00,KRW=X,FX,currency,1358.219970703125,1358.47998046875,1356.469970703125,1356.469970703125,0.0,,,,,,,,,,,
2026-09-30T23:29:00+00:00,KRW=X,FX,currency,1356.469970703125,1358.06005859375,1356.469970703125,1357.02001953125,0.0,,,,,,,,,,,
2026-09-30T23:29:00+00:00,JPY=X,FX,currency,157.3979949951172,157.4080047607422,157.38600158691406,157.38699340820312,0.0,,,,,,,,,,,
2026-09-30T23:28:00+00:00,GBPUSD=X,FX,currency,1.3265239000320437,1.3265239000320437,1.3265239000320437,1.3265239000320437,0.0,,,,,,,,,,,
2026-09-30T23:30:00+00:00,BTC-USD,CRYPTO,crypto,83614.1,83631.9,83608.7,83631.9,0.66219138,,,,,,,68.0,,,,
2026-09-30T23:30:00+00:00,ETH-USD,CRYPTO,crypto,2687.45,2687.78,2687.45,2687.78,0.93791844,,,,,,,9.0,,,,
2026-09-30T23:29:00+00:00,086790.KS,KRX,equity,130400.0,130400.0,130400.0,130400.0,82.0,130300.0,130400.0,,,,,4.0,,,,
2026-09-30T23:29:00+00:00,003230.KS,KRX,equity,1217000.0,1217000.0,1216000.0,1217000.0,23.0,1216000.0,1218000.0,,,,,4.0,,,,
2026-09-30T23:30:00+00:00,034020.KS,KRX,equity,84100.0,84200.0,84100.0,84200.0,10302.0,84100.0,84200.0,,,,,178.0,,,,
2026-09-30T23:30:00+00:00,009150.KS,KRX,equity,1505000.0,1513000.0,1504000.0,1505000.0,906.0,1504000.0,1505000.0,,,,,59.0,,,,
2026-09-30T23:30:00+00:00,042700.KS,KRX,equity,255500.0,256500.0,255000.0,255000.0,698.0,255000.0,255500.0,,,,,52.0,,,,
2026-09-30T23:30:00+00:00,000660.KS,KRX,equity,1773000.0,1776000.0,1770000.0,1770000.0,3052.0,1770000.0,1772000.0,,,,,151.0,,,,
2026-09-30T23:30:00+00:00,052690.KS,KRX,equity,128400.0,128700.0,128400.0,128700.0,5015.0,128700.0,128800.0,,,,,70.0,,,,
2026-09-30T23:30:00+00:00,005930.KS,KRX,equity,268500.0,269500.0,268500.0,269000.0,46162.0,268500.0,269000.0,,,,,238.0,,,,
2026-09-30T23:30:00+00:00,012330.KS,KRX,equity,393000.0,393500.0,392500.0,392500.0,677.0,392500.0,393000.0,,,,,87.0,,,,
2026-09-30T23:30:00+00:00,005380.KS,KRX,equity,351000.0,351500.0,351000.0,351000.0,980.0,351000.0,351500.0,,,,,60.0,,,,
2026-09-30T23:30:00+00:00,096770.KS,KRX,equity,149400.0,149400.0,149200.0,149300.0,222.0,149100.0,149300.0,,,,,11.0,,,,
2026-09-30T23:30:00+00:00,000720.KS,KRX,equity,121300.0,121300.0,121000.0,121300.0,3521.0,121100.0,121300.0,,,,,40.0,,,,
2026-09-30T23:30:00+00:00,010060.KS,KRX,equity,223500.0,223500.0,219500.0,219500.0,692.0,219000.0,219500.0,,,,,12.0,,,,
2026-09-30T23:30:00+00:00,011070.KS,KRX,equity,564000.0,564000.0,559000.0,559000.0,315.0,559000.0,560000.0,,,,,27.0,,,,
2026-09-30T23:30:00+00:00,035420.KS,KRX,equity,193900.0,193900.0,193800.0,193900.0,84.0,193800.0,193900.0,,,,,16.0,,,,
2026-09-30T23:30:00+00:00,066570.KS,KRX,equity,213500.0,213500.0,212500.0,213000.0,2668.0,212500.0,213000.0,,,,,33.0,,,,
2026-09-30T23:30:00+00:00,000270.KS,KRX,equity,114100.0,114100.0,113900.0,114000.0,282.0,114000.0,114100.0,,,,,16.0,,,,
2026-09-30T23:30:00+00:00,042660.KS,KRX,equity,79100.0,79200.0,79100.0,79200.0,3179.0,79100.0,79200.0,,,,,34.0,,,,
2026-09-30T23:30:00+00:00,005490.KS,KRX,equity,310500.0,311000.0,310500.0,311000.0,245.0,310500.0,311000.0,,,,,25.0,,,,
2026-09-30T23:30:00+00:00,093370.KS,KRX,equity,15000.0,15000.0,15000.0,15000.0,1397.0,0.0,0.0,,,,,6.0,,,,
2026-09-30T23:30:00+00:00,072950.KQ,KOSDAQ,equity,15180.0,15180.0,15180.0,15180.0,700.0,0.0,0.0,,,,,1.0,,,,
2026-09-30T23:30:00+00:00,222800.KQ,KOSDAQ,equity,149900.0,150300.0,149700.0,149700.0,1030.0,149700.0,149800.0,,,,,24.0,,,,
2026-09-30T23:30:00+00:00,058470.KQ,KOSDAQ,equity,74100.0,74200.0,74100.0,74100.0,731.0,74000.0,74100.0,,,,,18.0,,,,
2026-09-30T23:30:00+00:00,108490.KQ,KOSDAQ,equity,288000.0,288000.0,287000.0,287000.0,1303.0,287000.0,287500.0,,,,,21.0,,,,
2026-09-30T23:30:00+00:00,402340.KS,KRX,equity,1130000.0,1139000.0,1129000.0,1129000.0,930.0,1128000.0,1129000.0,,,,,23.0,,,,
2026-09-30T23:30:00+00:00,003670.KS,KRX,equity,179500.0,179700.0,179400.0,179700.0,673.0,179100.0,179700.0,,,,,7.0,,,,
2026-09-30T23:30:00+00:00,006400.KS,KRX,equity,514000.0,514000.0,513000.0,513000.0,558.0,513000.0,514000.0,,,,,23.0,,,,
2026-09-30T23:30:00+00:00,010170.KQ,KOSDAQ,equity,16680.0,16680.0,16680.0,16680.0,601.0,0.0,0.0,,,,,13.0,,,,
2026-09-30T23:30:00+00:00,032830.KS,KRX,equity,282500.0,283000.0,282500.0,283000.0,70.0,282500.0,283000.0,,,,,2.0,,,,
2026-09-30T23:30:00+00:00,030530.KQ,KOSDAQ,equity,26400.0,26400.0,26400.0,26400.0,60.0,0.0,0.0,,,,,1.0,,,,
2026-09-30T23:30:00+00:00,373220.KS,KRX,equity,356500.0,357000.0,356500.0,356500.0,69.0,356500.0,357000.0,,,,,7.0,,,,
2026-09-30T23:30:00+00:00,007660.KS,KRX,equity,115600.0,115600.0,115300.0,115300.0,1230.0,115300.0,115400.0,,,,,22.0,,,,
2026-09-30T23:30:00+00:00,095610.KQ,KOSDAQ,equity,170600.0,170600.0,170500.0,170500.0,170.0,170500.0,170600.0,,,,,10.0,,,,
2026-09-30T23:30:00+00:00,272210.KS,KRX,equity,75000.0,75400.0,75000.0,75300.0,301.0,75200.0,75300.0,,,,,13.0,,,,
2026-09-30T23:30:00+00:00,055550.KS,KRX,equity,106800.0,106800.0,106700.0,106700.0,249.0,106600.0,106700.0,,,,,5.0,,,,
2026-09-30T23:30:00+00:00,089970.KQ,KOSDAQ,equity,62100.0,62200.0,62100.0,62100.0,401.0,62100.0,62200.0,,,,,8.0,,,,
2026-09-30T23:30:00+00:00,329180.KS,KRX,equity,434000.0,434000.0,433500.0,433500.0,672.0,433000.0,433500.0,,,,,9.0,,,,
2026-09-30T23:30:00+00:00,028260.KS,KRX,equity,342000.0,342000.0,341000.0,341000.0,729.0,341000.0,342000.0,,,,,9.0,,,,
2026-09-30T23:30:00+00:00,000150.KS,KRX,equity,1409000.0,1410000.0,1408000.0,1409000.0,95.0,1408000.0,1409000.0,,,,,21.0,,,,
2026-09-30T23:30:00+00:00,105560.KS,KRX,equity,170000.0,170000.0,169800.0,169900.0,280.0,169800.0,169900.0,,,,,5.0,,,,
2026-09-30T23:30:00+00:00,003230.KS,KRX,equity,1217000.0,1217000.0,1216000.0,1216000.0,14.0,1216000.0,1217000.0,,,,,2.0,,,,
2026-09-30T23:30:00+00:00,036540.KQ,KOSDAQ,equity,10780.0,10780.0,10780.0,10780.0,125.0,0.0,0.0,,,,,2.0,,,,
2026-09-30T23:30:00+00:00,298040.KS,KRX,equity,2784000.0,2784000.0,2781000.0,2781000.0,48.0,2781000.0,2782000.0,,,,,7.0,,,,
2026-09-30T23:30:00+00:00,128940.KS,KRX,equity,497500.0,498500.0,497500.0,498500.0,140.0,498500.0,499000.0,,,,,2.0,,,,
2026-09-30T23:30:00+00:00,950260.KQ,KOSDAQ,equity,26000.0,26000.0,26000.0,26000.0,145.0,0.0,0.0,,,,,4.0,,,,
2026-09-30T23:30:00+00:00,278470.KS,KRX,equity,365500.0,366000.0,365500.0,365500.0,25.0,365500.0,366000.0,,,,,5.0,,,,
2026-09-30T23:30:00+00:00,103590.KS,KRX,equity,82200.0,82200.0,82000.0,82000.0,715.0,82000.0,82100.0,,,,,13.0,,,,
2026-09-30T23:30:00+00:00,010120.KS,KRX,equity,205500.0,205500.0,205000.0,205500.0,905.0,205000.0,205500.0,,,,,13.0,,,,
2026-09-30T23:30:00+00:00,012450.KS,KRX,equity,1014000.0,1014000.0,1014000.0,1014000.0,100.0,1013000.0,1014000.0,,,,,8.0,,,,
2026-09-30T23:30:00+00:00,086790.KS,KRX,equity,130300.0,130300.0,130100.0,130100.0,508.0,130100.0,130400.0,,,,,3.0,,,,
2026-09-30T23:30:00+00:00,080220.KQ,KOSDAQ,equity,78300.0,78300.0,78300.0,78300.0,58.0,0.0,0.0,,,,,3.0,,,,
2026-09-30T23:30:00+00:00,386380.KQ,KOSDAQ,equity,18450.0,18450.0,18450.0,18450.0,103.0,0.0,0.0,,,,,3.0,,,,
2026-09-30T23:30:00+00:00,010950.KS,KRX,equity,162000.0,162100.0,161900.0,162100.0,1171.0,162000.0,162200.0,,,,,8.0,,,,
2026-09-30T23:30:00+00:00,353200.KS,KRX,equity,132500.0,132500.0,132500.0,132500.0,82.0,0.0,0.0,,,,,5.0,,,,
2026-09-30T23:30:00+00:00,005935.KS,KRX,equity,195200.0,195200.0,195200.0,195200.0,16.0,0.0,0.0,,,,,2.0,,,,
2026-09-30T23:30:00+00:00,051910.KS,KRX,equity,252000.0,252000.0,251500.0,251500.0,225.0,251500.0,252000.0,,,,,9.0,,,,
2026-09-30T23:30:00+00:00,AAPL,US,equity,333.88,333.99,333.8437,333.8437,0.0,,,,,,,,,,,
2026-09-30T23:30:00+00:00,MSFT,US,equity,514.05,514.11,514.031,514.11,0.0,,,,,,,,,,,
2026-09-30T23:30:00+00:00,NVDA,US,equity,229.598,229.7,229.522,229.6997,0.0,,,,,,,,,,,
2026-09-30T23:30:00+00:00,AMZN,US,equity,249.54,249.67,249.5,249.67,0.0,,,,,,,,,,,
2026-09-30T23:30:00+00:00,GOOGL,US,equity,348.89,349.3,348.89,349.02,0.0,,,,,,,,,,,
2026-09-30T23:30:00+00:00,GOOG,US,equity,345.95,346.21,345.7899,346.11,0.0,,,,,,,,,,,
2026-09-30T23:30:00+00:00,TSLA,US,equity,354.53,354.65,354.51,354.51,0.0,,,,,,,,,,,
2026-09-30T23:30:00+00:00,AVGO,US,equity,352.5447,352.86,352.5447,352.86,0.0,,,,,,,,,,,
2026-09-30T23:30:03+00:00,COST,US,equity,912.66,912.66,912.66,912.66,0.0,,,,,,,,,,,
2026-09-30T23:30:00+00:00,NFLX,US,equity,69.85,69.88,69.85,69.88,0.0,,,,,,,,,,,
2026-09-30T23:30:00+00:00,AMD,US,equity,612.3,612.45,612.1,612.31,0.0,,,,,,,,,,,
2026-09-30T23:30:00+00:00,INTC,US,equity,120.13,120.19,120.1,120.19,0.0,,,,,,,,,,,
2026-09-30T23:30:00+00:00,QCOM,US,equity,184.14,184.2,183.7,184.2,0.0,,,,,,,,,,,
2026-09-30T23:30:33+00:00,CSCO,US,equity,107.62,107.62,107.62,107.62,0.0,,,,,,,,,,,
2026-09-30T23:30:37+00:00,ADBE,US,equity,240.24,240.24,240.24,240.24,0.0,,,,,,,,,,,
2026-09-30T23:30:03+00:00,TXN,US,equity,281.33,281.33,281.33,281.33,0.0,,,,,,,,,,,
2026-09-30T23:30:00+00:00,AMAT,US,equity,513.93,514.5,513.93,514.5,0.0,,,,,,,,,,,
2026-09-30T23:30:00+00:00,MU,US,equity,1063.91,1065.01,1063.91,1064.38,0.0,,,,,,,,,,,
2026-09-30T23:30:33+00:00,KLAC,US,equity,195.85,195.85,195.85,195.85,0.0,,,,,,,,,,,
2026-09-30T23:30:00+00:00,LRCX,US,equity,330.7,331.0249,330.7,330.93,0.0,,,,,,,,,,,
2026-09-30T23:30:00+00:00,ASML,US,equity,1817.3,1818.71,1817.3,1817.8,0.0,,,,,,,,,,,
2026-09-30T23:30:03+00:00,ADP,US,equity,258.06,258.06,258.06,258.06,0.0,,,,,,,,,,,
2026-09-30T23:30:38+00:00,BKNG,US,equity,163.45,163.45,163.45,163.45,0.0,,,,,,,,,,,
2026-09-30T23:30:46+00:00,PDD,US,equity,77.99,77.99,77.99,77.99,0.0,,,,,,,,,,,
2026-09-30T23:30:00+00:00,INTU,US,equity,275.3357,275.3357,275.3357,275.3357,0.0,,,,,,,,,,,
2026-09-30T23:30:38+00:00,ISRG,US,equity,407.08,407.08,407.08,407.08,0.0,,,,,,,,,,,
2026-09-30T23:30:03+00:00,VRTX,US,equity,522.81,522.81,522.81,522.81,0.0,,,,,,,,,,,
2026-09-30T23:30:03+00:00,GILD,US,equity,148.99,148.99,148.99,148.99,0.0,,,,,,,,,,,
2026-09-30T23:30:00+00:00,SBUX,US,equity,94.0,94.03,94.0,94.03,0.0,,,,,,,,,,,
2026-09-30T23:30:00+00:00,PYPL,US,equity,53.315,53.315,53.29,53.3,0.0,,,,,,,,,,,
2026-09-30T23:30:00+00:00,PANW,US,equity,398.48,398.48,398.48,398.48,0.0,,,,,,,,,,,
2026-09-30T23:25:00+00:00,HD,US,equity,284.69,284.69,284.69,284.69,0.0,,,,,,,,,,,
2026-09-30T23:30:03+00:00,MDB,US,equity,349.3921,349.3921,349.3921,349.3921,0.0,,,,,,,,,,,
2026-09-30T23:30:00+00:00,PEP,US,equity,126.99,127.0,126.99,127.0,0.0,,,,,,,,,,,
2026-09-30T23:30:03+00:00,MAR,US,equity,355.67,355.67,355.67,355.67,0.0,,,,,,,,,,,
2026-09-30T23:30:00+00:00,MELI,US,equity,1726.0,1726.0,1726.0,1726.0,0.0,,,,,,,,,,,
2026-09-30T23:30:02+00:00,LULU,US,equity,96.27,96.27,96.27,96.27,0.0,,,,,,,,,,,
2026-09-30T23:30:00+00:00,CHTR,US,equity,110.9,110.9,110.9,110.9,0.0,,,,,,,,,,,
2026-09-30T23:30:03+00:00,TEAM,US,equity,179.39,179.39,179.39,179.39,0.0,,,,,,,,,,,
2026-09-30T23:30:40+00:00,ORLY,US,equity,85.3501,85.3501,85.3501,85.3501,0.0,,,,,,,,,,,
2026-09-30T23:30:03+00:00,NXPI,US,equity,237.53,237.53,237.53,237.53,0.0,,,,,,,,,,,
2026-09-30T23:30:03+00:00,FANG,US,equity,183.81,183.81,183.81,183.81,0.0,,,,,,,,,,,
2026-09-30T23:30:03+00:00,HON,US,equity,210.8,210.8,210.8,210.8,0.0,,,,,,,,,,,
2026-09-30T23:30:00+00:00,WMT,US,equity,104.836,104.95,104.836,104.95,0.0,,,,,,,,,,,
2026-09-30T23:28:00+00:00,SPY,US,index_etf,764.79,764.79,764.79,764.79,0.0,,,,,,,,,,,
2026-09-30T23:30:00+00:00,SPY,US,index_etf,764.98,764.98,764.9799,764.9799,0.0,,,,,,,,,,,
2026-09-30T23:30:00+00:00,QQQ,US,index_etf,741.99,742.17,741.99,742.15,0.0,,,,,,,,,,,
2026-09-30T23:21:00+00:00,ES=F,CME,index_future,7736.25,7737.75,7736.25,7737.75,0.0,,,,,,,,,,,
2026-09-30T23:21:47+00:00,ES=F,CME,index_future,7737.75,7737.75,7737.75,7737.75,0.0,,,,,,,,,,,
2026-09-30T23:21:00+00:00,NQ=F,CME,index_future,30772.75,30785.25,30772.0,30784.75,0.0,,,,,,,,,,,
2026-09-30T23:21:51+00:00,NQ=F,CME,index_future,30784.5,30784.5,30784.5,30784.5,0.0,,,,,,,,,,,
2026-09-30T23:21:00+00:00,GC=F,COMEX,commodity_future,4183.7998046875,4184.89990234375,4183.7998046875,4184.60009765625,0.0,,,,,,,,,,,
2026-09-30T23:21:44+00:00,GC=F,COMEX,commodity_future,4184.60009765625,4184.60009765625,4184.60009765625,4184.60009765625,0.0,,,,,,,,,,,
2026-09-30T23:21:00+00:00,SI=F,COMEX,commodity_future,60.65499877929688,60.65499877929688,60.65499877929688,60.65499877929688,0.0,,,,,,,,,,,
2026-09-30T23:21:23+00:00,SI=F,COMEX,commodity_future,60.65499877929688,60.65499877929688,60.65499877929688,60.65499877929688,0.0,,,,,,,,,,,
2026-09-30T23:21:00+00:00,CL=F,NYMEX,commodity_future,90.0999984741211,90.11000061035156,90.0999984741211,90.11000061035156,0.0,,,,,,,,,,,
2026-09-30T23:21:31+00:00,CL=F,NYMEX,commodity_future,90.11000061035156,90.11000061035156,90.11000061035156,90.11000061035156,0.0,,,,,,,,,,,
2026-09-30T23:21:00+00:00,HG=F,COMEX,commodity_future,6.626500129699707,6.627500057220459,6.626500129699707,6.626500129699707,0.0,,,,,,,,,,,
2026-09-30T23:21:50+00:00,HG=F,COMEX,commodity_future,6.626500129699707,6.626500129699707,6.626500129699707,6.626500129699707,0.0,,,,,,,,,,,
2026-09-30T23:29:00+00:00,EURUSD=X,FX,currency,1.133529782295227,1.133529782295227,1.133529782295227,1.133529782295227,0.0,,,,,,,,,,,
2026-09-30T23:30:00+00:00,KRW=X,FX,currency,1358.1099853515625,1358.1300048828125,1357.260009765625,1358.06005859375,0.0,,,,,,,,,,,
2026-09-30T23:30:00+00:00,JPY=X,FX,currency,157.39199829101562,157.39999389648438,157.3780059814453,157.3780059814453,0.0,,,,,,,,,,,
2026-09-30T23:29:00+00:00,GBPUSD=X,FX,currency,1.326559066772461,1.326559066772461,1.326559066772461,1.326559066772461,0.0,,,,,,,,,,,
2026-09-30T23:30:00+00:00,009830.KS,KRX,equity,33900.0,33900.0,33900.0,33900.0,26.0,0.0,0.0,,,,,4.0,,,,
2026-09-30T23:30:00+00:00,036930.KQ,KOSDAQ,equity,232500.0,232500.0,232500.0,232500.0,199.0,0.0,0.0,,,,,12.0,,,,
2026-09-30T23:31:00+00:00,BTC-USD,CRYPTO,crypto,83632.2,83637.2,83586.3,83586.3,12.57742949,,,,,,,161.0,,,,
2026-09-30T23:31:00+00:00,ETH-USD,CRYPTO,crypto,2687.78,2687.79,2685.72,2685.72,1.94726599,,,,,,,32.0,,,,
2026-09-30T23:30:00+00:00,403870.KQ,KOSDAQ,equity,63700.0,63700.0,63700.0,63700.0,20.0,0.0,0.0,,,,,3.0,,,,
2026-09-30T23:30:00+00:00,043260.KQ,KOSDAQ,equity,26450.0,26450.0,26450.0,26450.0,25.0,0.0,0.0,,,,,1.0,,,,
2026-09-30T23:31:00+00:00,052690.KS,KRX,equity,128700.0,128900.0,128600.0,128800.0,2161.0,128700.0,128800.0,,,,,103.0,,,,
2026-09-30T23:31:00+00:00,042700.KS,KRX,equity,255000.0,256000.0,255000.0,255000.0,634.0,255000.0,256000.0,,,,,43.0,,,,
2026-09-30T23:31:00+00:00,000660.KS,KRX,equity,1770000.0,1772000.0,1770000.0,1771000.0,1139.0,1771000.0,1772000.0,,,,,147.0,,,,
2026-09-30T23:31:00+00:00,005930.KS,KRX,equity,268500.0,269000.0,268500.0,269000.0,5452.0,268500.0,269000.0,,,,,171.0,,,,
2026-09-30T23:31:00+00:00,272210.KS,KRX,equity,75300.0,75300.0,75000.0,75000.0,432.0,75000.0,75100.0,,,,,17.0,,,,
2026-09-30T23:31:00+00:00,089970.KQ,KOSDAQ,equity,62100.0,62200.0,62000.0,62000.0,1097.0,62000.0,62100.0,,,,,10.0,,,,
2026-09-30T23:31:00+00:00,032830.KS,KRX,equity,282500.0,283000.0,282500.0,282500.0,14.0,282000.0,282500.0,,,,,5.0,,,,
2026-09-30T23:31:00+00:00,128940.KS,KRX,equity,497500.0,498500.0,497500.0,498500.0,45.0,497500.0,498500.0,,,,,3.0,,,,
2026-09-30T23:31:00+00:00,010120.KS,KRX,equity,205500.0,205500.0,205000.0,205000.0,470.0,205000.0,205500.0,,,,,8.0,,,,
2026-09-30T23:31:00+00:00,034020.KS,KRX,equity,84200.0,84300.0,84100.0,84200.0,14249.0,84200.0,84300.0,,,,,296.0,,,,
2026-09-30T23:31:00+00:00,095610.KQ,KOSDAQ,equity,170500.0,170500.0,170400.0,170400.0,104.0,170400.0,170500.0,,,,,19.0,,,,
2026-09-30T23:31:00+00:00,009150.KS,KRX,equity,1505000.0,1505000.0,1502000.0,1502000.0,1046.0,1502000.0,1503000.0,,,,,54.0,,,,
2026-09-30T23:31:00+00:00,000720.KS,KRX,equity,121300.0,121300.0,121000.0,121100.0,1487.0,121100.0,121200.0,,,,,33.0,,,,
2026-09-30T23:31:00+00:00,402340.KS,KRX,equity,1129000.0,1130000.0,1128000.0,1128000.0,395.0,1128000.0,1129000.0,,,,,29.0,,,,
2026-09-30T23:31:00+00:00,005380.KS,KRX,equity,351000.0,351500.0,351000.0,351500.0,353.0,351000.0,351500.0,,,,,56.0,,,,
2026-09-30T23:31:00+00:00,058470.KQ,KOSDAQ,equity,74100.0,74200.0,74000.0,74200.0,331.0,74100.0,74200.0,,,,,17.0,,,,
2026-09-30T23:31:00+00:00,105560.KS,KRX,equity,169800.0,169900.0,169800.0,169800.0,282.0,169800.0,169900.0,,,,,5.0,,,,
2026-09-30T23:31:00+00:00,222800.KQ,KOSDAQ,equity,149700.0,149700.0,149700.0,149700.0,744.0,149600.0,149700.0,,,,,14.0,,,,
2026-09-30T23:31:00+00:00,005490.KS,KRX,equity,310500.0,311500.0,310500.0,311000.0,1207.0,311000.0,311500.0,,,,,39.0,,,,
2026-09-30T23:31:00+00:00,003670.KS,KRX,equity,179700.0,179700.0,179400.0,179700.0,541.0,179200.0,179700.0,,,,,10.0,,,,
2026-09-30T23:31:00+00:00,010950.KS,KRX,equity,162100.0,162100.0,162100.0,162100.0,2.0,162000.0,162100.0,,,,,2.0,,,,
2026-09-30T23:31:00+00:00,012330.KS,KRX,equity,392500.0,393000.0,392000.0,392500.0,724.0,392000.0,392500.0,,,,,76.0,,,,
2026-09-30T23:31:00+00:00,042660.KS,KRX,equity,79200.0,79300.0,79100.0,79300.0,1694.0,79100.0,79300.0,,,,,36.0,,,,
2026-09-30T23:31:00+00:00,000150.KS,KRX,equity,1408000.0,1409000.0,1407000.0,1407000.0,237.0,1406000.0,1407000.0,,,,,30.0,,,,
2026-09-30T23:31:00+00:00,010060.KS,KRX,equity,219500.0,219500.0,219000.0,219000.0,1084.0,219000.0,219500.0,,,,,29.0,,,,
2026-09-30T23:31:00+00:00,329180.KS,KRX,equity,433500.0,433500.0,433000.0,433000.0,267.0,433000.0,433500.0,,,,,9.0,,,,
2026-09-30T23:31:00+00:00,066570.KS,KRX,equity,213000.0,213000.0,212500.0,213000.0,208.0,212500.0,213000.0,,,,,20.0,,,,
2026-09-30T23:31:00+00:00,000270.KS,KRX,equity,114000.0,114100.0,114000.0,114000.0,124.0,113900.0,114000.0,,,,,14.0,,,,
2026-09-30T23:31:00+00:00,007660.KS,KRX,equity,115300.0,115400.0,115300.0,115400.0,152.0,115300.0,115400.0,,,,,13.0,,,,
2026-09-30T23:31:00+00:00,012450.KS,KRX,equity,1014000.0,1014000.0,1013000.0,1013000.0,42.0,1013000.0,1014000.0,,,,,2.0,,,,
2026-09-30T23:31:00+00:00,011070.KS,KRX,equity,559000.0,559000.0,559000.0,559000.0,45.0,559000.0,560000.0,,,,,8.0,,,,
2026-09-30T23:31:00+00:00,035420.KS,KRX,equity,193900.0,193900.0,193800.0,193900.0,442.0,193800.0,193900.0,,,,,17.0,,,,
2026-09-30T23:31:00+00:00,403870.KQ,KOSDAQ,equity,63700.0,63700.0,63700.0,63700.0,1.0,0.0,0.0,,,,,1.0,,,,
2026-09-30T23:31:00+00:00,006400.KS,KRX,equity,513000.0,513000.0,513000.0,513000.0,144.0,513000.0,514000.0,,,,,13.0,,,,
2026-09-30T23:31:00+00:00,278470.KS,KRX,equity,366000.0,366000.0,365500.0,365500.0,276.0,365500.0,366000.0,,,,,6.0,,,,
2026-09-30T23:31:00+00:00,043260.KQ,KOSDAQ,equity,26450.0,26450.0,26450.0,26450.0,100.0,0.0,0.0,,,,,1.0,,,,
2026-09-30T23:31:00+00:00,108490.KQ,KOSDAQ,equity,287500.0,288500.0,287000.0,287500.0,306.0,287500.0,288000.0,,,,,23.0,,,,
2026-09-30T23:31:00+00:00,001820.KS,KRX,equity,149200.0,149200.0,149200.0,149200.0,7.0,0.0,0.0,,,,,1.0,,,,
2026-09-30T23:31:00+00:00,096770.KS,KRX,equity,149300.0,149300.0,149100.0,149200.0,347.0,149100.0,149300.0,,,,,12.0,,,,
2026-09-30T23:31:00+00:00,028260.KS,KRX,equity,341000.0,341000.0,341000.0,341000.0,90.0,341000.0,342000.0,,,,,4.0,,,,
2026-09-30T23:31:00+00:00,298040.KS,KRX,equity,2781000.0,2782000.0,2781000.0,2781000.0,39.0,2781000.0,2782000.0,,,,,9.0,,,,
2026-09-30T23:31:00+00:00,051910.KS,KRX,equity,251500.0,252000.0,251500.0,251500.0,37.0,251500.0,252000.0,,,,,3.0,,,,
2026-09-30T23:31:00+00:00,086790.KS,KRX,equity,130100.0,130100.0,130100.0,130100.0,11.0,130100.0,130400.0,,,,,1.0,,,,
2026-09-30T23:31:00+00:00,373220.KS,KRX,equity,356500.0,356500.0,356000.0,356000.0,73.0,356000.0,356500.0,,,,,7.0,,,,
2026-09-30T23:31:00+00:00,010170.KQ,KOSDAQ,equity,16680.0,16680.0,16680.0,16680.0,196.0,0.0,0.0,,,,,8.0,,,,
2026-09-30T23:31:00+00:00,353200.KS,KRX,equity,132500.0,132500.0,132500.0,132500.0,4.0,0.0,0.0,,,,,1.0,,,,
2026-09-30T23:31:00+00:00,103590.KS,KRX,equity,82000.0,82100.0,82000.0,82000.0,771.0,82000.0,82100.0,,,,,11.0,,,,
2026-09-30T23:31:00+00:00,093370.KS,KRX,equity,15000.0,15000.0,15000.0,15000.0,3051.0,0.0,0.0,,,,,4.0,,,,
2026-09-30T23:30:00+00:00,0010S0.KQ,KOSDAQ,equity,21100.0,21100.0,21100.0,21100.0,21.0,0.0,0.0,,,,,2.0,,,,
2026-09-30T23:31:00+00:00,005935.KS,KRX,equity,195200.0,195200.0,195200.0,195200.0,6.0,0.0,0.0,,,,,2.0,,,,
2026-09-30T23:31:00+00:00,009830.KS,KRX,equity,33900.0,33900.0,33900.0,33900.0,3.0,0.0,0.0,,,,,1.0,,,,
2026-09-30T23:31:00+00:00,036930.KQ,KOSDAQ,equity,232500.0,232500.0,232500.0,232500.0,21.0,0.0,0.0,,,,,2.0,,,,
2026-09-30T23:31:00+00:00,003230.KS,KRX,equity,1216000.0,1216000.0,1216000.0,1216000.0,20.0,1216000.0,1217000.0,,,,,3.0,,,,
2026-09-30T23:30:00+00:00,115440.KQ,KOSDAQ,equity,11730.0,11730.0,11730.0,11730.0,1.0,0.0,0.0,,,,,1.0,,,,
2026-09-30T23:31:00+00:00,AAPL,US,equity,333.9671,333.99,333.9668,333.98,0.0,,,,,,,,,,,
2026-09-30T23:32:00+00:00,AAPL,US,equity,333.99,334.0,333.8901,333.9,0.0,,,,,,,,,,,
2026-09-30T23:31:00+00:00,MSFT,US,equity,514.0373,514.11,514.0373,514.11,0.0,,,,,,,,,,,
2026-09-30T23:32:00+00:00,MSFT,US,equity,514.0775,514.32,513.9052,514.01,0.0,,,,,,,,,,,
2026-09-30T23:31:00+00:00,NVDA,US,equity,229.6997,229.7,229.522,229.599,0.0,,,,,,,,,,,
2026-09-30T23:32:00+00:00,NVDA,US,equity,229.599,229.65,229.561,229.6,0.0,,,,,,,,,,,
2026-09-30T23:31:00+00:00,AMZN,US,equity,249.6,249.68,249.6,249.65,0.0,,,,,,,,,,,
2026-09-30T23:31:00+00:00,GOOGL,US,equity,349.1,349.2,349.1,349.2,0.0,,,,,,,,,,,
2026-09-30T23:32:00+00:00,GOOGL,US,equity,349.2,349.25,349.1,349.19,0.0,,,,,,,,,,,
2026-09-30T23:31:00+00:00,GOOG,US,equity,345.988,346.25,345.97,346.11,0.0,,,,,,,,,,,
2026-09-30T23:31:00+00:00,TSLA,US,equity,354.51,354.62,354.5,354.54,0.0,,,,,,,,,,,
2026-09-30T23:32:00+00:00,TSLA,US,equity,354.604,354.63,354.51,354.63,0.0,,,,,,,,,,,
2026-09-30T23:31:00+00:00,AVGO,US,equity,352.7,352.84,352.7,352.83,0.0,,,,,,,,,,,
2026-09-30T23:32:00+00:00,AVGO,US,equity,352.83,352.88,352.69,352.69,0.0,,,,,,,,,,,
2026-09-30T23:30:00+00:00,COST,US,equity,912.0,912.66,912.0,912.66,0.0,,,,,,,,,,,
2026-09-30T23:31:00+00:00,NFLX,US,equity,69.8712,69.88,69.8712,69.88,0.0,,,,,,,,,,,
2026-09-30T23:32:00+00:00,NFLX,US,equity,69.88,69.8988,69.87,69.8988,0.0,,,,,,,,,,,
2026-09-30T23:31:00+00:00,AMD,US,equity,612.3958,612.45,612.1,612.26,0.0,,,,,,,,,,,
2026-09-30T23:32:00+00:00,AMD,US,equity,612.42,612.42,612.3,612.4,0.0,,,,,,,,,,,
2026-09-30T23:31:00+00:00,INTC,US,equity,120.1886,120.23,120.1103,120.2,0.0,,,,,,,,,,,
2026-09-30T23:32:00+00:00,INTC,US,equity,120.23,120.3,120.1623,120.1623,0.0,,,,,,,,,,,
2026-09-30T23:31:00+00:00,QCOM,US,equity,183.93,184.1,183.93,184.1,0.0,,,,,,,,,,,
2026-09-30T23:32:00+00:00,QCOM,US,equity,184.2,184.2,184.1,184.2,0.0,,,,,,,,,,,
2026-09-30T23:30:00+00:00,ADBE,US,equity,239.3,240.24,239.3,240.24,0.0,,,,,,,,,,,
2026-09-30T23:31:58+00:00,ADBE,US,equity,239.4069,239.4069,239.4069,239.4069,0.0,,,,,,,,,,,
2026-09-30T23:31:53+00:00,AMAT,US,equity,514.4733,514.4733,514.4733,514.4733,0.0,,,,,,,,,,,
2026-09-30T23:31:00+00:00,MU,US,equity,1064.5,1064.85,1064.13,1064.34,0.0,,,,,,,,,,,
2026-09-30T23:32:00+00:00,MU,US,equity,1064.35,1064.86,1064.13,1064.2,0.0,,,,,,,,,,,
2026-09-30T23:30:00+00:00,KLAC,US,equity,195.0,195.85,195.0,195.85,0.0,,,,,,,,,,,
2026-09-30T23:31:00+00:00,LRCX,US,equity,331.0,331.0295,330.41,331.0295,0.0,,,,,,,,,,,
2026-09-30T23:31:00+00:00,ASML,US,equity,1818.71,1818.71,1818.2778,1818.2778,0.0,,,,,,,,,,,
2026-09-30T23:32:00+00:00,ASML,US,equity,1818.71,1818.71,1818.71,1818.71,0.0,,,,,,,,,,,
2026-09-30T23:30:00+00:00,BKNG,US,equity,163.36,163.45,163.36,163.45,0.0,,,,,,,,,,,
2026-09-30T23:31:00+00:00,INTU,US,equity,276.1495,276.1495,275.3905,275.3905,0.0,,,,,,,,,,,
2026-09-30T23:31:00+00:00,SBUX,US,equity,94.01,94.01,94.01,94.01,0.0,,,,,,,,,,,
2026-09-30T23:32:01+00:00,SBUX,US,equity,94.0,94.0,94.0,94.0,0.0,,,,,,,,,,,
2026-09-30T23:31:00+00:00,PYPL,US,equity,53.29,53.31,53.29,53.29,0.0,,,,,,,,,,,
2026-09-30T23:31:20+00:00,PANW,US,equity,398.2458,398.2458,398.2458,398.2458,0.0,,,,,,,,,,,
2026-09-30T23:31:47+00:00,HD,US,equity,284.72,284.72,284.72,284.72,0.0,,,,,,,,,,,
2026-09-30T23:31:00+00:00,PEP,US,equity,127.0,127.0,127.0,127.0,0.0,,,,,,,,,,,
2026-09-30T23:31:47+00:00,MELI,US,equity,1731.0,1731.0,1731.0,1731.0,0.0,,,,,,,,,,,
2026-09-30T23:31:18+00:00,CHTR,US,equity,111.5,111.5,111.5,111.5,0.0,,,,,,,,,,,
2026-09-30T23:30:00+00:00,PCAR,US,equity,109.76,109.76,109.76,109.76,0.0,,,,,,,,,,,
2026-09-30T23:32:01+00:00,PCAR,US,equity,109.7,109.7,109.7,109.7,0.0,,,,,,,,,,,
2026-09-30T23:27:00+00:00,JPM,US,equity,331.248,331.248,331.248,331.248,0.0,,,,,,,,,,,
2026-09-30T23:31:00+00:00,WMT,US,equity,104.98,104.98,104.98,104.98,0.0,,,,,,,,,,,
2026-09-30T23:28:00+00:00,UNH,US,equity,367.65,367.65,367.65,367.65,0.0,,,,,,,,,,,
2026-09-30T23:32:04+00:00,UNH,US,equity,367.75,367.75,367.75,367.75,0.0,,,,,,,,,,,
2026-09-30T23:31:00+00:00,SPY,US,index_etf,764.98,764.98,764.98,764.98,0.0,,,,,,,,,,,
2026-09-30T23:31:00+00:00,QQQ,US,index_etf,742.195,742.2,742.17,742.1701,0.0,,,,,,,,,,,
2026-09-30T23:32:00+00:00,QQQ,US,index_etf,742.2,742.25,742.2,742.25,0.0,,,,,,,,,,,
2026-09-30T23:22:00+00:00,ES=F,CME,index_future,7737.75,7738.25,7737.75,7738.0,122.0,,,,,,,,,,,
2026-09-30T23:23:00+00:00,ES=F,CME,index_future,7738.25,7738.25,7737.5,7737.5,0.0,,,,,,,,,,,
2026-09-30T23:23:04+00:00,ES=F,CME,index_future,7738.0,7738.0,7738.0,7738.0,0.0,,,,,,,,,,,
2026-09-30T23:22:00+00:00,NQ=F,CME,index_future,30784.5,30790.25,30784.0,30788.0,135.0,,,,,,,,,,,
2026-09-30T23:23:00+00:00,NQ=F,CME,index_future,30789.5,30790.5,30786.0,30789.25,0.0,,,,,,,,,,,
2026-09-30T23:23:03+00:00,NQ=F,CME,index_future,30789.0,30789.0,30789.0,30789.0,0.0,,,,,,,,,,,
2026-09-30T23:22:00+00:00,GC=F,COMEX,commodity_future,4184.7001953125,4185.0,4184.7001953125,4185.0,0.0,,,,,,,,,,,
2026-09-30T23:22:59+00:00,GC=F,COMEX,commodity_future,4185.0,4185.0,4185.0,4185.0,0.0,,,,,,,,,,,
2026-09-30T23:22:00+00:00,SI=F,COMEX,commodity_future,60.67499923706055,60.685001373291016,60.67499923706055,60.685001373291016,0.0,,,,,,,,,,,
2026-09-30T23:22:46+00:00,SI=F,COMEX,commodity_future,60.685001373291016,60.685001373291016,60.685001373291016,60.685001373291016,0.0,,,,,,,,,,,
2026-09-30T23:22:00+00:00,CL=F,NYMEX,commodity_future,90.0999984741211,90.11000061035156,90.08000183105467,90.08000183105467,0.0,,,,,,,,,,,
2026-09-30T23:22:34+00:00,CL=F,NYMEX,commodity_future,90.08000183105467,90.08000183105467,90.08000183105467,90.08000183105467,0.0,,,,,,,,,,,
2026-09-30T23:22:00+00:00,HG=F,COMEX,commodity_future,6.626500129699707,6.626500129699707,6.626500129699707,6.626500129699707,0.0,,,,,,,,,,,
2026-09-30T23:30:00+00:00,EURUSD=X,FX,currency,1.133529782295227,1.133529782295227,1.133529782295227,1.133529782295227,0.0,,,,,,,,,,,
2026-09-30T23:31:00+00:00,EURUSD=X,FX,currency,1.133529782295227,1.133529782295227,1.133529782295227,1.133529782295227,0.0,,,,,,,,,,,
2026-09-30T23:31:00+00:00,KRW=X,FX,currency,1357.6600341796875,1358.06005859375,1357.27001953125,1358.06005859375,0.0,,,,,,,,,,,
2026-09-30T23:32:00+00:00,KRW=X,FX,currency,1358.050048828125,1358.06005859375,1357.6800537109375,1358.050048828125,0.0,,,,,,,,,,,
2026-09-30T23:31:00+00:00,JPY=X,FX,currency,157.3780059814453,157.39700317382812,157.37600708007812,157.39500427246094,0.0,,,,,,,,,,,
2026-09-30T23:32:00+00:00,JPY=X,FX,currency,157.38699340820312,157.39999389648438,157.38499450683594,157.38999938964844,0.0,,,,,,,,,,,
2026-09-30T23:30:00+00:00,GBPUSD=X,FX,currency,1.326559066772461,1.326559066772461,1.326559066772461,1.326559066772461,0.0,,,,,,,,,,,
2026-09-30T23:31:00+00:00,GBPUSD=X,FX,currency,1.3265239000320437,1.3265239000320437,1.3265239000320437,1.3265239000320437,0.0,,,,,,,,,,,
2026-09-30T23:32:00+00:00,BTC-USD,CRYPTO,crypto,83586.2,83586.3,83568.7,83568.7,0.04006342,,,,,,,48.0,,,,
2026-09-30T23:32:00+00:00,ETH-USD,CRYPTO,crypto,2685.65,2685.65,2684.72,2684.85,19.2873975,,,,,,,33.0,,,,
2026-09-30T23:31:00+00:00,080220.KQ,KOSDAQ,equity,78300.0,78300.0,78300.0,78300.0,94.0,0.0,0.0,,,,,2.0,,,,
2026-09-30T23:31:00+00:00,072950.KQ,KOSDAQ,equity,15180.0,15180.0,15180.0,15180.0,472.0,0.0,0.0,,,,,2.0,,,,
2026-09-30T23:32:00+00:00,010170.KQ,KOSDAQ,equity,16680.0,16680.0,16680.0,16680.0,122.0,0.0,0.0,,,,,23.0,,,,
2026-09-30T23:32:00+00:00,000270.KS,KRX,equity,114000.0,114000.0,114000.0,114000.0,105.0,113900.0,114000.0,,,,,15.0,,,,
2026-09-30T23:32:00+00:00,009150.KS,KRX,equity,1503000.0,1503000.0,1502000.0,1503000.0,1000.0,1502000.0,1503000.0,,,,,87.0,,,,
2026-09-30T23:32:00+00:00,034020.KS,KRX,equity,84200.0,84300.0,84200.0,84300.0,16503.0,84200.0,84300.0,,,,,247.0,,,,
2026-09-30T23:32:00+00:00,222800.KQ,KOSDAQ,equity,149700.0,149700.0,149600.0,149600.0,556.0,149600.0,149700.0,,,,,25.0,,,,
2026-09-30T23:32:00+00:00,005380.KS,KRX,equity,351500.0,351500.0,351000.0,351500.0,827.0,351000.0,351500.0,,,,,65.0,,,,
2026-09-30T23:32:00+00:00,005490.KS,KRX,equity,311000.0,311500.0,311000.0,311500.0,1012.0,311000.0,311500.0,,,,,31.0,,,,
2026-09-30T23:32:00+00:00,005930.KS,KRX,equity,268500.0,269000.0,268500.0,268500.0,3825.0,268500.0,269000.0,,,,,170.0,,,,
2026-09-30T23:32:00+00:00,000720.KS,KRX,equity,121100.0,121600.0,120900.0,121500.0,8297.0,121500.0,121600.0,,,,,53.0,,,,
2026-09-30T23:32:00+00:00,042700.KS,KRX,equity,255000.0,255500.0,255000.0,255500.0,328.0,255000.0,255500.0,,,,,42.0,,,,
2026-09-30T23:32:00+00:00,000660.KS,KRX,equity,1771000.0,1776000.0,1771000.0,1772000.0,2318.0,1771000.0,1772000.0,,,,,112.0,,,,
2026-09-30T23:32:00+00:00,329180.KS,KRX,equity,433000.0,433000.0,433000.0,433000.0,93.0,432500.0,433000.0,,,,,16.0,,,,
2026-09-30T23:32:00+00:00,000150.KS,KRX,equity,1406000.0,1408000.0,1405000.0,1408000.0,233.0,1406000.0,1408000.0,,,,,34.0,,,,
2026-09-30T23:32:00+00:00,012330.KS,KRX,equity,392500.0,392500.0,392000.0,392000.0,831.0,392000.0,392500.0,,,,,55.0,,,,
2026-09-30T23:32:00+00:00,095610.KQ,KOSDAQ,equity,170400.0,170500.0,170200.0,170200.0,270.0,170200.0,170300.0,,,,,25.0,,,,
2026-09-30T23:32:00+00:00,298040.KS,KRX,equity,2782000.0,2782000.0,2780000.0,2780000.0,31.0,2780000.0,2781000.0,,,,,11.0,,,,
2026-09-30T23:32:00+00:00,402340.KS,KRX,equity,1128000.0,1128000.0,1128000.0,1128000.0,76.0,1128000.0,1129000.0,,,,,24.0,,,,
2026-09-30T23:32:00+00:00,089970.KQ,KOSDAQ,equity,62000.0,62000.0,61900.0,61900.0,1879.0,61900.0,62000.0,,,,,16.0,,,,
2026-09-30T23:32:00+00:00,005935.KS,KRX,equity,195200.0,195200.0,195200.0,195200.0,1331.0,0.0,0.0,,,,,5.0,,,,
2026-09-30T23:32:00+00:00,052690.KS,KRX,equity,128800.0,129000.0,128800.0,129000.0,1965.0,128900.0,129000.0,,,,,107.0,,,,
2026-09-30T23:32:00+00:00,003670.KS,KRX,equity,179700.0,179700.0,179200.0,179300.0,225.0,179300.0,179500.0,,,,,8.0,,,,
2026-09-30T23:32:00+00:00,042660.KS,KRX,equity,79200.0,79300.0,79100.0,79200.0,3788.0,79100.0,79200.0,,,,,33.0,,,,
2026-09-30T23:32:00+00:00,010060.KS,KRX,equity,219000.0,219500.0,219000.0,219000.0,291.0,219000.0,219500.0,,,,,20.0,,,,
2026-09-30T23:32:00+00:00,006400.KS,KRX,equity,513000.0,513000.0,511000.0,512000.0,1174.0,511000.0,512000.0,,,,,24.0,,,,
2026-09-30T23:32:00+00:00,072950.KQ,KOSDAQ,equity,15180.0,15180.0,15180.0,15180.0,4.0,0.0,0.0,,,,,1.0,,,,
2026-09-30T23:32:00+00:00,011070.KS,KRX,equity,559000.0,559000.0,559000.0,559000.0,26.0,558000.0,559000.0,,,,,10.0,,,,
2026-09-30T23:32:00+00:00,035420.KS,KRX,equity,193900.0,193900.0,193800.0,193800.0,740.0,193700.0,193800.0,,,,,16.0,,,,
2026-09-30T23:32:00+00:00,096770.KS,KRX,equity,149100.0,149200.0,148900.0,149000.0,507.0,149000.0,149200.0,,,,,12.0,,,,
2026-09-30T23:32:00+00:00,028260.KS,KRX,equity,341000.0,341500.0,341000.0,341500.0,52.0,341500.0,342000.0,,,,,9.0,,,,
2026-09-30T23:32:00+00:00,066570.KS,KRX,equity,213000.0,213000.0,212500.0,212500.0,87.0,212500.0,213000.0,,,,,21.0,,,,
2026-09-30T23:32:00+00:00,007660.KS,KRX,equity,115400.0,115400.0,115300.0,115300.0,90.0,115300.0,115400.0,,,,,7.0,,,,
2026-09-30T23:32:00+00:00,051910.KS,KRX,equity,252000.0,252000.0,251500.0,251500.0,280.0,251500.0,252000.0,,,,,8.0,,,,
2026-09-30T23:32:00+00:00,373220.KS,KRX,equity,356000.0,356000.0,356000.0,356000.0,18.0,356000.0,356500.0,,,,,5.0,,,,
2026-09-30T23:32:00+00:00,108490.KQ,KOSDAQ,equity,287500.0,287500.0,287500.0,287500.0,34.0,287500.0,288000.0,,,,,10.0,,,,
2026-09-30T23:32:00+00:00,009830.KS,KRX,equity,33900.0,33900.0,33900.0,33900.0,35.0,0.0,0.0,,,,,2.0,,,,
2026-09-30T23:32:00+00:00,058470.KQ,KOSDAQ,equity,74200.0,74200.0,74100.0,74100.0,409.0,74000.0,74100.0,,,,,21.0,,,,
2026-09-30T23:32:00+00:00,086790.KS,KRX,equity,130100.0,130100.0,130100.0,130100.0,28.0,130000.0,130100.0,,,,,9.0,,,,
2026-09-30T23:32:00+00:00,128940.KS,KRX,equity,498500.0,498500.0,498500.0,498500.0,5.0,497500.0,498500.0,,,,,3.0,,,,
2026-09-30T23:32:00+00:00,036930.KQ,KOSDAQ,equity,232500.0,232500.0,232500.0,232500.0,107.0,0.0,0.0,,,,,3.0,,,,
2026-09-30T23:32:00+00:00,012450.KS,KRX,equity,1013000.0,1013000.0,1012000.0,1012000.0,104.0,1012000.0,1014000.0,,,,,6.0,,,,
2026-09-30T23:32:00+00:00,278470.KS,KRX,equity,365500.0,365500.0,365500.0,365500.0,15.0,365500.0,366000.0,,,,,8.0,,,,
2026-09-30T23:32:00+00:00,080220.KQ,KOSDAQ,equity,78300.0,78300.0,78300.0,78300.0,9.0,0.0,0.0,,,,,1.0,,,,
2026-09-30T23:32:00+00:00,093370.KS,KRX,equity,15000.0,15000.0,15000.0,15000.0,337.0,0.0,0.0,,,,,4.0,,,,
2026-09-30T23:32:00+00:00,003230.KS,KRX,equity,1216000.0,1216000.0,1216000.0,1216000.0,1.0,1216000.0,1217000.0,,,,,1.0,,,,
2026-09-30T23:32:00+00:00,010120.KS,KRX,equity,205000.0,205000.0,204500.0,205000.0,120.0,205000.0,205500.0,,,,,14.0,,,,
2026-09-30T23:32:00+00:00,103590.KS,KRX,equity,82000.0,82000.0,81900.0,82000.0,306.0,82000.0,82100.0,,,,,12.0,,,,
2026-09-30T23:32:00+00:00,403870.KQ,KOSDAQ,equity,63700.0,63700.0,63700.0,63700.0,270.0,0.0,0.0,,,,,5.0,,,,
2026-09-30T23:32:00+00:00,032830.KS,KRX,equity,282500.0,283000.0,282500.0,283000.0,5.0,282500.0,283000.0,,,,,3.0,,,,
2026-09-30T23:31:00+00:00,055550.KS,KRX,equity,106600.0,106600.0,106500.0,106500.0,480.0,106400.0,106900.0,,,,,3.0,,,,
2026-09-30T23:32:00+00:00,272210.KS,KRX,equity,75000.0,75200.0,75000.0,75100.0,284.0,75100.0,75200.0,,,,,14.0,,,,
2026-09-30T23:32:00+00:00,0010S0.KQ,KOSDAQ,equity,21100.0,21100.0,21100.0,21100.0,1.0,0.0,0.0,,,,,1.0,,,,
2026-09-30T23:32:00+00:00,105560.KS,KRX,equity,169900.0,169900.0,169700.0,169700.0,300.0,169700.0,169800.0,,,,,7.0,,,,
2026-09-30T23:31:00+00:00,386380.KQ,KOSDAQ,equity,18450.0,18450.0,18450.0,18450.0,70.0,0.0,0.0,,,,,2.0,,,,
2026-09-30T23:32:00+00:00,001820.KS,KRX,equity,149200.0,149200.0,149200.0,149200.0,12.0,0.0,0.0,,,,,2.0,,,,
2026-09-30T23:33:00+00:00,BTC-USD,CRYPTO,crypto,83568.8,83568.8,83468.8,83506.8,1.49422688,,,,,,,210.0,,,,
2026-09-30T23:33:00+00:00,ETH-USD,CRYPTO,crypto,2684.42,2684.42,2683.01,2684.02,9.18266699,,,,,,,35.0,,,,
2026-09-30T23:32:00+00:00,319660.KQ,KOSDAQ,equity,148500.0,148500.0,148500.0,148500.0,1.0,0.0,0.0,,,,,1.0,,,,
2026-09-30T23:31:00+00:00,036540.KQ,KOSDAQ,equity,10780.0,10780.0,10780.0,10780.0,118.0,0.0,0.0,,,,,2.0,,,,
2026-09-30T23:33:00+00:00,005380.KS,KRX,equity,351500.0,351500.0,351000.0,351500.0,429.0,351000.0,351500.0,,,,,53.0,,,,
2026-09-30T23:33:00+00:00,000720.KS,KRX,equity,121500.0,121700.0,121500.0,121600.0,2671.0,121500.0,121600.0,,,,,88.0,,,,
2026-09-30T23:33:00+00:00,028260.KS,KRX,equity,341500.0,341500.0,341000.0,341500.0,14.0,341000.0,341500.0,,,,,3.0,,,,
2026-09-30T23:33:00+00:00,009150.KS,KRX,equity,1502000.0,1503000.0,1501000.0,1502000.0,1250.0,1501000.0,1502000.0,,,,,114.0,,,,
2026-09-30T23:33:00+00:00,034020.KS,KRX,equity,84300.0,84300.0,84200.0,84300.0,15349.0,84200.0,84300.0,,,,,294.0,,,,
2026-09-30T23:33:00+00:00,005930.KS,KRX,equity,269000.0,269000.0,268500.0,269000.0,2283.0,268500.0,269000.0,,,,,171.0,,,,
2026-09-30T23:33:00+00:00,052690.KS,KRX,equity,129000.0,129100.0,128900.0,129000.0,4201.0,128900.0,129000.0,,,,,132.0,,,,
2026-09-30T23:33:00+00:00,103590.KS,KRX,equity,82100.0,82100.0,81900.0,82000.0,117.0,82000.0,82100.0,,,,,8.0,,,,
2026-09-30T23:33:00+00:00,012450.KS,KRX,equity,1012000.0,1014000.0,1012000.0,1014000.0,5.0,1012000.0,1014000.0,,,,,4.0,,,,
2026-09-30T23:33:00+00:00,042700.KS,KRX,equity,255500.0,255500.0,255000.0,255500.0,509.0,255000.0,255500.0,,,,,42.0,,,,
2026-09-30T23:33:00+00:00,096770.KS,KRX,equity,149000.0,149200.0,149000.0,149200.0,136.0,149200.0,149300.0,,,,,11.0,,,,
2026-09-30T23:33:00+00:00,010170.KQ,KOSDAQ,equity,16680.0,16680.0,16680.0,16680.0,149.0,0.0,0.0,,,,,46.0,,,,
2026-09-30T23:33:00+00:00,000270.KS,KRX,equity,114000.0,114100.0,113900.0,114100.0,169.0,114000.0,114100.0,,,,,15.0,,,,
2026-09-30T23:33:00+00:00,000660.KS,KRX,equity,1772000.0,1772000.0,1771000.0,1772000.0,736.0,1771000.0,1772000.0,,,,,112.0,,,,
2026-09-30T23:33:00+00:00,005490.KS,KRX,equity,311500.0,311500.0,311000.0,311000.0,153.0,311000.0,311500.0,,,,,36.0,,,,
2026-09-30T23:33:00+00:00,386380.KQ,KOSDAQ,equity,18450.0,18450.0,18450.0,18450.0,12.0,0.0,0.0,,,,,1.0,,,,
2026-09-30T23:33:00+00:00,066570.KS,KRX,equity,212500.0,213000.0,212500.0,213000.0,138.0,212500.0,213000.0,,,,,15.0,,,,
2026-09-30T23:33:00+00:00,222800.KQ,KOSDAQ,equity,149600.0,149600.0,149500.0,149600.0,279.0,149600.0,149700.0,,,,,29.0,,,,
2026-09-30T23:33:00+00:00,272210.KS,KRX,equity,75100.0,75100.0,75100.0,75100.0,66.0,75100.0,75200.0,,,,,6.0,,,,
2026-09-30T23:33:00+00:00,012330.KS,KRX,equity,392500.0,392500.0,391500.0,391500.0,2802.0,391000.0,392000.0,,,,,72.0,,,,
2026-09-30T23:33:00+00:00,010060.KS,KRX,equity,219000.0,219500.0,218500.0,218500.0,803.0,218500.0,219000.0,,,,,25.0,,,,
2026-09-30T23:33:00+00:00,036540.KQ,KOSDAQ,equity,10780.0,10780.0,10780.0,10780.0,10.0,0.0,0.0,,,,,1.0,,,,
2026-09-30T23:33:00+00:00,007660.KS,KRX,equity,115400.0,115400.0,115300.0,115400.0,443.0,115300.0,115400.0,,,,,15.0,,,,
2026-09-30T23:33:00+00:00,006400.KS,KRX,equity,511000.0,512000.0,511000.0,512000.0,139.0,511000.0,512000.0,,,,,35.0,,,,
2026-09-30T23:33:00+00:00,402340.KS,KRX,equity,1129000.0,1129000.0,1128000.0,1129000.0,140.0,1128000.0,1129000.0,,,,,22.0,,,,
2026-09-30T23:33:00+00:00,011070.KS,KRX,equity,559000.0,559000.0,558000.0,558000.0,47.0,558000.0,559000.0,,,,,12.0,,,,
2026-09-30T23:33:00+00:00,329180.KS,KRX,equity,433000.0,433000.0,432500.0,433000.0,65.0,432500.0,433500.0,,,,,12.0,,,,
2026-09-30T23:33:00+00:00,089970.KQ,KOSDAQ,equity,61900.0,62000.0,61900.0,61900.0,570.0,61900.0,62000.0,,,,,20.0,,,,
2026-09-30T23:33:00+00:00,035420.KS,KRX,equity,193800.0,193800.0,193700.0,193800.0,209.0,193700.0,193800.0,,,,,21.0,,,,
2026-09-30T23:33:00+00:00,010120.KS,KRX,equity,205000.0,205000.0,204500.0,205000.0,101.0,204500.0,205000.0,,,,,10.0,,,,
2026-09-30T23:33:00+00:00,000150.KS,KRX,equity,1408000.0,1408000.0,1403000.0,1403000.0,148.0,1403000.0,1404000.0,,,,,30.0,,,,
2026-09-30T23:33:00+00:00,AAPL,US,equity,334.0,334.05,334.0,334.0,0.0,,,,,,,,,,,
2026-09-30T23:33:00+00:00,MSFT,US,equity,514.33,514.4722,513.91,514.38,0.0,,,,,,,,,,,
2026-09-30T23:33:00+00:00,NVDA,US,equity,229.6482,229.65,229.55,229.6292,0.0,,,,,,,,,,,
2026-09-30T23:32:00+00:00,AMZN,US,equity,249.62,249.69,249.5047,249.63,0.0,,,,,,,,,,,
2026-09-30T23:33:00+00:00,AMZN,US,equity,249.68,249.7,249.66,249.6894,0.0,,,,,,,,,,,
2026-09-30T23:33:00+00:00,GOOGL,US,equity,349.16,349.19,349.0,349.15,0.0,,,,,,,,,,,
2026-09-30T23:32:00+00:00,GOOG,US,equity,346.21,346.272,345.97,346.0022,0.0,,,,,,,,,,,
2026-09-30T23:33:00+00:00,GOOG,US,equity,346.3,346.35,346.12,346.12,0.0,,,,,,,,,,,
2026-09-30T23:33:00+00:00,TSLA,US,equity,354.62,354.6283,354.537,354.537,0.0,,,,,,,,,,,
2026-09-30T23:33:00+00:00,AVGO,US,equity,352.86,353.0,352.69,353.0,0.0,,,,,,,,,,,
2026-09-30T23:32:00+00:00,COST,US,equity,912.0,912.225,912.0,912.225,0.0,,,,,,,,,,,
2026-09-30T23:33:00+00:00,NFLX,US,equity,69.87,69.9,69.85,69.85,0.0,,,,,,,,,,,
2026-09-30T23:33:00+00:00,AMD,US,equity,612.1437,612.45,612.1,612.2,0.0,,,,,,,,,,,
2026-09-30T23:33:00+00:00,INTC,US,equity,120.173,120.1997,120.16,120.19,0.0,,,,,,,,,,,
2026-09-30T23:33:16+00:00,QCOM,US,equity,184.2,184.2,184.2,184.2,0.0,,,,,,,,,,,
2026-09-30T23:30:00+00:00,CSCO,US,equity,107.62,107.62,107.62,107.62,0.0,,,,,,,,,,,
2026-09-30T23:31:00+00:00,ADBE,US,equity,239.4069,239.4069,239.4069,239.4069,0.0,,,,,,,,,,,
2026-09-30T23:33:00+00:00,ADBE,US,equity,239.4024,239.4024,239.4024,239.4024,0.0,,,,,,,,,,,
2026-09-30T23:30:00+00:00,TXN,US,equity,279.87,281.33,279.87,281.33,0.0,,,,,,,,,,,
2026-09-30T23:31:00+00:00,AMAT,US,equity,514.0,514.4733,514.0,514.4733,0.0,,,,,,,,,,,
2026-09-30T23:33:00+00:00,MU,US,equity,1064.46,1064.91,1064.31,1064.62,0.0,,,,,,,,,,,
2026-09-30T23:32:00+00:00,KLAC,US,equity,195.011,195.011,195.011,195.011,0.0,,,,,,,,,,,
2026-09-30T23:32:00+00:00,LRCX,US,equity,330.95,331.2,330.5,331.2,0.0,,,,,,,,,,,
2026-09-30T23:33:01+00:00,ASML,US,equity,1818.71,1818.71,1818.71,1818.71,0.0,,,,,,,,,,,
2026-09-30T23:32:00+00:00,BKNG,US,equity,163.35,163.35,163.35,163.35,0.0,,,,,,,,,,,
2026-09-30T23:32:00+00:00,INTU,US,equity,276.32,276.32,276.32,276.32,0.0,,,,,,,,,,,
2026-09-30T23:30:00+00:00,ISRG,US,equity,406.5,407.08,406.5,407.08,0.0,,,,,,,,,,,
2026-09-30T23:30:00+00:00,AMGN,US,equity,422.15,422.15,422.15,422.15,0.0,,,,,,,,,,,
2026-09-30T23:33:00+00:00,AMGN,US,equity,422.1835,422.1835,422.1835,422.1835,0.0,,,,,,,,,,,
2026-09-30T23:32:00+00:00,SBUX,US,equity,94.0,94.0,94.0,94.0,0.0,,,,,,,,,,,
2026-09-30T23:32:00+00:00,PYPL,US,equity,53.29,53.29,53.29,53.29,0.0,,,,,,,,,,,
2026-09-30T23:32:00+00:00,PEP,US,equity,126.9,126.9,126.9,126.9,0.0,,,,,,,,,,,
2026-09-30T23:33:00+00:00,PEP,US,equity,127.0,127.0,126.99,126.99,0.0,,,,,,,,,,,
2026-09-30T23:28:00+00:00,MCD,US,equity,231.28,231.28,231.28,231.28,0.0,,,,,,,,,,,
2026-09-30T23:33:00+00:00,MCD,US,equity,231.3,231.3,231.3,231.3,0.0,,,,,,,,,,,
2026-09-30T23:30:00+00:00,LULU,US,equity,96.27,96.27,96.27,96.27,0.0,,,,,,,,,,,
2026-09-30T23:30:00+00:00,KDP,US,equity,30.34,30.36,30.34,30.36,0.0,,,,,,,,,,,
2026-09-30T23:30:00+00:00,NXPI,US,equity,237.53,237.53,237.53,237.53,0.0,,,,,,,,,,,
2026-09-30T23:30:00+00:00,MCHP,US,equity,78.27,78.27,78.27,78.27,0.0,,,,,,,,,,,
2026-09-30T23:30:00+00:00,FAST,US,equity,49.57,49.65,49.57,49.61,0.0,,,,,,,,,,,
2026-09-30T23:32:25+00:00,JPM,US,equity,331.5,331.5,331.5,331.5,0.0,,,,,,,,,,,
2026-09-30T23:32:00+00:00,WMT,US,equity,104.98,104.98,104.95,104.98,0.0,,,,,,,,,,,
2026-09-30T23:33:00+00:00,WMT,US,equity,104.98,104.98,104.88,104.89,0.0,,,,,,,,,,,
2026-09-30T23:32:00+00:00,SPY,US,index_etf,764.99,765.03,764.99,765.0299,0.0,,,,,,,,,,,
2026-09-30T23:33:00+00:00,SPY,US,index_etf,765.0442,765.07,765.0442,765.05,0.0,,,,,,,,,,,
2026-09-30T23:33:00+00:00,QQQ,US,index_etf,742.24,742.26,742.18,742.26,0.0,,,,,,,,,,,
2026-09-30T23:24:00+00:00,ES=F,CME,index_future,7737.75,7738.25,7737.75,7738.0,0.0,,,,,,,,,,,
2026-09-30T23:24:18+00:00,ES=F,CME,index_future,7738.25,7738.25,7738.25,7738.25,0.0,,,,,,,,,,,
2026-09-30T23:24:00+00:00,NQ=F,CME,index_future,30788.75,30793.25,30787.25,30790.25,0.0,,,,,,,,,,,
2026-09-30T23:24:18+00:00,NQ=F,CME,index_future,30789.75,30789.75,30789.75,30789.75,0.0,,,,,,,,,,,
2026-09-30T23:23:00+00:00,GC=F,COMEX,commodity_future,4184.60009765625,4184.7998046875,4184.5,4184.7001953125,4.0,,,,,,,,,,,
2026-09-30T23:24:00+00:00,GC=F,COMEX,commodity_future,4184.89990234375,4185.2001953125,4184.89990234375,4185.2001953125,0.0,,,,,,,,,,,
2026-09-30T23:24:11+00:00,GC=F,COMEX,commodity_future,4185.10009765625,4185.10009765625,4185.10009765625,4185.10009765625,0.0,,,,,,,,,,,
2026-09-30T23:23:00+00:00,SI=F,COMEX,commodity_future,60.66999816894531,60.66999816894531,60.66999816894531,60.66999816894531,0.0,,,,,,,,,,,
2026-09-30T23:23:36+00:00,SI=F,COMEX,commodity_future,60.66999816894531,60.66999816894531,60.66999816894531,60.66999816894531,0.0,,,,,,,,,,,
2026-09-30T23:23:00+00:00,CL=F,NYMEX,commodity_future,90.08000183105467,90.08000183105467,90.08000183105467,90.08000183105467,2.0,,,,,,,,,,,
2026-09-30T23:24:00+00:00,CL=F,NYMEX,commodity_future,90.08000183105467,90.08000183105467,90.06999969482422,90.06999969482422,0.0,,,,,,,,,,,
2026-09-30T23:24:16+00:00,CL=F,NYMEX,commodity_future,90.08000183105467,90.08000183105467,90.08000183105467,90.08000183105467,0.0,,,,,,,,,,,
2026-09-30T23:32:00+00:00,EURUSD=X,FX,currency,1.133529782295227,1.133529782295227,1.133529782295227,1.133529782295227,0.0,,,,,,,,,,,
2026-09-30T23:33:00+00:00,KRW=X,FX,currency,1358.06005859375,1358.0699462890625,1357.6800537109375,1358.0699462890625,0.0,,,,,,,,,,,
2026-09-30T23:33:00+00:00,JPY=X,FX,currency,157.38699340820312,157.3979949951172,157.38499450683594,157.38699340820312,0.0,,,,,,,,,,,
2026-09-30T23:32:00+00:00,GBPUSD=X,FX,currency,1.3265239000320437,1.3265239000320437,1.3265239000320437,1.3265239000320437,0.0,,,,,,,,,,,
2026-09-30T23:33:00+00:00,009830.KS,KRX,equity,33900.0,33900.0,33900.0,33900.0,56.0,0.0,0.0,,,,,3.0,,,,
2026-09-30T23:33:00+00:00,042660.KS,KRX,equity,79200.0,79200.0,79100.0,79200.0,3222.0,79100.0,79200.0,,,,,29.0,,,,
2026-09-30T23:33:00+00:00,373220.KS,KRX,equity,356000.0,356000.0,356000.0,356000.0,111.0,355500.0,356000.0,,,,,9.0,,,,
2026-09-30T23:33:00+00:00,105560.KS,KRX,equity,169700.0,169700.0,169700.0,169700.0,132.0,169700.0,169800.0,,,,,3.0,,,,
2026-09-30T23:33:00+00:00,0010S0.KQ,KOSDAQ,equity,21100.0,21100.0,21100.0,21100.0,6.0,0.0,0.0,,,,,2.0,,,,
2026-09-30T23:33:00+00:00,058470.KQ,KOSDAQ,equity,74100.0,74100.0,73900.0,73900.0,1188.0,73900.0,74000.0,,,,,18.0,,,,
2026-09-30T23:33:00+00:00,095610.KQ,KOSDAQ,equity,170200.0,170200.0,170100.0,170100.0,266.0,170100.0,170200.0,,,,,18.0,,,,
2026-09-30T23:33:00+00:00,036930.KQ,KOSDAQ,equity,232500.0,232500.0,232500.0,232500.0,51.0,0.0,0.0,,,,,3.0,,,,
2026-09-30T23:33:00+00:00,298040.KS,KRX,equity,2781000.0,2781000.0,2780000.0,2780000.0,3.0,2780000.0,2781000.0,,,,,3.0,,,,
2026-09-30T23:33:00+00:00,128940.KS,KRX,equity,497500.0,498000.0,496000.0,498000.0,250.0,496000.0,498000.0,,,,,13.0,,,,
2026-09-30T23:33:00+00:00,005935.KS,KRX,equity,195200.0,195200.0,195200.0,195200.0,19.0,0.0,0.0,,,,,3.0,,,,
2026-09-30T23:33:00+00:00,108490.KQ,KOSDAQ,equity,287500.0,287500.0,287000.0,287500.0,758.0,287000.0,287500.0,,,,,13.0,,,,
2026-09-30T23:32:00+00:00,010950.KS,KRX,equity,162000.0,162100.0,162000.0,162100.0,21.0,162000.0,162200.0,,,,,4.0,,,,
2026-09-30T23:30:00+00:00,356680.KQ,KOSDAQ,equity,18200.0,18200.0,18200.0,18200.0,1050.0,0.0,0.0,,,,,2.0,,,,
2026-09-30T23:33:00+00:00,093370.KS,KRX,equity,15000.0,15000.0,15000.0,15000.0,1.0,0.0,0.0,,,,,1.0,,,,
2026-09-30T23:33:00+00:00,051910.KS,KRX,equity,252000.0,252000.0,251500.0,252000.0,10.0,251500.0,252000.0,,,,,6.0,,,,
2026-09-30T23:30:00+00:00,034730.KS,KRX,equity,585000.0,585000.0,585000.0,585000.0,120.0,585000.0,587000.0,,,,,2.0,,,,
2026-09-30T23:34:00+00:00,BTC-USD,CRYPTO,crypto,83506.8,83556.6,83506.8,83550.4,0.27863574,,,,,,,89.0,,,,
2026-09-30T23:34:00+00:00,ETH-USD,CRYPTO,crypto,2684.23,2685.93,2684.23,2685.93,504.16024332,,,,,,,331.0,,,,
2026-09-30T23:33:00+00:00,003230.KS,KRX,equity,1216000.0,1217000.0,1216000.0,1217000.0,53.0,1216000.0,1218000.0,,,,,4.0,,,,
2026-09-30T23:33:00+00:00,001820.KS,KRX,equity,149200.0,149200.0,149200.0,149200.0,13.0,0.0,0.0,,,,,1.0,,,,
2026-09-30T23:33:00+00:00,403870.KQ,KOSDAQ,equity,63700.0,63700.0,63700.0,63700.0,1.0,0.0,0.0,,,,,1.0,,,,
2026-09-30T23:33:00+00:00,032830.KS,KRX,equity,283000.0,283000.0,283000.0,283000.0,4.0,282500.0,283000.0,,,,,2.0,,,,
2026-09-30T23:33:00+00:00,003670.KS,KRX,equity,179300.0,179400.0,179300.0,179400.0,76.0,179400.0,179500.0,,,,,8.0,,,,
2026-09-30T23:32:00+00:00,115440.KQ,KOSDAQ,equity,11730.0,11730.0,11730.0,11730.0,1.0,0.0,0.0,,,,,1.0,,,,
2026-09-30T23:30:00+00:00,240810.KQ,KOSDAQ,equity,131500.0,131500.0,131500.0,131500.0,20.0,0.0,0.0,,,,,1.0,,,,
2026-09-30T23:33:00+00:00,055550.KS,KRX,equity,106600.0,106600.0,106600.0,106600.0,10.0,106600.0,106800.0,,,,,1.0,,,,
2026-09-30T23:32:00+00:00,043260.KQ,KOSDAQ,equity,26450.0,26450.0,26450.0,26450.0,92.0,0.0,0.0,,,,,2.0,,,,
2026-09-30T23:32:00+00:00,353200.KS,KRX,equity,132500.0,132500.0,132500.0,132500.0,10.0,0.0,0.0,,,,,3.0,,,,
2026-09-30T23:34:00+00:00,105560.KS,KRX,equity,169700.0,169900.0,169600.0,169700.0,1554.0,169700.0,169900.0,,,,,9.0,,,,
2026-09-30T23:34:00+00:00,010170.KQ,KOSDAQ,equity,16680.0,16680.0,16680.0,16680.0,61.0,0.0,0.0,,,,,42.0,,,,
2026-09-30T23:34:00+00:00,000660.KS,KRX,equity,1772000.0,1772000.0,1771000.0,1772000.0,583.0,1771000.0,1772000.0,,,,,105.0,,,,
2026-09-30T23:34:00+00:00,006400.KS,KRX,equity,512000.0,512000.0,511000.0,511000.0,137.0,511000.0,512000.0,,,,,28.0,,,,
2026-09-30T23:34:00+00:00,005930.KS,KRX,equity,269000.0,269000.0,268500.0,269000.0,6613.0,268500.0,269000.0,,,,,156.0,,,,
2026-09-30T23:34:00+00:00,052690.KS,KRX,equity,129000.0,129000.0,128900.0,128900.0,1486.0,128900.0,129000.0,,,,,97.0,,,,
2026-09-30T23:34:00+00:00,036930.KQ,KOSDAQ,equity,232500.0,232500.0,232500.0,232500.0,53.0,0.0,0.0,,,,,5.0,,,,
2026-09-30T23:34:00+00:00,009150.KS,KRX,equity,1501000.0,1502000.0,1501000.0,1502000.0,614.0,1501000.0,1502000.0,,,,,101.0,,,,
2026-09-30T23:34:00+00:00,034020.KS,KRX,equity,84300.0,84400.0,84200.0,84400.0,16467.0,84300.0,84400.0,,,,,339.0,,,,
2026-09-30T23:34:00+00:00,005380.KS,KRX,equity,351500.0,351500.0,351000.0,351500.0,383.0,351000.0,351500.0,,,,,58.0,,,,
2026-09-30T23:34:00+00:00,035420.KS,KRX,equity,193800.0,193800.0,193700.0,193700.0,22.0,193700.0,193800.0,,,,,5.0,,,,
2026-09-30T23:34:00+00:00,066570.KS,KRX,equity,213000.0,213000.0,212500.0,213000.0,359.0,212500.0,213000.0,,,,,26.0,,,,
2026-09-30T23:34:00+00:00,402340.KS,KRX,equity,1128000.0,1129000.0,1128000.0,1129000.0,62.0,1128000.0,1129000.0,,,,,24.0,,,,
2026-09-30T23:34:00+00:00,108490.KQ,KOSDAQ,equity,287000.0,287500.0,286500.0,286500.0,349.0,286500.0,287000.0,,,,,17.0,,,,
2026-09-30T23:34:00+00:00,011070.KS,KRX,equity,558000.0,559000.0,558000.0,558000.0,378.0,557000.0,558000.0,,,,,25.0,,,,
2026-09-30T23:34:00+00:00,095610.KQ,KOSDAQ,equity,170100.0,170200.0,170000.0,170000.0,635.0,170000.0,170100.0,,,,,20.0,,,,
2026-09-30T23:34:00+00:00,000720.KS,KRX,equity,121600.0,121600.0,121400.0,121400.0,1083.0,121400.0,121500.0,,,,,62.0,,,,
2026-09-30T23:34:00+00:00,001820.KS,KRX,equity,149200.0,149200.0,149200.0,149200.0,1.0,0.0,0.0,,,,,1.0,,,,
2026-09-30T23:34:00+00:00,042700.KS,KRX,equity,255000.0,256500.0,255000.0,255500.0,530.0,255000.0,255500.0,,,,,33.0,,,,
2026-09-30T23:34:00+00:00,010120.KS,KRX,equity,205000.0,205000.0,204500.0,205000.0,78.0,204500.0,205000.0,,,,,13.0,,,,
2026-09-30T23:34:00+00:00,222800.KQ,KOSDAQ,equity,149600.0,150300.0,149600.0,149600.0,191.0,149600.0,149700.0,,,,,24.0,,,,
2026-09-30T23:34:00+00:00,089970.KQ,KOSDAQ,equity,61900.0,62000.0,61900.0,61900.0,182.0,61900.0,62000.0,,,,,15.0,,,,
2026-09-30T23:34:00+00:00,005490.KS,KRX,equity,311500.0,311500.0,311000.0,311000.0,1321.0,311000.0,311500.0,,,,,51.0,,,,
2026-09-30T23:34:00+00:00,042660.KS,KRX,equity,79200.0,79200.0,79100.0,79100.0,415.0,79100.0,79200.0,,,,,19.0,,,,
2026-09-30T23:34:00+00:00,000270.KS,KRX,equity,114100.0,114100.0,114000.0,114000.0,941.0,113900.0,114000.0,,,,,13.0,,,,
2026-09-30T23:34:00+00:00,012330.KS,KRX,equity,391500.0,392000.0,391500.0,391500.0,427.0,391500.0,392000.0,,,,,53.0,,,,
2026-09-30T23:34:00+00:00,010060.KS,KRX,equity,218500.0,219000.0,218500.0,218500.0,819.0,218500.0,219000.0,,,,,27.0,,,,
2026-09-30T23:31:00+00:00,030530.KQ,KOSDAQ,equity,26400.0,26400.0,26400.0,26400.0,2.0,0.0,0.0,,,,,1.0,,,,
2026-09-30T23:34:00+00:00,000150.KS,KRX,equity,1403000.0,1406000.0,1402000.0,1405000.0,247.0,1403000.0,1405000.0,,,,,34.0,,,,
2026-09-30T23:34:00+00:00,096770.KS,KRX,equity,149200.0,149300.0,149200.0,149300.0,99.0,149200.0,149400.0,,,,,13.0,,,,
2026-09-30T23:34:00+00:00,043260.KQ,KOSDAQ,equity,26450.0,26450.0,26450.0,26450.0,2.0,0.0,0.0,,,,,1.0,,,,
2026-09-30T23:34:00+00:00,007660.KS,KRX,equity,115400.0,115500.0,115400.0,115400.0,426.0,115400.0,115500.0,,,,,16.0,,,,
2026-09-30T23:34:00+00:00,240810.KQ,KOSDAQ,equity,131500.0,131500.0,131500.0,131500.0,1.0,0.0,0.0,,,,,1.0,,,,
2026-09-30T23:34:00+00:00,373220.KS,KRX,equity,356000.0,356000.0,356000.0,356000.0,11.0,355500.0,356000.0,,,,,2.0,,,,
2026-09-30T23:34:00+00:00,051910.KS,KRX,equity,252000.0,252000.0,252000.0,252000.0,51.0,251500.0,252000.0,,,,,4.0,,,,
2026-09-30T23:34:00+00:00,272210.KS,KRX,equity,75100.0,75200.0,75100.0,75100.0,94.0,75000.0,75100.0,,,,,9.0,,,,
2026-09-30T23:34:00+00:00,005935.KS,KRX,equity,195200.0,195200.0,195200.0,195200.0,3674.0,0.0,0.0,,,,,7.0,,,,
2026-09-30T23:34:00+00:00,329180.KS,KRX,equity,433000.0,433500.0,433000.0,433000.0,140.0,433000.0,433500.0,,,,,10.0,,,,
2026-09-30T23:34:00+00:00,103590.KS,KRX,equity,82000.0,82100.0,82000.0,82000.0,134.0,82000.0,82100.0,,,,,6.0,,,,
2026-09-30T23:34:00+00:00,009830.KS,KRX,equity,33900.0,33900.0,33900.0,33900.0,124.0,0.0,0.0,,,,,4.0,,,,
2026-09-30T23:34:00+00:00,058470.KQ,KOSDAQ,equity,74000.0,74100.0,74000.0,74100.0,198.0,74000.0,74100.0,,,,,13.0,,,,
2026-09-30T23:33:00+00:00,278470.KS,KRX,equity,365500.0,365500.0,365500.0,365500.0,49.0,365000.0,365500.0,,,,,7.0,,,,
2026-09-30T23:34:00+00:00,012450.KS,KRX,equity,1014000.0,1014000.0,1013000.0,1013000.0,14.0,1013000.0,1014000.0,,,,,6.0,,,,
2026-09-30T23:33:00+00:00,003490.KS,KRX,equity,32000.0,32000.0,32000.0,32000.0,357.0,0.0,0.0,,,,,2.0,,,,
2026-09-30T23:34:00+00:00,AAPL,US,equity,334.03,334.0475,334.03,334.0345,0.0,,,,,,,,,,,
2026-09-30T23:34:00+00:00,MSFT,US,equity,514.38,514.5,514.09,514.4687,0.0,,,,,,,,,,,
2026-09-30T23:34:00+00:00,NVDA,US,equity,229.6292,229.63,229.6,229.6292,0.0,,,,,,,,,,,
2026-09-30T23:34:00+00:00,AMZN,US,equity,249.7,249.73,249.613,249.71,0.0,,,,,,,,,,,
2026-09-30T23:34:00+00:00,GOOGL,US,equity,349.195,349.195,349.06,349.12,0.0,,,,,,,,,,,
2026-09-30T23:34:00+00:00,GOOG,US,equity,346.3147,346.3147,346.048,346.25,0.0,,,,,,,,,,,
2026-09-30T23:34:00+00:00,TSLA,US,equity,354.61,354.65,354.5232,354.5232,0.0,,,,,,,,,,,
2026-09-30T23:34:00+00:00,AVGO,US,equity,352.96,352.96,352.93,352.96,0.0,,,,,,,,,,,
2026-09-30T23:33:39+00:00,COST,US,equity,911.99,911.99,911.99,911.99,0.0,,,,,,,,,,,
2026-09-30T23:34:00+00:00,AMD,US,equity,612.1132,612.45,612.1,612.2859,0.0,,,,,,,,,,,
2026-09-30T23:34:00+00:00,INTC,US,equity,120.2,120.22,120.1712,120.1712,0.0,,,,,,,,,,,
2026-09-30T23:33:00+00:00,QCOM,US,equity,184.2,184.24,184.2,184.2,0.0,,,,,,,,,,,
2026-09-30T23:33:39+00:00,CSCO,US,equity,107.66,107.66,107.66,107.66,0.0,,,,,,,,,,,
2026-09-30T23:34:08+00:00,ADBE,US,equity,239.58,239.58,239.58,239.58,0.0,,,,,,,,,,,
2026-09-30T23:33:39+00:00,TXN,US,equity,281.18,281.18,281.18,281.18,0.0,,,,,,,,,,,
2026-09-30T23:33:00+00:00,AMAT,US,equity,514.6,514.6,514.6,514.6,0.0,,,,,,,,,,,
2026-09-30T23:34:00+00:00,MU,US,equity,1064.5,1064.8,1064.5,1064.6293,0.0,,,,,,,,,,,
2026-09-30T23:33:00+00:00,KLAC,US,equity,195.8,195.85,195.8,195.84,0.0,,,,,,,,,,,
2026-09-30T23:33:00+00:00,LRCX,US,equity,330.94,330.94,330.93,330.93,0.0,,,,,,,,,,,
2026-09-30T23:33:00+00:00,ASML,US,equity,1818.71,1818.71,1818.71,1818.71,0.0,,,,,,,,,,,
2026-09-30T23:34:30+00:00,ASML,US,equity,1815.5844,1815.5844,1815.5844,1815.5844,0.0,,,,,,,,,,,
2026-09-30T23:33:00+00:00,BKNG,US,equity,163.43,163.45,163.37,163.45,0.0,,,,,,,,,,,
2026-09-30T23:34:29+00:00,BKNG,US,equity,163.47,163.47,163.47,163.47,0.0,,,,,,,,,,,
2026-09-30T23:33:00+00:00,INTU,US,equity,275.98,275.98,275.98,275.98,0.0,,,,,,,,,,,
2026-09-30T23:33:53+00:00,ISRG,US,equity,407.12,407.12,407.12,407.12,0.0,,,,,,,,,,,
2026-09-30T23:34:08+00:00,AMGN,US,equity,423.15,423.15,423.15,423.15,0.0,,,,,,,,,,,
2026-09-30T23:33:39+00:00,SBUX,US,equity,94.04,94.04,94.04,94.04,0.0,,,,,,,,,,,
2026-09-30T23:34:00+00:00,PYPL,US,equity,53.29,53.2999,53.29,53.2905,0.0,,,,,,,,,,,
2026-09-30T23:30:00+00:00,MDB,US,equity,349.3921,349.3921,349.3921,349.3921,0.0,,,,,,,,,,,
2026-09-30T23:34:15+00:00,PEP,US,equity,126.99,126.99,126.99,126.99,0.0,,,,,,,,,,,
2026-09-30T23:34:15+00:00,MCD,US,equity,231.29,231.29,231.29,231.29,0.0,,,,,,,,,,,
2026-09-30T23:33:00+00:00,LULU,US,equity,96.3,96.3,96.3,96.3,0.0,,,,,,,,,,,
2026-09-30T23:33:39+00:00,KDP,US,equity,30.36,30.36,30.36,30.36,0.0,,,,,,,,,,,
2026-09-30T23:33:54+00:00,NXPI,US,equity,237.61,237.61,237.61,237.61,0.0,,,,,,,,,,,
2026-09-30T23:33:00+00:00,MCHP,US,equity,78.26,78.26,78.26,78.26,0.0,,,,,,,,,,,
2026-09-30T23:33:39+00:00,FAST,US,equity,49.63,49.63,49.63,49.63,0.0,,,,,,,,,,,
2026-09-30T23:32:00+00:00,JPM,US,equity,331.5,331.5,331.5,331.5,0.0,,,,,,,,,,,
2026-09-30T23:34:00+00:00,WMT,US,equity,104.98,104.98,104.8,104.8,0.0,,,,,,,,,,,
2026-09-30T23:34:00+00:00,CVX,US,equity,204.49,204.49,204.49,204.49,0.0,,,,,,,,,,,
2026-09-30T23:34:00+00:00,SPY,US,index_etf,765.13,765.13,765.12,765.12,0.0,,,,,,,,,,,
2026-09-30T23:34:00+00:00,QQQ,US,index_etf,742.2577,742.28,742.21,742.24,0.0,,,,,,,,,,,
2026-09-30T23:25:00+00:00,ES=F,CME,index_future,7738.0,7738.25,7736.5,7736.75,0.0,,,,,,,,,,,
2026-09-30T23:25:31+00:00,ES=F,CME,index_future,7737.5,7737.5,7737.5,7737.5,0.0,,,,,,,,,,,
2026-09-30T23:25:00+00:00,NQ=F,CME,index_future,30791.0,30792.0,30782.0,30785.75,0.0,,,,,,,,,,,
2026-09-30T23:25:33+00:00,NQ=F,CME,index_future,30788.5,30788.5,30788.5,30788.5,0.0,,,,,,,,,,,
2026-09-30T23:25:00+00:00,GC=F,COMEX,commodity_future,4185.2998046875,4185.2998046875,4184.2001953125,4184.2001953125,0.0,,,,,,,,,,,
2026-09-30T23:25:26+00:00,GC=F,COMEX,commodity_future,4184.39990234375,4184.39990234375,4184.39990234375,4184.39990234375,0.0,,,,,,,,,,,
2026-09-30T23:24:00+00:00,SI=F,COMEX,commodity_future,60.68000030517578,60.685001373291016,60.68000030517578,60.685001373291016,0.0,,,,,,,,,,,
2026-09-30T23:24:59+00:00,SI=F,COMEX,commodity_future,60.685001373291016,60.685001373291016,60.685001373291016,60.685001373291016,0.0,,,,,,,,,,,
2026-09-30T23:25:00+00:00,CL=F,NYMEX,commodity_future,90.08999633789062,90.08999633789062,90.08000183105467,90.08000183105467,0.0,,,,,,,,,,,
2026-09-30T23:25:32+00:00,CL=F,NYMEX,commodity_future,90.08000183105467,90.08000183105467,90.08000183105467,90.08000183105467,0.0,,,,,,,,,,,
2026-09-30T23:25:00+00:00,HG=F,COMEX,commodity_future,6.626500129699707,6.626500129699707,6.626500129699707,6.626500129699707,0.0,,,,,,,,,,,
2026-09-30T23:25:30+00:00,HG=F,COMEX,commodity_future,6.626500129699707,6.626500129699707,6.626500129699707,6.626500129699707,0.0,,,,,,,,,,,
2026-09-30T23:33:00+00:00,EURUSD=X,FX,currency,1.133529782295227,1.133529782295227,1.133529782295227,1.133529782295227,0.0,,,,,,,,,,,
2026-09-30T23:34:00+00:00,KRW=X,FX,currency,1358.06005859375,1358.06005859375,1357.6800537109375,1358.0,0.0,,,,,,,,,,,
2026-09-30T23:34:00+00:00,JPY=X,FX,currency,157.38699340820312,157.3990020751953,157.38600158691406,157.39599609375,0.0,,,,,,,,,,,
2026-09-30T23:33:00+00:00,GBPUSD=X,FX,currency,1.3265414237976074,1.3265414237976074,1.3265414237976074,1.3265414237976074,0.0,,,,,,,,,,,
2026-09-30T23:34:00+00:00,034730.KS,KRX,equity,585000.0,585000.0,585000.0,585000.0,16.0,585000.0,587000.0,,,,,1.0,,,,
2026-09-30T23:34:00+00:00,055550.KS,KRX,equity,106600.0,106600.0,106600.0,106600.0,30.0,106600.0,106800.0,,,,,1.0,,,,
2026-09-30T23:34:00+00:00,032830.KS,KRX,equity,283000.0,283000.0,282500.0,282500.0,24.0,282000.0,283000.0,,,,,3.0,,,,
2026-09-30T23:34:00+00:00,403870.KQ,KOSDAQ,equity,63700.0,63700.0,63700.0,63700.0,13.0,0.0,0.0,,,,,1.0,,,,
2026-09-30T23:33:00+00:00,086790.KS,KRX,equity,130100.0,130100.0,130100.0,130100.0,37.0,130000.0,130400.0,,,,,3.0,,,,
2026-09-30T23:34:00+00:00,028260.KS,KRX,equity,341500.0,341500.0,341500.0,341500.0,21.0,341500.0,342000.0,,,,,2.0,,,,
2026-09-30T23:34:00+00:00,298040.KS,KRX,equity,2780000.0,2780000.0,2780000.0,2780000.0,11.0,2779000.0,2780000.0,,,,,4.0,,,,
2026-09-30T23:34:00+00:00,003670.KS,KRX,equity,179400.0,179500.0,179300.0,179500.0,101.0,179300.0,179500.0,,,,,5.0,,,,
2026-09-30T23:32:00+00:00,067310.KQ,KOSDAQ,equity,47350.0,47350.0,47350.0,47350.0,2.0,0.0,0.0,,,,,1.0,,,,
2026-09-30T23:34:00+00:00,128940.KS,KRX,equity,498000.0,498000.0,497000.0,497000.0,41.0,496500.0,497000.0,,,,,8.0,,,,
2026-09-30T23:35:00+00:00,BTC-USD,CRYPTO,crypto,83550.5,83570.5,83548.5,83561.7,0.12716019,,,,,,,57.0,,,,
2026-09-30T23:35:00+00:00,ETH-USD,CRYPTO,crypto,2685.94,2686.35,2685.14,2685.85,4.04225505,,,,,,,37.0,,,,
2026-09-30T23:34:00+00:00,036540.KQ,KOSDAQ,equity,10780.0,10780.0,10780.0,10780.0,2.0,0.0,0.0,,,,,1.0,,,,
2026-09-30T23:34:00+00:00,010950.KS,KRX,equity,162200.0,162200.0,162200.0,162200.0,1.0,162200.0,162300.0,,,,,1.0,,,,
2026-09-30T23:34:00+00:00,003230.KS,KRX,equity,1217000.0,1217000.0,1217000.0,1217000.0,2.0,1216000.0,1218000.0,,,,,2.0,,,,
2026-09-30T23:33:00+00:00,072950.KQ,KOSDAQ,equity,15180.0,15180.0,15180.0,15180.0,322.0,0.0,0.0,,,,,4.0,,,,
2026-09-30T23:34:00+00:00,356680.KQ,KOSDAQ,equity,18200.0,18200.0,18200.0,18200.0,2.0,0.0,0.0,,,,,2.0,,,,
2026-09-30T23:35:00+00:00,005380.KS,KRX,equity,351000.0,351500.0,351000.0,351500.0,487.0,351000.0,351500.0,,,,,58.0,,,,
2026-09-30T23:35:00+00:00,034020.KS,KRX,equity,84300.0,84400.0,84300.0,84400.0,18183.0,84300.0,84400.0,,,,,292.0,,,,
2026-09-30T23:34:00+00:00,093370.KS,KRX,equity,15000.0,15000.0,15000.0,15000.0,252.0,0.0,0.0,,,,,2.0,,,,
2026-09-30T23:35:00+00:00,005930.KS,KRX,equity,269000.0,269000.0,268500.0,268500.0,5894.0,268500.0,269000.0,,,,,171.0,,,,
2026-09-30T23:35:00+00:00,006400.KS,KRX,equity,512000.0,512000.0,511000.0,511000.0,1787.0,511000.0,512000.0,,,,,27.0,,,,
2026-09-30T23:35:00+00:00,042660.KS,KRX,equity,79100.0,79200.0,79100.0,79200.0,486.0,79100.0,79200.0,,,,,24.0,,,,
2026-09-30T23:35:00+00:00,052690.KS,KRX,equity,129000.0,129000.0,128800.0,128800.0,1967.0,128800.0,128900.0,,,,,92.0,,,,
2026-09-30T23:35:00+00:00,010060.KS,KRX,equity,218500.0,218500.0,218000.0,218000.0,1682.0,218000.0,219000.0,,,,,38.0,,,,
2026-09-30T23:35:00+00:00,086790.KS,KRX,equity,130100.0,130100.0,130100.0,130100.0,75.0,130000.0,130100.0,,,,,6.0,,,,
2026-09-30T23:35:00+00:00,000660.KS,KRX,equity,1772000.0,1772000.0,1771000.0,1772000.0,680.0,1771000.0,1772000.0,,,,,120.0,,,,
2026-09-30T23:35:00+00:00,058470.KQ,KOSDAQ,equity,74000.0,74000.0,74000.0,74000.0,321.0,73900.0,74000.0,,,,,10.0,,,,
2026-09-30T23:35:00+00:00,000720.KS,KRX,equity,121500.0,121600.0,121400.0,121500.0,1349.0,121500.0,121600.0,,,,,54.0,,,,
2026-09-30T23:35:00+00:00,009150.KS,KRX,equity,1502000.0,1502000.0,1501000.0,1502000.0,974.0,1501000.0,1502000.0,,,,,75.0,,,,
2026-09-30T23:35:00+00:00,089970.KQ,KOSDAQ,equity,61900.0,61900.0,61800.0,61900.0,200.0,61800.0,61900.0,,,,,12.0,,,,
2026-09-30T23:35:00+00:00,108490.KQ,KOSDAQ,equity,287000.0,287000.0,286500.0,287000.0,102.0,286500.0,287000.0,,,,,17.0,,,,
2026-09-30T23:35:00+00:00,042700.KS,KRX,equity,255500.0,255500.0,255000.0,255000.0,207.0,255000.0,255500.0,,,,,28.0,,,,
2026-09-30T23:35:00+00:00,003230.KS,KRX,equity,1217000.0,1217000.0,1217000.0,1217000.0,6.0,1217000.0,1218000.0,,,,,1.0,,,,
2026-09-30T23:35:00+00:00,012330.KS,KRX,equity,391500.0,392000.0,391500.0,392000.0,844.0,392000.0,392500.0,,,,,49.0,,,,
2026-09-30T23:35:00+00:00,007660.KS,KRX,equity,115400.0,115500.0,115400.0,115400.0,54.0,115400.0,115500.0,,,,,12.0,,,,
2026-09-30T23:35:00+00:00,222800.KQ,KOSDAQ,equity,149600.0,149700.0,149500.0,149600.0,538.0,149500.0,149600.0,,,,,23.0,,,,
2026-09-30T23:35:00+00:00,000150.KS,KRX,equity,1404000.0,1408000.0,1404000.0,1408000.0,282.0,1406000.0,1408000.0,,,,,30.0,,,,
2026-09-30T23:35:00+00:00,105560.KS,KRX,equity,169700.0,169800.0,169600.0,169800.0,82.0,169800.0,169900.0,,,,,9.0,,,,
2026-09-30T23:35:00+00:00,402340.KS,KRX,equity,1128000.0,1129000.0,1128000.0,1129000.0,270.0,1129000.0,1130000.0,,,,,25.0,,,,
2026-09-30T23:35:00+00:00,012450.KS,KRX,equity,1013000.0,1014000.0,1013000.0,1014000.0,104.0,1014000.0,1015000.0,,,,,7.0,,,,
2026-09-30T23:35:00+00:00,011070.KS,KRX,equity,558000.0,558000.0,557000.0,558000.0,191.0,557000.0,558000.0,,,,,22.0,,,,
2026-09-30T23:35:00+00:00,010120.KS,KRX,equity,205000.0,205000.0,204500.0,204500.0,126.0,204500.0,205000.0,,,,,20.0,,,,
2026-09-30T23:35:00+00:00,000270.KS,KRX,equity,114000.0,114000.0,113900.0,113900.0,559.0,113900.0,114000.0,,,,,13.0,,,,
2026-09-30T23:35:00+00:00,036930.KQ,KOSDAQ,equity,232500.0,232500.0,232500.0,232500.0,22.0,0.0,0.0,,,,,2.0,,,,
2026-09-30T23:35:00+00:00,329180.KS,KRX,equity,433000.0,433500.0,433000.0,433500.0,54.0,433000.0,433500.0,,,,,11.0,,,,
2026-09-30T23:35:00+00:00,036540.KQ,KOSDAQ,equity,10780.0,10780.0,10780.0,10780.0,76.0,0.0,0.0,,,,,2.0,,,,
2026-09-30T23:35:00+00:00,005490.KS,KRX,equity,311000.0,311500.0,311000.0,311500.0,1074.0,311000.0,311500.0,,,,,23.0,,,,
2026-09-30T23:35:00+00:00,095610.KQ,KOSDAQ,equity,170000.0,170000.0,167700.0,169800.0,356.0,169700.0,169800.0,,,,,28.0,,,,
2026-09-30T23:35:00+00:00,009830.KS,KRX,equity,33900.0,33900.0,33900.0,33900.0,395.0,0.0,0.0,,,,,2.0,,,,
2026-09-30T23:35:00+00:00,067310.KQ,KOSDAQ,equity,47350.0,47350.0,47350.0,47350.0,10.0,0.0,0.0,,,,,1.0,,,,
2026-09-30T23:35:00+00:00,035420.KS,KRX,equity,193800.0,193800.0,193700.0,193700.0,463.0,193700.0,193800.0,,,,,13.0,,,,
2026-09-30T23:35:00+00:00,066570.KS,KRX,equity,213000.0,213000.0,213000.0,213000.0,310.0,212500.0,213500.0,,,,,23.0,,,,
2026-09-30T23:35:00+00:00,103590.KS,KRX,equity,82000.0,82000.0,82000.0,82000.0,93.0,82000.0,82100.0,,,,,10.0,,,,
2026-09-30T23:35:00+00:00,298040.KS,KRX,equity,2780000.0,2780000.0,2779000.0,2779000.0,8.0,2779000.0,2780000.0,,,,,2.0,,,,
2026-09-30T23:35:00+00:00,055550.KS,KRX,equity,106700.0,106800.0,106700.0,106800.0,36.0,106800.0,106900.0,,,,,4.0,,,,
2026-09-30T23:35:00+00:00,032830.KS,KRX,equity,283000.0,283000.0,283000.0,283000.0,2.0,282000.0,283000.0,,,,,1.0,,,,
2026-09-30T23:35:00+00:00,128940.KS,KRX,equity,497000.0,497000.0,496500.0,497000.0,28.0,497000.0,498000.0,,,,,4.0,,,,
2026-09-30T23:35:00+00:00,373220.KS,KRX,equity,355500.0,356000.0,355500.0,356000.0,44.0,355500.0,356000.0,,,,,9.0,,,,
2026-09-30T23:35:00+00:00,010170.KQ,KOSDAQ,equity,16680.0,16680.0,16680.0,16680.0,113.0,0.0,0.0,,,,,5.0,,,,
2026-09-30T23:35:00+00:00,272210.KS,KRX,equity,75100.0,75300.0,75100.0,75200.0,285.0,75100.0,75200.0,,,,,11.0,,,,
2026-09-30T23:35:00+00:00,096770.KS,KRX,equity,149300.0,149400.0,149300.0,149300.0,19.0,149300.0,149400.0,,,,,5.0,,,,
2026-09-30T23:35:00+00:00,034730.KS,KRX,equity,587000.0,587000.0,587000.0,587000.0,2.0,585000.0,587000.0,,,,,2.0,,,,
2026-09-30T23:35:00+00:00,003670.KS,KRX,equity,179500.0,179500.0,179500.0,179500.0,105.0,179500.0,179700.0,,,,,3.0,,,,
2026-09-30T23:35:00+00:00,005935.KS,KRX,equity,195200.0,195200.0,195200.0,195200.0,308.0,0.0,0.0,,,,,2.0,,,,
2026-09-30T23:35:00+00:00,403870.KQ,KOSDAQ,equity,63700.0,63700.0,63700.0,63700.0,20.0,0.0,0.0,,,,,1.0,,,,
2026-09-30T23:35:00+00:00,AAPL,US,equity,334.05,334.07,334.0012,334.04,0.0,,,,,,,,,,,
2026-09-30T23:35:00+00:00,MSFT,US,equity,514.4395,514.4395,514.14,514.14,0.0,,,,,,,,,,,
2026-09-30T23:35:00+00:00,NVDA,US,equity,229.6292,229.65,229.6001,229.6487,0.0,,,,,,,,,,,
2026-09-30T23:35:00+00:00,AMZN,US,equity,249.7176,249.7988,249.6286,249.72,0.0,,,,,,,,,,,
2026-09-30T23:35:00+00:00,GOOGL,US,equity,349.0693,349.12,349.0121,349.0121,0.0,,,,,,,,,,,
2026-09-30T23:35:00+00:00,GOOG,US,equity,346.25,346.3085,346.05,346.05,0.0,,,,,,,,,,,
2026-09-30T23:35:00+00:00,TSLA,US,equity,354.605,354.6499,354.52,354.52,0.0,,,,,,,,,,,
2026-09-30T23:35:00+00:00,AVGO,US,equity,352.5,352.9192,352.5,352.69,0.0,,,,,,,,,,,
2026-09-30T23:33:00+00:00,COST,US,equity,911.99,911.99,911.99,911.99,0.0,,,,,,,,,,,
2026-09-30T23:34:00+00:00,NFLX,US,equity,69.87,69.8987,69.85,69.85,0.0,,,,,,,,,,,
2026-09-30T23:35:00+00:00,NFLX,US,equity,69.88,69.8954,69.88,69.8954,0.0,,,,,,,,,,,
2026-09-30T23:35:00+00:00,AMD,US,equity,612.25,612.27,612.2437,612.27,0.0,,,,,,,,,,,
2026-09-30T23:35:00+00:00,INTC,US,equity,120.2044,120.23,120.1992,120.2,0.0,,,,,,,,,,,
2026-09-30T23:34:00+00:00,QCOM,US,equity,184.24,184.25,184.2001,184.2001,0.0,,,,,,,,,,,
2026-09-30T23:35:00+00:00,QCOM,US,equity,184.2,184.2,184.2,184.2,0.0,,,,,,,,,,,
2026-09-30T23:33:00+00:00,CSCO,US,equity,107.63,107.67,107.63,107.66,0.0,,,,,,,,,,,
2026-09-30T23:34:00+00:00,ADBE,US,equity,239.99,239.99,239.58,239.58,0.0,,,,,,,,,,,
2026-09-30T23:35:00+00:00,AMAT,US,equity,514.72,514.72,513.66,513.66,0.0,,,,,,,,,,,
2026-09-30T23:35:00+00:00,MU,US,equity,1064.7,1064.97,1064.66,1064.97,0.0,,,,,,,,,,,
2026-09-30T23:35:00+00:00,KLAC,US,equity,195.1634,195.1634,195.1634,195.1634,0.0,,,,,,,,,,,
2026-09-30T23:35:00+00:00,LRCX,US,equity,330.8,330.8,330.8,330.8,0.0,,,,,,,,,,,
2026-09-30T23:34:00+00:00,ASML,US,equity,1815.5844,1815.5844,1815.5844,1815.5844,0.0,,,,,,,,,,,
2026-09-30T23:35:42+00:00,INTU,US,equity,276.9555,276.9555,276.9555,276.9555,0.0,,,,,,,,,,,
2026-09-30T23:33:00+00:00,ISRG,US,equity,406.92,407.12,406.92,407.12,0.0,,,,,,,,,,,
2026-09-30T23:30:00+00:00,REGN,US,equity,759.0,759.0,759.0,759.0,0.0,,,,,,,,,,,
2026-09-30T23:30:00+00:00,GILD,US,equity,148.99,148.99,148.99,148.99,0.0,,,,,,,,,,,
2026-09-30T23:33:00+00:00,SBUX,US,equity,94.04,94.04,94.04,94.04,0.0,,,,,,,,,,,
2026-09-30T23:35:42+00:00,SBUX,US,equity,94.0018,94.0018,94.0018,94.0018,0.0,,,,,,,,,,,
2026-09-30T23:31:00+00:00,PANW,US,equity,398.2458,398.2458,398.2458,398.2458,0.0,,,,,,,,,,,
2026-09-30T23:34:00+00:00,MDB,US,equity,349.64,349.64,349.64,349.64,0.0,,,,,,,,,,,
2026-09-30T23:34:00+00:00,PEP,US,equity,126.99,126.99,126.99,126.99,0.0,,,,,,,,,,,
2026-09-30T23:35:41+00:00,PEP,US,equity,126.99,126.99,126.99,126.99,0.0,,,,,,,,,,,
2026-09-30T23:34:00+00:00,LULU,US,equity,96.39,96.39,96.39,96.39,0.0,,,,,,,,,,,
2026-09-30T23:35:00+00:00,LULU,US,equity,96.3897,96.3897,96.3897,96.3897,0.0,,,,,,,,,,,
2026-09-30T23:34:46+00:00,MCHP,US,equity,78.1578,78.1578,78.1578,78.1578,0.0,,,,,,,,,,,
2026-09-30T23:30:00+00:00,HON,US,equity,210.8,210.8,210.8,210.8,0.0,,,,,,,,,,,
2026-09-30T23:34:47+00:00,JPM,US,equity,331.36,331.36,331.36,331.36,0.0,,,,,,,,,,,
2026-09-30T23:35:00+00:00,WMT,US,equity,105.01,105.01,105.01,105.01,0.0,,,,,,,,,,,
2026-09-30T23:35:32+00:00,CVX,US,equity,204.49,204.49,204.49,204.49,0.0,,,,,,,,,,,
2026-09-30T23:35:00+00:00,SPY,US,index_etf,765.1207,765.1207,765.1207,765.1207,0.0,,,,,,,,,,,
2026-09-30T23:35:00+00:00,QQQ,US,index_etf,742.25,742.26,742.19,742.25,0.0,,,,,,,,,,,
2026-09-30T23:26:00+00:00,ES=F,CME,index_future,7736.75,7736.75,7736.25,7736.5,0.0,,,,,,,,,,,
2026-09-30T23:26:43+00:00,ES=F,CME,index_future,7736.5,7736.5,7736.5,7736.5,0.0,,,,,,,,,,,
2026-09-30T23:26:00+00:00,NQ=F,CME,index_future,30786.0,30786.0,30781.0,30782.0,0.0,,,,,,,,,,,
2026-09-30T23:26:43+00:00,NQ=F,CME,index_future,30782.75,30782.75,30782.75,30782.75,0.0,,,,,,,,,,,
2026-09-30T23:26:00+00:00,GC=F,COMEX,commodity_future,4184.10009765625,4184.10009765625,4184.0,4184.10009765625,0.0,,,,,,,,,,,
2026-09-30T23:26:15+00:00,GC=F,COMEX,commodity_future,4184.10009765625,4184.10009765625,4184.10009765625,4184.10009765625,0.0,,,,,,,,,,,
2026-09-30T23:25:00+00:00,SI=F,COMEX,commodity_future,60.665000915527344,60.665000915527344,60.65999984741211,60.65999984741211,0.0,,,,,,,,,,,
2026-09-30T23:25:47+00:00,SI=F,COMEX,commodity_future,60.65999984741211,60.65999984741211,60.65999984741211,60.65999984741211,0.0,,,,,,,,,,,
2026-09-30T23:26:00+00:00,CL=F,NYMEX,commodity_future,90.08999633789062,90.0999984741211,90.08999633789062,90.08999633789062,0.0,,,,,,,,,,,
2026-09-30T23:26:03+00:00,CL=F,NYMEX,commodity_future,90.08999633789062,90.08999633789062,90.08999633789062,90.08999633789062,0.0,,,,,,,,,,,
2026-09-30T23:26:00+00:00,HG=F,COMEX,commodity_future,6.626500129699707,6.626500129699707,6.625999927520752,6.625999927520752,0.0,,,,,,,,,,,
2026-09-30T23:26:32+00:00,HG=F,COMEX,commodity_future,6.625999927520752,6.625999927520752,6.625999927520752,6.625999927520752,0.0,,,,,,,,,,,
2026-09-30T23:34:00+00:00,EURUSD=X,FX,currency,1.133529782295227,1.133529782295227,1.133529782295227,1.133529782295227,0.0,,,,,,,,,,,
2026-09-30T23:35:00+00:00,KRW=X,FX,currency,1358.010009765625,1358.010009765625,1357.199951171875,1357.6500244140625,0.0,,,,,,,,,,,
2026-09-30T23:35:00+00:00,JPY=X,FX,currency,157.38800048828125,157.40899658203125,157.38800048828125,157.3979949951172,0.0,,,,,,,,,,,
2026-09-30T23:34:00+00:00,GBPUSD=X,FX,currency,1.326559066772461,1.326559066772461,1.326559066772461,1.326559066772461,0.0,,,,,,,,,,,
2026-09-30T23:34:00+00:00,386380.KQ,KOSDAQ,equity,18450.0,18450.0,18450.0,18450.0,50.0,0.0,0.0,,,,,1.0,,,,
2026-09-30T23:35:00+00:00,072950.KQ,KOSDAQ,equity,15180.0,15180.0,15180.0,15180.0,1.0,0.0,0.0,,,,,1.0,,,,
2026-09-30T23:35:00+00:00,010950.KS,KRX,equity,162200.0,162200.0,162200.0,162200.0,50.0,162200.0,162300.0,,,,,3.0,,,,
2026-09-30T23:35:00+00:00,051910.KS,KRX,equity,252000.0,252000.0,252000.0,252000.0,11.0,251500.0,252000.0,,,,,4.0,,,,
2026-09-30T23:36:00+00:00,BTC-USD,CRYPTO,crypto,83561.7,83633.1,83561.7,83579.0,14.66929627,,,,,,,131.0,,,,
2026-09-30T23:36:00+00:00,ETH-USD,CRYPTO,crypto,2686.25,2688.26,2686.25,2686.63,523.71792378,,,,,,,219.0,,,,
2026-09-30T23:35:00+00:00,043260.KQ,KOSDAQ,equity,26450.0,26450.0,26450.0,26450.0,54.0,0.0,0.0,,,,,1.0,,,,
2026-09-30T23:35:00+00:00,278470.KS,KRX,equity,365500.0,365500.0,365500.0,365500.0,3.0,365000.0,365500.0,,,,,2.0,,,,
2026-09-30T23:34:00+00:00,353200.KS,KRX,equity,132500.0,132500.0,132500.0,132500.0,3.0,0.0,0.0,,,,,1.0,,,,
2026-09-30T23:35:00+00:00,028260.KS,KRX,equity,341500.0,341500.0,341500.0,341500.0,4.0,341500.0,342000.0,,,,,2.0,,,,
2026-09-30T23:36:00+00:00,034020.KS,KRX,equity,84400.0,84400.0,84200.0,84300.0,44962.0,84300.0,84400.0,,,,,296.0,,,,
2026-09-30T23:36:00+00:00,010170.KQ,KOSDAQ,equity,16680.0,16680.0,16680.0,16680.0,125.0,0.0,0.0,,,,,3.0,,,,
2026-09-30T23:36:00+00:00,005930.KS,KRX,equity,268500.0,269000.0,268500.0,269000.0,3120.0,268500.0,269000.0,,,,,149.0,,,,
2026-09-30T23:36:00+00:00,089970.KQ,KOSDAQ,equity,61900.0,61900.0,61800.0,61800.0,764.0,61800.0,61900.0,,,,,19.0,,,,
2026-09-30T23:36:00+00:00,000720.KS,KRX,equity,121500.0,121600.0,121400.0,121400.0,1472.0,121400.0,121500.0,,,,,56.0,,,,
2026-09-30T23:36:00+00:00,066570.KS,KRX,equity,213000.0,213000.0,212500.0,213000.0,103.0,212500.0,213000.0,,,,,14.0,,,,
2026-09-30T23:36:00+00:00,000660.KS,KRX,equity,1771000.0,1772000.0,1770000.0,1771000.0,2653.0,1770000.0,1771000.0,,,,,148.0,,,,
2026-09-30T23:36:00+00:00,007660.KS,KRX,equity,115500.0,115500.0,115300.0,115400.0,416.0,115400.0,115500.0,,,,,16.0,,,,
2026-09-30T23:36:00+00:00,035420.KS,KRX,equity,193700.0,193800.0,193500.0,193600.0,1465.0,193600.0,193700.0,,,,,11.0,,,,
2026-09-30T23:36:00+00:00,009150.KS,KRX,equity,1502000.0,1502000.0,1501000.0,1502000.0,613.0,1501000.0,1502000.0,,,,,91.0,,,,
2026-09-30T23:36:00+00:00,011070.KS,KRX,equity,557000.0,558000.0,557000.0,557000.0,391.0,556000.0,557000.0,,,,,34.0,,,,
2026-09-30T23:36:00+00:00,108490.KQ,KOSDAQ,equity,287000.0,287000.0,286500.0,287000.0,149.0,287000.0,287500.0,,,,,22.0,,,,
2026-09-30T23:36:00+00:00,402340.KS,KRX,equity,1129000.0,1129000.0,1128000.0,1129000.0,151.0,1128000.0,1129000.0,,,,,27.0,,,,
2026-09-30T23:36:00+00:00,042700.KS,KRX,equity,255000.0,255500.0,255000.0,255500.0,378.0,255000.0,255500.0,,,,,31.0,,,,
2026-09-30T23:36:00+00:00,403870.KQ,KOSDAQ,equity,63700.0,63700.0,63700.0,63700.0,4.0,0.0,0.0,,,,,3.0,,,,
2026-09-30T23:36:00+00:00,051910.KS,KRX,equity,252000.0,252000.0,252000.0,252000.0,2.0,251500.0,252000.0,,,,,1.0,,,,
2026-09-30T23:36:00+00:00,105560.KS,KRX,equity,169800.0,169900.0,169800.0,169800.0,40.0,169700.0,169800.0,,,,,5.0,,,,
2026-09-30T23:36:00+00:00,006400.KS,KRX,equity,511000.0,512000.0,511000.0,511000.0,501.0,511000.0,512000.0,,,,,36.0,,,,
2026-09-30T23:36:00+00:00,012330.KS,KRX,equity,392000.0,393000.0,392000.0,393000.0,569.0,392500.0,393000.0,,,,,54.0,,,,
2026-09-30T23:36:00+00:00,010060.KS,KRX,equity,219000.0,219000.0,218000.0,218500.0,380.0,218500.0,219000.0,,,,,35.0,,,,
2026-09-30T23:36:00+00:00,058470.KQ,KOSDAQ,equity,74000.0,74000.0,73900.0,74000.0,339.0,73900.0,74000.0,,,,,19.0,,,,
2026-09-30T23:36:00+00:00,005490.KS,KRX,equity,311500.0,311500.0,311000.0,311000.0,234.0,311000.0,311500.0,,,,,24.0,,,,
2026-09-30T23:36:00+00:00,042660.KS,KRX,equity,79100.0,79200.0,79100.0,79100.0,468.0,79100.0,79200.0,,,,,26.0,,,,
2026-09-30T23:36:00+00:00,005380.KS,KRX,equity,351500.0,351500.0,351000.0,351500.0,233.0,351000.0,351500.0,,,,,43.0,,,,
2026-09-30T23:36:00+00:00,032830.KS,KRX,equity,283000.0,283000.0,283000.0,283000.0,3.0,282000.0,283000.0,,,,,1.0,,,,
2026-09-30T23:36:00+00:00,052690.KS,KRX,equity,128800.0,128900.0,128700.0,128800.0,1253.0,128800.0,128900.0,,,,,61.0,,,,
2026-09-30T23:36:00+00:00,278470.KS,KRX,equity,365000.0,365000.0,365000.0,365000.0,48.0,365000.0,365500.0,,,,,2.0,,,,
2026-09-30T23:36:00+00:00,003670.KS,KRX,equity,179500.0,179500.0,179300.0,179300.0,19.0,179200.0,179300.0,,,,,5.0,,,,
2026-09-30T23:36:00+00:00,298040.KS,KRX,equity,2779000.0,2779000.0,2778000.0,2778000.0,10.0,2778000.0,2779000.0,,,,,6.0,,,,
2026-09-30T23:36:00+00:00,055550.KS,KRX,equity,106800.0,106900.0,106800.0,106800.0,42.0,106800.0,106900.0,,,,,4.0,,,,
2026-09-30T23:36:00+00:00,003230.KS,KRX,equity,1216000.0,1216000.0,1214000.0,1214000.0,65.0,1214000.0,1215000.0,,,,,6.0,,,,
2026-09-30T23:36:00+00:00,096770.KS,KRX,equity,149300.0,149500.0,149300.0,149400.0,829.0,149400.0,149500.0,,,,,9.0,,,,
2026-09-30T23:36:00+00:00,095610.KQ,KOSDAQ,equity,169800.0,170100.0,169700.0,170100.0,454.0,170100.0,170300.0,,,,,20.0,,,,
2026-09-30T23:36:00+00:00,086790.KS,KRX,equity,130100.0,130100.0,130100.0,130100.0,124.0,130000.0,130100.0,,,,,4.0,,,,
2026-09-30T23:36:00+00:00,000150.KS,KRX,equity,1408000.0,1412000.0,1407000.0,1412000.0,427.0,1411000.0,1412000.0,,,,,25.0,,,,
2026-09-30T23:36:00+00:00,222800.KQ,KOSDAQ,equity,149500.0,149500.0,149400.0,149400.0,1487.0,149300.0,149400.0,,,,,30.0,,,,
2026-09-30T23:36:00+00:00,329180.KS,KRX,equity,433500.0,433500.0,433000.0,433000.0,34.0,433000.0,433500.0,,,,,9.0,,,,
2026-09-30T23:36:00+00:00,010120.KS,KRX,equity,204500.0,205000.0,204500.0,205000.0,69.0,204500.0,205000.0,,,,,10.0,,,,
2026-09-30T23:36:00+00:00,093370.KS,KRX,equity,15000.0,15000.0,15000.0,15000.0,14.0,0.0,0.0,,,,,4.0,,,,
2026-09-30T23:35:00+00:00,356680.KQ,KOSDAQ,equity,18200.0,18200.0,18200.0,18200.0,16.0,0.0,0.0,,,,,1.0,,,,
2026-09-30T23:36:00+00:00,010950.KS,KRX,equity,162300.0,162400.0,162300.0,162400.0,6.0,162300.0,162400.0,,,,,4.0,,,,
2026-09-30T23:36:00+00:00,103590.KS,KRX,equity,82000.0,82000.0,81900.0,82000.0,77.0,81900.0,82100.0,,,,,5.0,,,,
2026-09-30T23:36:00+00:00,373220.KS,KRX,equity,356000.0,356000.0,355500.0,356000.0,66.0,355500.0,356000.0,,,,,11.0,,,,
2026-09-30T23:36:00+00:00,000270.KS,KRX,equity,113900.0,114000.0,113900.0,114000.0,319.0,114000.0,114100.0,,,,,16.0,,,,
2026-09-30T23:36:00+00:00,028260.KS,KRX,equity,341500.0,341500.0,341500.0,341500.0,81.0,341000.0,341500.0,,,,,2.0,,,,
2026-09-30T23:36:00+00:00,012450.KS,KRX,equity,1015000.0,1015000.0,1014000.0,1015000.0,31.0,1014000.0,1015000.0,,,,,4.0,,,,
2026-09-30T23:36:00+00:00,272210.KS,KRX,equity,75200.0,75200.0,75200.0,75200.0,56.0,75100.0,75200.0,,,,,6.0,,,,
2026-09-30T23:36:00+00:00,036540.KQ,KOSDAQ,equity,10780.0,10780.0,10780.0,10780.0,19.0,0.0,0.0,,,,,3.0,,,,
2026-09-30T23:36:00+00:00,128940.KS,KRX,equity,497000.0,497000.0,497000.0,497000.0,12.0,497000.0,498000.0,,,,,6.0,,,,
2026-09-30T23:35:00+00:00,240810.KQ,KOSDAQ,equity,131500.0,131500.0,131500.0,131500.0,12.0,0.0,0.0,,,,,2.0,,,,
2026-09-30T23:36:00+00:00,036930.KQ,KOSDAQ,equity,232500.0,232500.0,232500.0,232500.0,6.0,0.0,0.0,,,,,2.0,,,,
2026-09-30T23:36:00+00:00,072950.KQ,KOSDAQ,equity,15180.0,15180.0,15180.0,15180.0,422.0,0.0,0.0,,,,,1.0,,,,
2026-09-30T23:36:00+00:00,AAPL,US,equity,334.0,334.3,334.0,334.2908,0.0,,,,,,,,,,,
2026-09-30T23:36:00+00:00,MSFT,US,equity,514.34,514.34,514.2983,514.34,0.0,,,,,,,,,,,
2026-09-30T23:37:00+00:00,MSFT,US,equity,514.1,514.8,514.09,514.8,0.0,,,,,,,,,,,
2026-09-30T23:36:00+00:00,NVDA,US,equity,229.6487,229.7877,229.6012,229.7857,0.0,,,,,,,,,,,
2026-09-30T23:36:00+00:00,AMZN,US,equity,249.74,249.8,249.61,249.74,0.0,,,,,,,,,,,
2026-09-30T23:36:00+00:00,GOOGL,US,equity,349.09,349.34,349.0,349.2601,0.0,,,,,,,,,,,
2026-09-30T23:36:00+00:00,GOOG,US,equity,346.05,346.42,346.05,346.4,0.0,,,,,,,,,,,
2026-09-30T23:37:00+00:00,GOOG,US,equity,346.4,346.5,346.294,346.4905,0.0,,,,,,,,,,,
2026-09-30T23:21:58+00:00,CRM,US,equity,229.31,229.31,229.31,229.31,0.0,,,,,,,,,,,
2026-09-30T23:36:00+00:00,TSLA,US,equity,354.53,354.74,354.53,354.74,0.0,,,,,,,,,,,
2026-09-30T23:36:00+00:00,AVGO,US,equity,352.79,353.0,352.6608,353.0,0.0,,,,,,,,,,,
2026-09-30T23:36:00+00:00,COST,US,equity,912.12,912.13,912.12,912.13,0.0,,,,,,,,,,,
2026-09-30T23:36:00+00:00,NFLX,US,equity,69.87,69.9488,69.87,69.9488,0.0,,,,,,,,,,,
2026-09-30T23:36:00+00:00,AMD,US,equity,612.19,612.77,612.1,612.77,0.0,,,,,,,,,,,
2026-09-30T23:36:00+00:00,INTC,US,equity,120.2,120.3,120.11,120.266,0.0,,,,,,,,,,,
2026-09-30T23:36:00+00:00,QCOM,US,equity,184.43,184.43,184.43,184.43,0.0,,,,,,,,,,,
2026-09-30T23:36:00+00:00,CSCO,US,equity,107.6,107.6,107.6,107.6,0.0,,,,,,,,,,,
2026-09-30T23:36:00+00:00,ADBE,US,equity,239.39,239.39,239.39,239.39,0.0,,,,,,,,,,,
2026-09-30T23:33:00+00:00,TXN,US,equity,281.2077,281.2077,281.18,281.18,0.0,,,,,,,,,,,
2026-09-30T23:36:00+00:00,AMAT,US,equity,513.6,514.9988,513.6,514.783,0.0,,,,,,,,,,,
2026-09-30T23:36:00+00:00,MU,US,equity,1064.97,1065.99,1064.86,1065.56,0.0,,,,,,,,,,,
2026-09-30T23:37:00+00:00,MU,US,equity,1065.515,1066.5,1065.08,1066.5,0.0,,,,,,,,,,,
2026-09-30T23:36:00+00:00,KLAC,US,equity,195.84,195.84,195.84,195.84,0.0,,,,,,,,,,,
2026-09-30T23:36:00+00:00,LRCX,US,equity,330.41,330.41,330.355,330.355,0.0,,,,,,,,,,,
2026-09-30T23:36:00+00:00,ASML,US,equity,1818.71,1818.71,1818.71,1818.71,0.0,,,,,,,,,,,
2026-09-30T23:36:00+00:00,ISRG,US,equity,407.18,407.19,407.18,407.19,0.0,,,,,,,,,,,
2026-09-30T23:36:26+00:00,REGN,US,equity,759.06,759.06,759.06,759.06,0.0,,,,,,,,,,,
2026-09-30T23:36:30+00:00,GILD,US,equity,149.59,149.59,149.59,149.59,0.0,,,,,,,,,,,
2026-09-30T23:34:00+00:00,AMGN,US,equity,423.15,423.15,423.15,423.15,0.0,,,,,,,,,,,
2026-09-30T23:35:00+00:00,SBUX,US,equity,94.0018,94.0018,94.0018,94.0018,0.0,,,,,,,,,,,
2026-09-30T23:35:00+00:00,PYPL,US,equity,53.2901,53.3,53.29,53.3,0.0,,,,,,,,,,,
2026-09-30T23:36:00+00:00,PYPL,US,equity,53.29,53.3,53.29,53.29,0.0,,,,,,,,,,,
2026-09-30T23:35:55+00:00,PANW,US,equity,398.33,398.33,398.33,398.33,0.0,,,,,,,,,,,
2026-09-30T23:36:00+00:00,MDB,US,equity,349.6022,349.6022,349.6022,349.6022,0.0,,,,,,,,,,,
2026-09-30T23:35:00+00:00,PEP,US,equity,126.99,126.99,126.99,126.99,0.0,,,,,,,,,,,
2026-09-30T23:30:00+00:00,MAR,US,equity,355.67,355.67,355.67,355.67,0.0,,,,,,,,,,,
2026-09-30T23:34:00+00:00,MCD,US,equity,231.29,231.29,231.29,231.29,0.0,,,,,,,,,,,
2026-09-30T23:36:00+00:00,LULU,US,equity,96.3,96.3,96.3,96.3,0.0,,,,,,,,,,,
2026-09-30T23:33:00+00:00,KDP,US,equity,30.36,30.36,30.36,30.36,0.0,,,,,,,,,,,
2026-09-30T23:36:30+00:00,HON,US,equity,211.47,211.47,211.47,211.47,0.0,,,,,,,,,,,
2026-09-30T23:21:00+00:00,JPM,US,equity,331.28,331.28,331.28,331.28,0.0,,,,,,,,,,,
2026-09-30T23:36:00+00:00,WMT,US,equity,104.98,104.98,104.98,104.98,0.0,,,,,,,,,,,
2026-09-30T23:25:00+00:00,GS,US,equity,902.1548,902.1548,902.1548,902.1548,0.0,,,,,,,,,,,
2026-09-30T23:36:57+00:00,SPY,US,index_etf,765.3,765.3,765.3,765.3,0.0,,,,,,,,,,,
2026-09-30T23:36:00+00:00,QQQ,US,index_etf,742.28,742.6,742.28,742.55,0.0,,,,,,,,,,,
2026-09-30T23:37:00+00:00,QQQ,US,index_etf,742.6154,742.7914,742.6154,742.79,0.0,,,,,,,,,,,
2026-09-30T23:27:00+00:00,ES=F,CME,index_future,7736.25,7736.25,7735.75,7736.0,0.0,,,,,,,,,,,
2026-09-30T23:27:57+00:00,ES=F,CME,index_future,7736.0,7736.0,7736.0,7736.0,0.0,,,,,,,,,,,
2026-09-30T23:27:00+00:00,NQ=F,CME,index_future,30781.0,30781.75,30776.75,30781.0,60.0,,,,,,,,,,,
2026-09-30T23:28:00+00:00,NQ=F,CME,index_future,30781.5,30783.5,30781.0,30782.75,0.0,,,,,,,,,,,
2026-09-30T23:28:01+00:00,NQ=F,CME,index_future,30782.0,30782.0,30782.0,30782.0,0.0,,,,,,,,,,,
2026-09-30T23:27:00+00:00,GC=F,COMEX,commodity_future,4184.10009765625,4184.7001953125,4184.10009765625,4184.5,0.0,,,,,,,,,,,
2026-09-30T23:27:52+00:00,GC=F,COMEX,commodity_future,4184.5,4184.5,4184.5,4184.5,0.0,,,,,,,,,,,
2026-09-30T23:27:00+00:00,SI=F,COMEX,commodity_future,60.66999816894531,60.66999816894531,60.66999816894531,60.66999816894531,0.0,,,,,,,,,,,
2026-09-30T23:27:43+00:00,SI=F,COMEX,commodity_future,60.66999816894531,60.66999816894531,60.66999816894531,60.66999816894531,0.0,,,,,,,,,,,
2026-09-30T23:27:00+00:00,CL=F,NYMEX,commodity_future,90.0999984741211,90.0999984741211,90.0999984741211,90.0999984741211,0.0,,,,,,,,,,,
2026-09-30T23:27:39+00:00,CL=F,NYMEX,commodity_future,90.0999984741211,90.0999984741211,90.0999984741211,90.0999984741211,0.0,,,,,,,,,,,
2026-09-30T23:27:00+00:00,HG=F,COMEX,commodity_future,6.625999927520752,6.625999927520752,6.625999927520752,6.625999927520752,0.0,,,,,,,,,,,
2026-09-30T23:27:05+00:00,HG=F,COMEX,commodity_future,6.625999927520752,6.625999927520752,6.625999927520752,6.625999927520752,0.0,,,,,,,,,,,
2026-09-30T23:35:00+00:00,EURUSD=X,FX,currency,1.1334012746810913,1.1334012746810913,1.1334012746810913,1.1334012746810913,0.0,,,,,,,,,,,
2026-09-30T23:36:00+00:00,EURUSD=X,FX,currency,1.133529782295227,1.133529782295227,1.133529782295227,1.133529782295227,0.0,,,,,,,,,,,
2026-09-30T23:36:00+00:00,KRW=X,FX,currency,1357.5799560546875,1357.8800048828125,1357.5,1357.8699951171875,0.0,,,,,,,,,,,
2026-09-30T23:37:00+00:00,KRW=X,FX,currency,1357.8900146484375,1357.9100341796875,1357.1199951171875,1357.9000244140625,0.0,,,,,,,,,,,
2026-09-30T23:36:00+00:00,JPY=X,FX,currency,157.406005859375,157.41000366210938,157.39700317382812,157.3979949951172,0.0,,,,,,,,,,,
2026-09-30T23:37:00+00:00,JPY=X,FX,currency,157.40699768066406,157.40899658203125,157.39500427246094,157.4080047607422,0.0,,,,,,,,,,,
2026-09-30T23:35:00+00:00,GBPUSD=X,FX,currency,1.326559066772461,1.326559066772461,1.326559066772461,1.326559066772461,0.0,,,,,,,,,,,
2026-09-30T23:36:00+00:00,GBPUSD=X,FX,currency,1.3265239000320437,1.3265239000320437,1.3265239000320437,1.3265239000320437,0.0,,,,,,,,,,,
2026-09-30T23:37:00+00:00,BTC-USD,CRYPTO,crypto,83578.9,83614.1,83578.9,83612.9,0.0682349,,,,,,,49.0,,,,
2026-09-30T23:37:00+00:00,ETH-USD,CRYPTO,crypto,2686.81,2687.97,2686.81,2687.96,5.15138243,,,,,,,27.0,,,,
2026-09-30T23:36:00+00:00,034730.KS,KRX,equity,586000.0,586000.0,586000.0,586000.0,10.0,585000.0,587000.0,,,,,1.0,,,,
2026-09-30T23:36:00+00:00,386380.KQ,KOSDAQ,equity,18450.0,18450.0,18450.0,18450.0,10.0,0.0,0.0,,,,,1.0,,,,
2026-09-30T23:37:00+00:00,000150.KS,KRX,equity,1411000.0,1412000.0,1410000.0,1410000.0,132.0,1410000.0,1411000.0,,,,,19.0,,,,
2026-09-30T23:37:00+00:00,058470.KQ,KOSDAQ,equity,74000.0,74000.0,73900.0,74000.0,333.0,73900.0,74000.0,,,,,19.0,,,,
2026-09-30T23:37:00+00:00,005490.KS,KRX,equity,311000.0,311500.0,311000.0,311500.0,167.0,311000.0,311500.0,,,,,19.0,,,,
2026-09-30T23:37:00+00:00,042700.KS,KRX,equity,255000.0,255500.0,255000.0,255500.0,618.0,255000.0,255500.0,,,,,32.0,,,,
2026-09-30T23:37:00+00:00,034020.KS,KRX,equity,84300.0,84400.0,81600.0,84400.0,13192.0,84300.0,84400.0,,,,,318.0,,,,
2026-09-30T23:37:00+00:00,005930.KS,KRX,equity,268500.0,269000.0,268500.0,268500.0,4013.0,268500.0,269000.0,,,,,178.0,,,,
2026-09-30T23:37:00+00:00,005380.KS,KRX,equity,351500.0,351500.0,351000.0,351500.0,291.0,351000.0,351500.0,,,,,48.0,,,,
2026-09-30T23:37:00+00:00,222800.KQ,KOSDAQ,equity,149400.0,149500.0,149300.0,149500.0,1094.0,149400.0,149600.0,,,,,23.0,,,,
2026-09-30T23:37:00+00:00,006400.KS,KRX,equity,511000.0,511000.0,511000.0,511000.0,329.0,510000.0,511000.0,,,,,19.0,,,,
2026-09-30T23:37:00+00:00,012330.KS,KRX,equity,393000.0,393000.0,392500.0,393000.0,880.0,392500.0,393000.0,,,,,66.0,,,,
2026-09-30T23:37:00+00:00,009150.KS,KRX,equity,1502000.0,1504000.0,1502000.0,1503000.0,831.0,1503000.0,1504000.0,,,,,83.0,,,,
2026-09-30T23:37:00+00:00,278470.KS,KRX,equity,365000.0,365000.0,365000.0,365000.0,48.0,365000.0,365500.0,,,,,4.0,,,,
2026-09-30T23:37:00+00:00,000660.KS,KRX,equity,1771000.0,1772000.0,1770000.0,1771000.0,3173.0,1770000.0,1771000.0,,,,,122.0,,,,
2026-09-30T23:37:00+00:00,329180.KS,KRX,equity,433000.0,433500.0,433000.0,433000.0,24.0,433000.0,433500.0,,,,,5.0,,,,
2026-09-30T23:37:00+00:00,010060.KS,KRX,equity,218500.0,218500.0,218000.0,218500.0,176.0,218000.0,218500.0,,,,,20.0,,,,
2026-09-30T23:37:00+00:00,035420.KS,KRX,equity,193700.0,193700.0,193600.0,193700.0,176.0,193600.0,193700.0,,,,,15.0,,,,
2026-09-30T23:37:00+00:00,003670.KS,KRX,equity,179300.0,179300.0,179200.0,179200.0,147.0,179200.0,179300.0,,,,,9.0,,,,
2026-09-30T23:37:00+00:00,000720.KS,KRX,equity,121500.0,121500.0,121400.0,121500.0,513.0,121400.0,121500.0,,,,,45.0,,,,
2026-09-30T23:37:00+00:00,093370.KS,KRX,equity,15000.0,15000.0,15000.0,15000.0,50.0,0.0,0.0,,,,,4.0,,,,
2026-09-30T23:37:00+00:00,066570.KS,KRX,equity,212500.0,213000.0,212500.0,212500.0,185.0,212500.0,213000.0,,,,,19.0,,,,
2026-09-30T23:37:00+00:00,052690.KS,KRX,equity,128900.0,128900.0,128800.0,128800.0,1448.0,128800.0,128900.0,,,,,71.0,,,,
2026-09-30T23:37:00+00:00,402340.KS,KRX,equity,1129000.0,1130000.0,1128000.0,1128000.0,214.0,1128000.0,1129000.0,,,,,21.0,,,,
2026-09-30T23:37:00+00:00,103590.KS,KRX,equity,82000.0,82000.0,81900.0,82000.0,369.0,81900.0,82000.0,,,,,12.0,,,,
2026-09-30T23:37:00+00:00,373220.KS,KRX,equity,356000.0,356500.0,355500.0,356500.0,87.0,356000.0,356500.0,,,,,5.0,,,,
2026-09-30T23:37:00+00:00,089970.KQ,KOSDAQ,equity,61800.0,61900.0,61800.0,61800.0,1509.0,61800.0,61900.0,,,,,17.0,,,,
2026-09-30T23:37:00+00:00,007660.KS,KRX,equity,115400.0,115400.0,115400.0,115400.0,184.0,115400.0,115500.0,,,,,12.0,,,,
2026-09-30T23:37:00+00:00,108490.KQ,KOSDAQ,equity,287000.0,287500.0,287000.0,287500.0,209.0,287000.0,287500.0,,,,,17.0,,,,
2026-09-30T23:37:00+00:00,272210.KS,KRX,equity,75200.0,75300.0,75200.0,75300.0,229.0,75300.0,75400.0,,,,,7.0,,,,
2026-09-30T23:37:00+00:00,012450.KS,KRX,equity,1014000.0,1016000.0,1014000.0,1016000.0,193.0,1015000.0,1016000.0,,,,,6.0,,,,
2026-09-30T23:37:00+00:00,032830.KS,KRX,equity,283000.0,283000.0,283000.0,283000.0,4.0,282500.0,283000.0,,,,,2.0,,,,
2026-09-30T23:33:00+00:00,080220.KQ,KOSDAQ,equity,78300.0,78300.0,78300.0,78300.0,8.0,0.0,0.0,,,,,1.0,,,,
2026-09-30T23:37:00+00:00,105560.KS,KRX,equity,169800.0,169800.0,169700.0,169800.0,30.0,169700.0,169800.0,,,,,8.0,,,,
2026-09-30T23:37:00+00:00,298040.KS,KRX,equity,2778000.0,2778000.0,2778000.0,2778000.0,5.0,2778000.0,2779000.0,,,,,5.0,,,,
2026-09-30T23:37:00+00:00,011070.KS,KRX,equity,557000.0,558000.0,557000.0,558000.0,197.0,557000.0,558000.0,,,,,20.0,,,,
2026-09-30T23:37:00+00:00,000270.KS,KRX,equity,114000.0,114100.0,114000.0,114100.0,46.0,114000.0,114100.0,,,,,7.0,,,,
2026-09-30T23:37:00+00:00,042660.KS,KRX,equity,79200.0,79200.0,79100.0,79100.0,2246.0,79100.0,79200.0,,,,,19.0,,,,
2026-09-30T23:37:00+00:00,096770.KS,KRX,equity,149400.0,149400.0,149400.0,149400.0,52.0,149400.0,149500.0,,,,,5.0,,,,
2026-09-30T23:37:00+00:00,055550.KS,KRX,equity,106800.0,106900.0,106800.0,106900.0,12.0,106800.0,106900.0,,,,,3.0,,,,
2026-09-30T23:37:00+00:00,095610.KQ,KOSDAQ,equity,170300.0,170500.0,170300.0,170300.0,169.0,170300.0,170500.0,,,,,20.0,,,,
2026-09-30T23:37:00+00:00,072950.KQ,KOSDAQ,equity,15180.0,15180.0,15180.0,15180.0,394.0,0.0,0.0,,,,,1.0,,,,
2026-09-30T23:37:00+00:00,010120.KS,KRX,equity,205000.0,205000.0,204500.0,204500.0,74.0,204500.0,205000.0,,,,,12.0,,,,
2026-09-30T23:37:00+00:00,036540.KQ,KOSDAQ,equity,10780.0,10780.0,10780.0,10780.0,480.0,0.0,0.0,,,,,3.0,,,,
2026-09-30T23:36:00+00:00,005935.KS,KRX,equity,195200.0,195200.0,195200.0,195200.0,5.0,0.0,0.0,,,,,1.0,,,,
2026-09-30T23:37:00+00:00,028260.KS,KRX,equity,341500.0,341500.0,341500.0,341500.0,40.0,341500.0,342000.0,,,,,3.0,,,,
2026-09-30T23:37:00+00:00,086790.KS,KRX,equity,130100.0,130100.0,130000.0,130000.0,476.0,130000.0,130100.0,,,,,4.0,,,,
2026-09-30T23:35:00+00:00,001820.KS,KRX,equity,149200.0,149200.0,149200.0,149200.0,1.0,0.0,0.0,,,,,1.0,,,,
2026-09-30T23:37:00+00:00,036930.KQ,KOSDAQ,equity,232500.0,232500.0,232500.0,232500.0,4.0,0.0,0.0,,,,,1.0,,,,
2026-09-30T23:37:00+00:00,051910.KS,KRX,equity,252000.0,252000.0,251500.0,251500.0,72.0,251500.0,252000.0,,,,,9.0,,,,
2026-09-30T23:37:00+00:00,010170.KQ,KOSDAQ,equity,16680.0,16680.0,16680.0,16680.0,59.0,0.0,0.0,,,,,4.0,,,,
2026-09-30T23:37:00+00:00,010950.KS,KRX,equity,162400.0,162400.0,162400.0,162400.0,5.0,162400.0,162500.0,,,,,3.0,,,,
2026-09-30T23:36:00+00:00,009830.KS,KRX,equity,33900.0,33900.0,33900.0,33900.0,20.0,0.0,0.0,,,,,1.0,,,,
2026-09-30T23:37:00+00:00,356680.KQ,KOSDAQ,equity,18200.0,18200.0,18200.0,18200.0,50.0,0.0,0.0,,,,,1.0,,,,
2026-09-30T23:37:00+00:00,403870.KQ,KOSDAQ,equity,63700.0,63700.0,63700.0,63700.0,11.0,0.0,0.0,,,,,2.0,,,,
2026-09-30T23:37:00+00:00,AAPL,US,equity,334.2,334.3632,334.0501,334.3632,0.0,,,,,,,,,,,
2026-09-30T23:38:00+00:00,AAPL,US,equity,334.29,334.5269,334.29,334.5269,0.0,,,,,,,,,,,
2026-09-30T23:38:00+00:00,MSFT,US,equity,514.09,514.84,514.09,514.72,0.0,,,,,,,,,,,
2026-09-30T23:37:00+00:00,NVDA,US,equity,229.7857,229.8,229.6242,229.7997,0.0,,,,,,,,,,,
2026-09-30T23:38:00+00:00,NVDA,US,equity,229.7997,229.8,229.7,229.7895,0.0,,,,,,,,,,,
2026-09-30T23:37:00+00:00,AMZN,US,equity,249.74,249.85,249.74,249.81,0.0,,,,,,,,,,,
2026-09-30T23:38:00+00:00,AMZN,US,equity,249.82,249.87,249.6801,249.86,0.0,,,,,,,,,,,
2026-09-30T23:37:00+00:00,GOOGL,US,equity,349.35,349.39,349.24,349.39,0.0,,,,,,,,,,,
2026-09-30T23:38:00+00:00,GOOGL,US,equity,349.34,349.39,349.029,349.029,0.0,,,,,,,,,,,
2026-09-30T23:38:00+00:00,GOOG,US,equity,346.4,346.5,346.4,346.46,0.0,,,,,,,,,,,
2026-09-30T23:21:00+00:00,CRM,US,equity,229.31,229.31,229.31,229.31,0.0,,,,,,,,,,,
2026-09-30T23:37:00+00:00,TSLA,US,equity,354.71,354.8003,354.71,354.8003,0.0,,,,,,,,,,,
2026-09-30T23:38:00+00:00,TSLA,US,equity,354.81,354.97,354.8,354.8,0.0,,,,,,,,,,,
2026-09-30T23:37:00+00:00,AVGO,US,equity,353.0,353.0,352.8,352.9,0.0,,,,,,,,,,,
2026-09-30T23:38:00+00:00,AVGO,US,equity,352.9,353.0706,352.81,352.9,0.0,,,,,,,,,,,
2026-09-30T23:37:00+00:00,COST,US,equity,912.24,912.24,912.24,912.24,0.0,,,,,,,,,,,
2026-09-30T23:38:00+00:00,COST,US,equity,912.24,912.66,912.24,912.25,0.0,,,,,,,,,,,
2026-09-30T23:37:00+00:00,NFLX,US,equity,69.88,69.9902,69.88,69.95,0.0,,,,,,,,,,,
2026-09-30T23:38:00+00:00,NFLX,US,equity,69.9933,69.9974,69.9327,69.9974,0.0,,,,,,,,,,,
2026-09-30T23:37:00+00:00,AMD,US,equity,612.49,612.7699,612.1167,612.75,0.0,,,,,,,,,,,
2026-09-30T23:38:00+00:00,AMD,US,equity,612.9775,613.01,612.58,613.01,0.0,,,,,,,,,,,
2026-09-30T23:37:00+00:00,INTC,US,equity,120.18,120.3,120.18,120.28,0.0,,,,,,,,,,,
2026-09-30T23:38:00+00:00,INTC,US,equity,120.2317,120.4,120.2317,120.39,0.0,,,,,,,,,,,
2026-09-30T23:37:41+00:00,QCOM,US,equity,184.45,184.45,184.45,184.45,0.0,,,,,,,,,,,
2026-09-30T23:37:00+00:00,CSCO,US,equity,107.7,107.7,107.7,107.7,0.0,,,,,,,,,,,
2026-09-30T23:38:00+00:00,CSCO,US,equity,107.7,107.7,107.7,107.7,0.0,,,,,,,,,,,
2026-09-30T23:37:00+00:00,ADBE,US,equity,239.99,239.99,239.99,239.99,0.0,,,,,,,,,,,
2026-09-30T23:38:00+00:00,ADBE,US,equity,239.99,239.99,239.8,239.98,0.0,,,,,,,,,,,
2026-09-30T23:37:00+00:00,TXN,US,equity,281.22,281.22,281.22,281.22,0.0,,,,,,,,,,,
2026-09-30T23:37:00+00:00,AMAT,US,equity,513.66,514.9,513.66,514.55,0.0,,,,,,,,,,,
2026-09-30T23:38:00+00:00,AMAT,US,equity,514.55,514.8384,514.55,514.55,0.0,,,,,,,,,,,
2026-09-30T23:38:00+00:00,MU,US,equity,1066.01,1067.7,1066.01,1067.53,0.0,,,,,,,,,,,
2026-09-30T23:37:00+00:00,KLAC,US,equity,195.85,195.85,195.85,195.85,0.0,,,,,,,,,,,
2026-09-30T23:38:00+00:00,KLAC,US,equity,195.85,195.85,195.85,195.85,0.0,,,,,,,,,,,
2026-09-30T23:37:00+00:00,LRCX,US,equity,330.6,331.0741,330.21,330.9,0.0,,,,,,,,,,,
2026-09-30T23:38:00+00:00,LRCX,US,equity,331.0766,331.11,331.0766,331.0779,0.0,,,,,,,,,,,
2026-09-30T23:37:43+00:00,ASML,US,equity,1817.48,1817.48,1817.48,1817.48,0.0,,,,,,,,,,,
2026-09-30T23:34:00+00:00,BKNG,US,equity,163.47,163.47,163.47,163.47,0.0,,,,,,,,,,,
2026-09-30T23:35:00+00:00,INTU,US,equity,275.88,276.9555,275.88,276.9555,0.0,,,,,,,,,,,
2026-09-30T23:37:18+00:00,ISRG,US,equity,407.19,407.19,407.19,407.19,0.0,,,,,,,,,,,
2026-09-30T23:36:00+00:00,REGN,US,equity,759.06,759.06,759.06,759.06,0.0,,,,,,,,,,,
2026-09-30T23:37:00+00:00,AMGN,US,equity,423.49,423.49,423.49,423.49,0.0,,,,,,,,,,,
2026-09-30T23:37:00+00:00,SBUX,US,equity,94.0094,94.01,94.0,94.01,0.0,,,,,,,,,,,
2026-09-30T23:38:00+00:00,SBUX,US,equity,94.12,94.12,94.12,94.12,0.0,,,,,,,,,,,
2026-09-30T23:37:00+00:00,PYPL,US,equity,53.29,53.3,53.29,53.29,0.0,,,,,,,,,,,
2026-09-30T23:38:00+00:00,PYPL,US,equity,53.29,53.29,53.29,53.29,0.0,,,,,,,,,,,
2026-09-30T23:35:00+00:00,PANW,US,equity,398.33,398.33,398.33,398.33,0.0,,,,,,,,,,,
2026-09-30T23:31:00+00:00,HD,US,equity,284.72,284.72,284.72,284.72,0.0,,,,,,,,,,,
2026-09-30T23:37:59+00:00,MDB,US,equity,349.64,349.64,349.64,349.64,0.0,,,,,,,,,,,
2026-09-30T23:24:00+00:00,JNJ,US,equity,264.7756,264.7756,264.7756,264.7756,0.0,,,,,,,,,,,
2026-09-30T23:37:00+00:00,PEP,US,equity,127.0,127.0297,127.0,127.0297,0.0,,,,,,,,,,,
2026-09-30T23:38:00+00:00,PEP,US,equity,127.0,127.0,127.0,127.0,0.0,,,,,,,,,,,
2026-09-30T23:37:00+00:00,MAR,US,equity,356.41,356.48,356.41,356.48,0.0,,,,,,,,,,,
2026-09-30T23:38:00+00:00,MAR,US,equity,356.51,356.77,356.51,356.66,0.0,,,,,,,,,,,
2026-09-30T23:37:00+00:00,MCD,US,equity,231.31,231.43,231.31,231.43,0.0,,,,,,,,,,,
2026-09-30T23:38:00+00:00,MCD,US,equity,231.37,231.37,231.3007,231.3007,0.0,,,,,,,,,,,
2026-09-30T23:37:55+00:00,LULU,US,equity,96.3895,96.3895,96.3895,96.3895,0.0,,,,,,,,,,,
2026-09-30T23:37:00+00:00,KDP,US,equity,30.36,30.36,30.36,30.36,0.0,,,,,,,,,,,
2026-09-30T23:38:00+00:00,KDP,US,equity,30.36,30.36,30.36,30.36,0.0,,,,,,,,,,,
2026-09-30T23:28:00+00:00,BAC,US,equity,54.49,54.49,54.49,54.49,0.0,,,,,,,,,,,
2026-09-30T23:38:06+00:00,BAC,US,equity,54.5,54.5,54.5,54.5,0.0,,,,,,,,,,,
2026-09-30T23:37:00+00:00,WMT,US,equity,104.8097,105.0,104.8097,104.95,0.0,,,,,,,,,,,
2026-09-30T23:38:00+00:00,WMT,US,equity,104.95,104.95,104.95,104.95,0.0,,,,,,,,,,,
2026-09-30T23:36:00+00:00,SPY,US,index_etf,765.13,765.3,765.13,765.3,0.0,,,,,,,,,,,
2026-09-30T23:38:00+00:00,QQQ,US,index_etf,742.79,743.02,742.79,742.98,0.0,,,,,,,,,,,
2026-09-30T23:28:00+00:00,ES=F,CME,index_future,7736.25,7736.5,7736.25,7736.25,59.0,,,,,,,,,,,
2026-09-30T23:29:00+00:00,ES=F,CME,index_future,7736.5,7736.75,7736.25,7736.5,0.0,,,,,,,,,,,
2026-09-30T23:29:11+00:00,ES=F,CME,index_future,7736.5,7736.5,7736.5,7736.5,0.0,,,,,,,,,,,
2026-09-30T23:29:00+00:00,NQ=F,CME,index_future,30782.75,30785.0,30780.25,30782.5,0.0,,,,,,,,,,,
2026-09-30T23:29:11+00:00,NQ=F,CME,index_future,30781.25,30781.25,30781.25,30781.25,0.0,,,,,,,,,,,
2026-09-30T23:28:00+00:00,GC=F,COMEX,commodity_future,4184.7001953125,4184.7001953125,4184.39990234375,4184.60009765625,7.0,,,,,,,,,,,
2026-09-30T23:29:00+00:00,GC=F,COMEX,commodity_future,4184.5,4184.5,4184.5,4184.5,0.0,,,,,,,,,,,
2026-09-30T23:29:01+00:00,GC=F,COMEX,commodity_future,4184.5,4184.5,4184.5,4184.5,0.0,,,,,,,,,,,
2026-09-30T23:28:00+00:00,SI=F,COMEX,commodity_future,60.65499877929688,60.65499877929688,60.65499877929688,60.65499877929688,3.0,,,,,,,,,,,
2026-09-30T23:29:00+00:00,SI=F,COMEX,commodity_future,60.65999984741211,60.65999984741211,60.65999984741211,60.65999984741211,0.0,,,,,,,,,,,
2026-09-30T23:29:05+00:00,SI=F,COMEX,commodity_future,60.65999984741211,60.65999984741211,60.65999984741211,60.65999984741211,0.0,,,,,,,,,,,
2026-09-30T23:28:00+00:00,CL=F,NYMEX,commodity_future,90.08000183105467,90.08999633789062,90.08000183105467,90.08999633789062,0.0,,,,,,,,,,,
2026-09-30T23:28:40+00:00,CL=F,NYMEX,commodity_future,90.08999633789062,90.08999633789062,90.08999633789062,90.08999633789062,0.0,,,,,,,,,,,
2026-09-30T23:28:00+00:00,HG=F,COMEX,commodity_future,6.625999927520752,6.625999927520752,6.625999927520752,6.625999927520752,0.0,,,,,,,,,,,
2026-09-30T23:28:10+00:00,HG=F,COMEX,commodity_future,6.625999927520752,6.625999927520752,6.625999927520752,6.625999927520752,0.0,,,,,,,,,,,
2026-09-30T23:37:00+00:00,EURUSD=X,FX,currency,1.1334012746810913,1.1334012746810913,1.1334012746810913,1.1334012746810913,0.0,,,,,,,,,,,
2026-09-30T23:38:00+00:00,KRW=X,FX,currency,1357.77001953125,1357.9200439453125,1356.699951171875,1357.3699951171875,0.0,,,,,,,,,,,
2026-09-30T23:38:00+00:00,JPY=X,FX,currency,157.3979949951172,157.4080047607422,157.39500427246094,157.3979949951172,0.0,,,,,,,,,,,
2026-09-30T23:37:00+00:00,GBPUSD=X,FX,currency,1.3265942335128784,1.3265942335128784,1.3265942335128784,1.3265942335128784,0.0,,,,,,,,,,,
2026-09-30T23:38:00+00:00,BTC-USD,CRYPTO,crypto,83612.8,83619.0,83601.0,83605.3,0.66844755,,,,,,,50.0,,,,
2026-09-30T23:38:00+00:00,ETH-USD,CRYPTO,crypto,2687.85,2688.29,2687.52,2687.92,3.50499361,,,,,,,18.0,,,,
2026-09-30T23:38:00+00:00,000660.KS,KRX,equity,1770000.0,1771000.0,1770000.0,1771000.0,1668.0,1770000.0,1771000.0,,,,,131.0,,,,
2026-09-30T23:38:00+00:00,042660.KS,KRX,equity,79100.0,79200.0,79100.0,79100.0,155.0,79100.0,79200.0,,,,,16.0,,,,
2026-09-30T23:38:00+00:00,034020.KS,KRX,equity,84300.0,84400.0,84300.0,84400.0,27484.0,84300.0,84400.0,,,,,266.0,,,,
2026-09-30T23:38:00+00:00,042700.KS,KRX,equity,255500.0,256000.0,255500.0,256000.0,521.0,255500.0,256500.0,,,,,40.0,,,,
2026-09-30T23:38:00+00:00,096770.KS,KRX,equity,149400.0,149500.0,149400.0,149400.0,601.0,149300.0,149400.0,,,,,9.0,,,,
2026-09-30T23:37:00+00:00,003230.KS,KRX,equity,1214000.0,1214000.0,1214000.0,1214000.0,13.0,1214000.0,1217000.0,,,,,3.0,,,,
2026-09-30T23:38:00+00:00,012330.KS,KRX,equity,393000.0,393500.0,392500.0,393500.0,883.0,393000.0,393500.0,,,,,67.0,,,,
2026-09-30T23:38:00+00:00,028260.KS,KRX,equity,341500.0,341500.0,341500.0,341500.0,14.0,341500.0,342000.0,,,,,3.0,,,,
2026-09-30T23:38:00+00:00,012450.KS,KRX,equity,1016000.0,1024000.0,1016000.0,1023000.0,1203.0,1022000.0,1023000.0,,,,,37.0,,,,
2026-09-30T23:38:00+00:00,010060.KS,KRX,equity,218000.0,219000.0,218000.0,219000.0,772.0,218500.0,219000.0,,,,,28.0,,,,
2026-09-30T23:38:00+00:00,066570.KS,KRX,equity,212500.0,213000.0,212500.0,213000.0,304.0,212500.0,213000.0,,,,,15.0,,,,
2026-09-30T23:38:00+00:00,058470.KQ,KOSDAQ,equity,74000.0,74100.0,73900.0,74100.0,674.0,74000.0,74100.0,,,,,16.0,,,,
2026-09-30T23:38:00+00:00,052690.KS,KRX,equity,128800.0,128900.0,128800.0,128900.0,1038.0,128800.0,128900.0,,,,,64.0,,,,
2026-09-30T23:38:00+00:00,006400.KS,KRX,equity,511000.0,512000.0,511000.0,511000.0,137.0,511000.0,512000.0,,,,,19.0,,,,
2026-09-30T23:38:00+00:00,000270.KS,KRX,equity,114100.0,114100.0,114000.0,114000.0,31.0,114000.0,114100.0,,,,,12.0,,,,
2026-09-30T23:38:00+00:00,005930.KS,KRX,equity,269000.0,269000.0,268500.0,268500.0,5497.0,268500.0,269000.0,,,,,180.0,,,,
2026-09-30T23:38:00+00:00,010120.KS,KRX,equity,204500.0,205000.0,204500.0,205000.0,16.0,204500.0,205000.0,,,,,6.0,,,,
2026-09-30T23:38:00+00:00,000150.KS,KRX,equity,1410000.0,1411000.0,1407000.0,1407000.0,192.0,1406000.0,1407000.0,,,,,34.0,,,,
2026-09-30T23:38:00+00:00,035420.KS,KRX,equity,193700.0,193700.0,193600.0,193700.0,69.0,193700.0,193800.0,,,,,21.0,,,,
2026-09-30T23:37:00+00:00,034730.KS,KRX,equity,586000.0,586000.0,586000.0,586000.0,3.0,585000.0,586000.0,,,,,1.0,,,,
2026-09-30T23:38:00+00:00,007660.KS,KRX,equity,115400.0,115500.0,115400.0,115500.0,77.0,115400.0,115500.0,,,,,9.0,,,,
2026-09-30T23:38:00+00:00,272210.KS,KRX,equity,75300.0,75500.0,75300.0,75500.0,370.0,75300.0,75500.0,,,,,12.0,,,,
2026-09-30T23:38:00+00:00,222800.KQ,KOSDAQ,equity,149500.0,149500.0,149400.0,149500.0,243.0,149400.0,149600.0,,,,,24.0,,,,
2026-09-30T23:38:00+00:00,009150.KS,KRX,equity,1503000.0,1505000.0,1503000.0,1504000.0,321.0,1504000.0,1505000.0,,,,,55.0,,,,
2026-09-30T23:38:00+00:00,329180.KS,KRX,equity,433500.0,433500.0,433500.0,433500.0,18.0,433500.0,434000.0,,,,,5.0,,,,
2026-09-30T23:38:00+00:00,108490.KQ,KOSDAQ,equity,287500.0,287500.0,287000.0,287500.0,100.0,287000.0,287500.0,,,,,18.0,,,,
2026-09-30T23:38:00+00:00,005490.KS,KRX,equity,311500.0,311500.0,311000.0,311000.0,556.0,311000.0,311500.0,,,,,21.0,,,,
2026-09-30T23:36:00+00:00,043260.KQ,KOSDAQ,equity,26450.0,26450.0,26450.0,26450.0,22.0,0.0,0.0,,,,,1.0,,,,
2026-09-30T23:38:00+00:00,011070.KS,KRX,equity,558000.0,558000.0,558000.0,558000.0,34.0,558000.0,559000.0,,,,,13.0,,,,
2026-09-30T23:38:00+00:00,402340.KS,KRX,equity,1129000.0,1129000.0,1128000.0,1129000.0,127.0,1128000.0,1129000.0,,,,,22.0,,,,
2026-09-30T23:38:00+00:00,005380.KS,KRX,equity,351500.0,351500.0,351000.0,351500.0,383.0,351000.0,351500.0,,,,,52.0,,,,
2026-09-30T23:38:00+00:00,105560.KS,KRX,equity,169800.0,169800.0,169800.0,169800.0,17.0,169700.0,169800.0,,,,,4.0,,,,
2026-09-30T23:38:00+00:00,089970.KQ,KOSDAQ,equity,61900.0,61900.0,61800.0,61800.0,431.0,61800.0,61900.0,,,,,16.0,,,,
2026-09-30T23:36:00+00:00,353200.KS,KRX,equity,132500.0,132500.0,132500.0,132500.0,1.0,0.0,0.0,,,,,1.0,,,,
2026-09-30T23:38:00+00:00,000720.KS,KRX,equity,121500.0,121600.0,121400.0,121500.0,2402.0,121500.0,121600.0,,,,,45.0,,,,
2026-09-30T23:38:00+00:00,103590.KS,KRX,equity,82000.0,82000.0,81900.0,82000.0,76.0,81900.0,82000.0,,,,,12.0,,,,
2026-09-30T23:38:00+00:00,009830.KS,KRX,equity,33900.0,33900.0,33900.0,33900.0,150.0,0.0,0.0,,,,,3.0,,,,
2026-09-30T23:38:00+00:00,005935.KS,KRX,equity,195200.0,195200.0,195200.0,195200.0,17.0,0.0,0.0,,,,,3.0,,,,
2026-09-30T23:37:00+00:00,386380.KQ,KOSDAQ,equity,18450.0,18450.0,18450.0,18450.0,10.0,0.0,0.0,,,,,1.0,,,,
2026-09-30T23:38:00+00:00,278470.KS,KRX,equity,365000.0,365000.0,365000.0,365000.0,502.0,365000.0,365500.0,,,,,9.0,,,,
2026-09-30T23:38:00+00:00,032830.KS,KRX,equity,283000.0,283000.0,283000.0,283000.0,29.0,282500.0,283000.0,,,,,4.0,,,,
2026-09-30T23:38:00+00:00,051910.KS,KRX,equity,252000.0,252000.0,251500.0,251500.0,3.0,251500.0,252000.0,,,,,2.0,,,,
2026-09-30T23:38:00+00:00,010170.KQ,KOSDAQ,equity,16680.0,16680.0,16680.0,16680.0,12.0,0.0,0.0,,,,,2.0,,,,
2026-09-30T23:38:00+00:00,403870.KQ,KOSDAQ,equity,63700.0,63700.0,63700.0,63700.0,3.0,0.0,0.0,,,,,1.0,,,,
2026-09-30T23:38:00+00:00,095610.KQ,KOSDAQ,equity,170300.0,170300.0,170200.0,170200.0,75.0,170100.0,170300.0,,,,,15.0,,,,
2026-09-30T23:38:00+00:00,298040.KS,KRX,equity,2779000.0,2779000.0,2778000.0,2779000.0,12.0,2779000.0,2780000.0,,,,,6.0,,,,
2026-09-30T23:38:00+00:00,072950.KQ,KOSDAQ,equity,15180.0,15180.0,15180.0,15180.0,35.0,0.0,0.0,,,,,3.0,,,,
2026-09-30T23:38:00+00:00,003670.KS,KRX,equity,179200.0,179300.0,179200.0,179300.0,58.0,179200.0,179500.0,,,,,8.0,,,,
2026-09-30T23:37:00+00:00,128940.KS,KRX,equity,497000.0,497000.0,497000.0,497000.0,3.0,497000.0,498000.0,,,,,1.0,,,,
2026-09-30T23:38:00+00:00,356680.KQ,KOSDAQ,equity,18200.0,18200.0,18200.0,18200.0,2.0,0.0,0.0,,,,,2.0,,,,
2026-09-30T23:38:00+00:00,080220.KQ,KOSDAQ,equity,78300.0,78300.0,78300.0,78300.0,6.0,0.0,0.0,,,,,1.0,,,,
2026-09-30T23:38:00+00:00,036540.KQ,KOSDAQ,equity,10780.0,10780.0,10780.0,10780.0,20.0,0.0,0.0,,,,,1.0,,,,
2026-09-30T23:38:00+00:00,373220.KS,KRX,equity,356500.0,356500.0,356500.0,356500.0,7.0,356000.0,356500.0,,,,,4.0,,,,
2026-09-30T23:38:00+00:00,010950.KS,KRX,equity,162400.0,162400.0,162400.0,162400.0,20.0,162400.0,162500.0,,,,,1.0,,,,
2026-09-30T23:38:00+00:00,036930.KQ,KOSDAQ,equity,232500.0,232500.0,232500.0,232500.0,4.0,0.0,0.0,,,,,2.0,,,,
2026-09-30T23:38:00+00:00,055550.KS,KRX,equity,106800.0,106900.0,106800.0,106800.0,158.0,106800.0,106900.0,,,,,7.0,,,,
2026-09-30T23:38:00+00:00,093370.KS,KRX,equity,15000.0,15000.0,15000.0,15000.0,6.0,0.0,0.0,,,,,2.0,,,,
2026-09-30T23:38:00+00:00,086790.KS,KRX,equity,130000.0,130000.0,130000.0,130000.0,15.0,130000.0,130100.0,,,,,3.0,,,,
2026-09-30T23:35:00+00:00,003490.KS,KRX,equity,32000.0,32000.0,32000.0,32000.0,100.0,0.0,0.0,,,,,1.0,,,,
2026-09-30T23:39:00+00:00,BTC-USD,CRYPTO,crypto,83605.1,83605.1,83587.9,83587.9,0.01502442,,,,,,,29.0,,,,
2026-09-30T23:39:00+00:00,ETH-USD,CRYPTO,crypto,2687.9,2687.9,2687.52,2687.53,1.97315346,,,,,,,13.0,,,,
2026-09-30T23:39:00+00:00,034020.KS,KRX,equity,84300.0,84400.0,84300.0,84300.0,12580.0,84300.0,84400.0,,,,,270.0,,,,
2026-09-30T23:39:00+00:00,052690.KS,KRX,equity,128800.0,128900.0,128800.0,128900.0,1829.0,128800.0,128900.0,,,,,82.0,,,,
2026-09-30T23:39:00+00:00,009150.KS,KRX,equity,1504000.0,1505000.0,1504000.0,1505000.0,156.0,1504000.0,1505000.0,,,,,51.0,,,,
2026-09-30T23:39:00+00:00,058470.KQ,KOSDAQ,equity,74100.0,74100.0,74000.0,74100.0,90.0,74000.0,74100.0,,,,,9.0,,,,
2026-09-30T23:39:00+00:00,005930.KS,KRX,equity,268500.0,269000.0,268500.0,269000.0,2908.0,268500.0,269000.0,,,,,178.0,,,,
2026-09-30T23:39:00+00:00,012450.KS,KRX,equity,1023000.0,1023000.0,1020000.0,1020000.0,92.0,1020000.0,1021000.0,,,,,21.0,,,,
2026-09-30T23:39:00+00:00,000660.KS,KRX,equity,1771000.0,1772000.0,1770000.0,1771000.0,854.0,1771000.0,1772000.0,,,,,143.0,,,,
2026-09-30T23:39:00+00:00,096770.KS,KRX,equity,149300.0,149400.0,149300.0,149400.0,294.0,149400.0,149500.0,,,,,17.0,,,,
2026-09-30T23:39:00+00:00,007660.KS,KRX,equity,115500.0,115500.0,115400.0,115400.0,103.0,115400.0,115500.0,,,,,9.0,,,,
2026-09-30T23:39:00+00:00,051910.KS,KRX,equity,252000.0,252000.0,252000.0,252000.0,27.0,251500.0,252000.0,,,,,5.0,,,,
2026-09-30T23:39:00+00:00,012330.KS,KRX,equity,393000.0,393500.0,393000.0,393500.0,294.0,393000.0,393500.0,,,,,70.0,,,,
2026-09-30T23:39:00+00:00,005490.KS,KRX,equity,311000.0,311000.0,310500.0,311000.0,867.0,310500.0,311500.0,,,,,30.0,,,,
2026-09-30T23:39:00+00:00,005380.KS,KRX,equity,351000.0,351500.0,351000.0,351500.0,217.0,351000.0,351500.0,,,,,42.0,,,,
2026-09-30T23:39:00+00:00,003670.KS,KRX,equity,179300.0,179400.0,179200.0,179400.0,662.0,179400.0,179500.0,,,,,10.0,,,,
2026-09-30T23:39:00+00:00,329180.KS,KRX,equity,433500.0,435000.0,433500.0,434500.0,511.0,434500.0,435500.0,,,,,12.0,,,,
2026-09-30T23:39:00+00:00,089970.KQ,KOSDAQ,equity,61900.0,61900.0,61800.0,61800.0,213.0,61700.0,61800.0,,,,,13.0,,,,
2026-09-30T23:39:00+00:00,105560.KS,KRX,equity,169800.0,169800.0,169800.0,169800.0,25.0,169700.0,169800.0,,,,,5.0,,,,
2026-09-30T23:39:00+00:00,103590.KS,KRX,equity,82000.0,82000.0,81900.0,82000.0,261.0,81900.0,82000.0,,,,,11.0,,,,
2026-09-30T23:39:00+00:00,000150.KS,KRX,equity,1407000.0,1413000.0,1406000.0,1413000.0,374.0,1413000.0,1414000.0,,,,,33.0,,,,
2026-09-30T23:39:00+00:00,042700.KS,KRX,equity,256000.0,256500.0,256000.0,256500.0,299.0,256000.0,256500.0,,,,,27.0,,,,
2026-09-30T23:39:00+00:00,108490.KQ,KOSDAQ,equity,287500.0,287500.0,287000.0,287000.0,134.0,287000.0,287500.0,,,,,19.0,,,,
2026-09-30T23:39:00+00:00,095610.KQ,KOSDAQ,equity,170200.0,170300.0,170200.0,170200.0,60.0,170100.0,170200.0,,,,,9.0,,,,
2026-09-30T23:39:00+00:00,011070.KS,KRX,equity,559000.0,559000.0,557000.0,558000.0,231.0,557000.0,558000.0,,,,,21.0,,,,
2026-09-30T23:39:00+00:00,272210.KS,KRX,equity,75500.0,75500.0,75200.0,75300.0,162.0,75300.0,75500.0,,,,,15.0,,,,
2026-09-30T23:39:00+00:00,000720.KS,KRX,equity,121500.0,121600.0,121500.0,121600.0,466.0,121500.0,121600.0,,,,,46.0,,,,
2026-09-30T23:39:00+00:00,373220.KS,KRX,equity,356000.0,356000.0,356000.0,356000.0,14.0,356000.0,356500.0,,,,,4.0,,,,
2026-09-30T23:39:00+00:00,066570.KS,KRX,equity,213000.0,213000.0,213000.0,213000.0,45.0,212500.0,213000.0,,,,,12.0,,,,
2026-09-30T23:39:00+00:00,222800.KQ,KOSDAQ,equity,149500.0,149600.0,149500.0,149500.0,29.0,149500.0,149600.0,,,,,9.0,,,,
2026-09-30T23:39:00+00:00,042660.KS,KRX,equity,79100.0,79100.0,79100.0,79100.0,2573.0,79100.0,79200.0,,,,,22.0,,,,
2026-09-30T23:39:00+00:00,010060.KS,KRX,equity,218500.0,219000.0,218500.0,219000.0,279.0,218500.0,219000.0,,,,,20.0,,,,
2026-09-30T23:39:00+00:00,010120.KS,KRX,equity,205000.0,205000.0,204500.0,205000.0,44.0,204500.0,205000.0,,,,,14.0,,,,
2026-09-30T23:39:00+00:00,006400.KS,KRX,equity,511000.0,512000.0,511000.0,512000.0,44.0,511000.0,512000.0,,,,,15.0,,,,
2026-09-30T23:39:00+00:00,035420.KS,KRX,equity,193700.0,193800.0,193700.0,193800.0,290.0,193700.0,193800.0,,,,,14.0,,,,
2026-09-30T23:39:00+00:00,402340.KS,KRX,equity,1129000.0,1129000.0,1128000.0,1129000.0,78.0,1128000.0,1129000.0,,,,,21.0,,,,
2026-09-30T23:39:00+00:00,AAPL,US,equity,334.5031,334.5031,334.4,334.4634,0.0,,,,,,,,,,,
2026-09-30T23:39:00+00:00,MSFT,US,equity,514.72,514.7988,514.38,514.5,0.0,,,,,,,,,,,
2026-09-30T23:39:00+00:00,NVDA,US,equity,229.7895,229.79,229.7,229.7782,0.0,,,,,,,,,,,
2026-09-30T23:39:00+00:00,AMZN,US,equity,249.85,249.86,249.61,249.85,0.0,,,,,,,,,,,
2026-09-30T23:39:00+00:00,GOOGL,US,equity,349.37,349.37,349.0282,349.3082,0.0,,,,,,,,,,,
2026-09-30T23:39:00+00:00,GOOG,US,equity,346.46,346.46,346.24,346.4039,0.0,,,,,,,,,,,
2026-09-30T23:39:00+00:00,TSLA,US,equity,354.98,354.98,354.95,354.9549,0.0,,,,,,,,,,,
2026-09-30T23:39:00+00:00,AVGO,US,equity,353.11,353.32,353.0669,353.32,0.0,,,,,,,,,,,
2026-09-30T23:39:00+00:00,COST,US,equity,912.25,912.34,912.25,912.34,0.0,,,,,,,,,,,
2026-09-30T23:39:00+00:00,NFLX,US,equity,70.0,70.0,69.9,69.98,0.0,,,,,,,,,,,
2026-09-30T23:39:00+00:00,AMD,US,equity,613.01,613.01,612.83,612.83,0.0,,,,,,,,,,,
2026-09-30T23:39:00+00:00,INTC,US,equity,120.39,120.39,120.1,120.36,0.0,,,,,,,,,,,
2026-09-30T23:37:00+00:00,QCOM,US,equity,184.36,184.45,184.36,184.45,0.0,,,,,,,,,,,
2026-09-30T23:39:00+00:00,CSCO,US,equity,107.7,107.7,107.7,107.7,0.0,,,,,,,,,,,
2026-09-30T23:39:01+00:00,ADBE,US,equity,239.99,239.99,239.99,239.99,0.0,,,,,,,,,,,
2026-09-30T23:38:36+00:00,TXN,US,equity,281.82,281.82,281.82,281.82,0.0,,,,,,,,,,,
2026-09-30T23:39:00+00:00,AMAT,US,equity,514.55,514.55,514.55,514.55,0.0,,,,,,,,,,,
2026-09-30T23:39:00+00:00,MU,US,equity,1067.6,1067.7,1067.0759,1067.45,0.0,,,,,,,,,,,
2026-09-30T23:39:01+00:00,KLAC,US,equity,195.85,195.85,195.85,195.85,0.0,,,,,,,,,,,
2026-09-30T23:39:00+00:00,LRCX,US,equity,331.0791,331.0791,330.2503,330.2503,0.0,,,,,,,,,,,
2026-09-30T23:37:00+00:00,ASML,US,equity,1818.71,1818.71,1816.18,1817.48,0.0,,,,,,,,,,,
2026-09-30T23:39:00+00:00,ASML,US,equity,1818.77,1818.77,1818.77,1818.77,0.0,,,,,,,,,,,
2026-09-30T23:39:00+00:00,BKNG,US,equity,163.5,163.5754,163.5,163.53,0.0,,,,,,,,,,,
2026-09-30T23:38:15+00:00,INTU,US,equity,276.19,276.19,276.19,276.19,0.0,,,,,,,,,,,
2026-09-30T23:38:38+00:00,REGN,US,equity,750.7083,750.7083,750.7083,750.7083,0.0,,,,,,,,,,,
2026-09-30T23:38:36+00:00,AMGN,US,equity,425.28,425.28,425.28,425.28,0.0,,,,,,,,,,,
2026-09-30T23:39:01+00:00,SBUX,US,equity,94.12,94.12,94.12,94.12,0.0,,,,,,,,,,,
2026-09-30T23:39:01+00:00,PYPL,US,equity,53.3,53.3,53.3,53.3,0.0,,,,,,,,,,,
2026-09-30T23:38:00+00:00,PANW,US,equity,398.35,398.35,398.35,398.35,0.0,,,,,,,,,,,
2026-09-30T23:39:00+00:00,PANW,US,equity,397.61,397.61,397.61,397.61,0.0,,,,,,,,,,,
2026-09-30T23:23:00+00:00,HD,US,equity,284.6879,284.6879,284.6879,284.6879,0.0,,,,,,,,,,,
2026-09-30T23:24:00+00:00,HD,US,equity,284.68,284.68,284.68,284.68,0.0,,,,,,,,,,,
2026-09-30T23:38:47+00:00,HD,US,equity,284.9362,284.9362,284.9362,284.9362,0.0,,,,,,,,,,,
2026-09-30T23:37:00+00:00,MDB,US,equity,349.64,349.64,349.64,349.64,0.0,,,,,,,,,,,
2026-09-30T23:39:01+00:00,MAR,US,equity,356.66,356.66,356.66,356.66,0.0,,,,,,,,,,,
2026-09-30T23:23:00+00:00,MCD,US,equity,231.2957,231.2957,231.2957,231.2957,0.0,,,,,,,,,,,
2026-09-30T23:24:00+00:00,MCD,US,equity,231.2431,231.2431,231.2431,231.2431,0.0,,,,,,,,,,,
2026-09-30T23:39:01+00:00,KDP,US,equity,30.36,30.36,30.36,30.36,0.0,,,,,,,,,,,
2026-09-30T23:39:00+00:00,WMT,US,equity,105.005,105.01,104.81,104.81,0.0,,,,,,,,,,,
2026-09-30T23:32:00+00:00,UNH,US,equity,367.75,367.75,367.75,367.75,0.0,,,,,,,,,,,
2026-09-30T23:38:00+00:00,SPY,US,index_etf,765.425,765.58,765.425,765.5319,0.0,,,,,,,,,,,
2026-09-30T23:39:00+00:00,QQQ,US,index_etf,742.95,742.98,742.83,742.86,0.0,,,,,,,,,,,
2026-09-30T23:30:00+00:00,ES=F,CME,index_future,7736.75,7738.5,7736.75,7738.5,0.0,,,,,,,,,,,
2026-09-30T23:30:25+00:00,ES=F,CME,index_future,7737.5,7737.5,7737.5,7737.5,0.0,,,,,,,,,,,
2026-09-30T23:30:00+00:00,NQ=F,CME,index_future,30785.25,30795.25,30785.0,30794.0,0.0,,,,,,,,,,,
2026-09-30T23:30:26+00:00,NQ=F,CME,index_future,30788.75,30788.75,30788.75,30788.75,0.0,,,,,,,,,,,
2026-09-30T23:30:00+00:00,GC=F,COMEX,commodity_future,4184.60009765625,4185.10009765625,4184.39990234375,4184.39990234375,0.0,,,,,,,,,,,
2026-09-30T23:30:01+00:00,GC=F,COMEX,commodity_future,4184.7001953125,4184.7001953125,4184.7001953125,4184.7001953125,0.0,,,,,,,,,,,
2026-09-30T23:30:00+00:00,CL=F,NYMEX,commodity_future,90.08000183105467,90.08000183105467,90.06999969482422,90.06999969482422,0.0,,,,,,,,,,,
2026-09-30T23:30:07+00:00,CL=F,NYMEX,commodity_future,90.08000183105467,90.08000183105467,90.08000183105467,90.08000183105467,0.0,,,,,,,,,,,
2026-09-30T23:29:00+00:00,HG=F,COMEX,commodity_future,6.625999927520752,6.625999927520752,6.625999927520752,6.625999927520752,1.0,,,,,,,,,,,
2026-09-30T23:30:00+00:00,HG=F,COMEX,commodity_future,6.626999855041504,6.626999855041504,6.626999855041504,6.626999855041504,0.0,,,,,,,,,,,
2026-09-30T23:38:00+00:00,EURUSD=X,FX,currency,1.133529782295227,1.133529782295227,1.133529782295227,1.133529782295227,0.0,,,,,,,,,,,
2026-09-30T23:39:00+00:00,KRW=X,FX,currency,1357.3399658203125,1357.3800048828125,1357.3399658203125,1357.3800048828125,0.0,,,,,,,,,,,
2026-09-30T23:39:00+00:00,JPY=X,FX,currency,157.39700317382812,157.41000366210938,157.39500427246094,157.3979949951172,0.0,,,,,,,,,,,
2026-09-30T23:38:00+00:00,GBPUSD=X,FX,currency,1.326576590538025,1.326576590538025,1.326576590538025,1.326576590538025,0.0,,,,,,,,,,,
2026-09-30T23:39:00+00:00,278470.KS,KRX,equity,365000.0,365000.0,364000.0,364000.0,503.0,364000.0,365000.0,,,,,6.0,,,,
2026-09-30T23:39:00+00:00,086790.KS,KRX,equity,130000.0,130000.0,130000.0,130000.0,10.0,130000.0,130100.0,,,,,1.0,,,,
2026-09-30T23:39:00+00:00,055550.KS,KRX,equity,106800.0,106800.0,106800.0,106800.0,2.0,106800.0,106900.0,,,,,1.0,,,,
2026-09-30T23:39:00+00:00,000270.KS,KRX,equity,114100.0,114100.0,114000.0,114100.0,173.0,114000.0,114100.0,,,,,12.0,,,,
2026-09-30T23:39:00+00:00,010950.KS,KRX,equity,162500.0,162500.0,162500.0,162500.0,3.0,162400.0,162500.0,,,,,2.0,,,,
2026-09-30T23:39:00+00:00,298040.KS,KRX,equity,2779000.0,2780000.0,2779000.0,2779000.0,9.0,2779000.0,2781000.0,,,,,8.0,,,,
2026-09-30T23:39:00+00:00,032830.KS,KRX,equity,283000.0,283000.0,282500.0,282500.0,7.0,282500.0,283000.0,,,,,3.0,,,,
2026-09-30T23:39:00+00:00,028260.KS,KRX,equity,341500.0,342000.0,341500.0,341500.0,29.0,341500.0,342000.0,,,,,5.0,,,,
2026-09-30T23:40:00+00:00,BTC-USD,CRYPTO,crypto,83587.9,83599.1,83579.1,83599.0,0.71703123,,,,,,,56.0,,,,
2026-09-30T23:40:00+00:00,ETH-USD,CRYPTO,crypto,2687.53,2688.45,2687.53,2688.45,7.8941378,,,,,,,31.0,,,,
2026-09-30T23:39:00+00:00,034730.KS,KRX,equity,585000.0,585000.0,585000.0,585000.0,1.0,585000.0,586000.0,,,,,1.0,,,,
2026-09-30T23:39:00+00:00,003230.KS,KRX,equity,1214000.0,1214000.0,1214000.0,1214000.0,4.0,1214000.0,1217000.0,,,,,2.0,,,,
2026-09-30T23:39:00+00:00,128940.KS,KRX,equity,497500.0,497500.0,497000.0,497000.0,7.0,497000.0,497500.0,,,,,5.0,,,,
2026-09-30T23:40:00+00:00,052690.KS,KRX,equity,128800.0,128900.0,128800.0,128900.0,712.0,128800.0,128900.0,,,,,57.0,,,,
2026-09-30T23:40:00+00:00,010060.KS,KRX,equity,218500.0,219000.0,218500.0,218500.0,301.0,218500.0,219000.0,,,,,18.0,,,,
2026-09-30T23:40:00+00:00,012330.KS,KRX,equity,393000.0,393500.0,392000.0,392500.0,2325.0,392000.0,392500.0,,,,,55.0,,,,
2026-09-30T23:40:00+00:00,058470.KQ,KOSDAQ,equity,74100.0,74200.0,74100.0,74200.0,683.0,74100.0,74200.0,,,,,23.0,,,,
2026-09-30T23:40:00+00:00,005930.KS,KRX,equity,268500.0,269000.0,268500.0,269000.0,4592.0,268500.0,269000.0,,,,,192.0,,,,
2026-09-30T23:40:00+00:00,005380.KS,KRX,equity,351500.0,351500.0,351000.0,351500.0,326.0,351000.0,351500.0,,,,,49.0,,,,
2026-09-30T23:40:00+00:00,034020.KS,KRX,equity,84300.0,84500.0,84300.0,84400.0,18235.0,84400.0,84500.0,,,,,274.0,,,,
2026-09-30T23:40:00+00:00,089970.KQ,KOSDAQ,equity,61800.0,61800.0,61700.0,61800.0,755.0,61700.0,61800.0,,,,,16.0,,,,
2026-09-30T23:40:00+00:00,000720.KS,KRX,equity,121600.0,121600.0,121500.0,121600.0,2613.0,121500.0,121600.0,,,,,50.0,,,,
2026-09-30T23:40:00+00:00,005490.KS,KRX,equity,311000.0,311500.0,311000.0,311500.0,822.0,311000.0,311500.0,,,,,29.0,,,,
2026-09-30T23:40:00+00:00,096770.KS,KRX,equity,149400.0,149500.0,149400.0,149500.0,275.0,149400.0,149500.0,,,,,18.0,,,,
2026-09-30T23:40:00+00:00,000660.KS,KRX,equity,1771000.0,1772000.0,1770000.0,1772000.0,1337.0,1771000.0,1772000.0,,,,,124.0,,,,
2026-09-30T23:40:00+00:00,051910.KS,KRX,equity,251500.0,252000.0,251500.0,252000.0,18.0,251500.0,252000.0,,,,,2.0,,,,
2026-09-30T23:40:00+00:00,009150.KS,KRX,equity,1505000.0,1505000.0,1504000.0,1505000.0,163.0,1504000.0,1505000.0,,,,,61.0,,,,
2026-09-30T23:40:00+00:00,108490.KQ,KOSDAQ,equity,287500.0,287500.0,287000.0,287000.0,27.0,287000.0,287500.0,,,,,12.0,,,,
2026-09-30T23:40:00+00:00,222800.KQ,KOSDAQ,equity,149600.0,149600.0,149500.0,149500.0,126.0,149500.0,149600.0,,,,,18.0,,,,
2026-09-30T23:40:00+00:00,298040.KS,KRX,equity,2780000.0,2781000.0,2780000.0,2781000.0,3.0,2780000.0,2781000.0,,,,,3.0,,,,
2026-09-30T23:40:00+00:00,028260.KS,KRX,equity,341500.0,342000.0,341500.0,342000.0,11.0,341500.0,342000.0,,,,,3.0,,,,
2026-09-30T23:40:00+00:00,006400.KS,KRX,equity,511000.0,512000.0,511000.0,511000.0,646.0,511000.0,512000.0,,,,,18.0,,,,
2026-09-30T23:40:00+00:00,011070.KS,KRX,equity,558000.0,560000.0,558000.0,560000.0,89.0,559000.0,560000.0,,,,,16.0,,,,
2026-09-30T23:40:00+00:00,272210.KS,KRX,equity,75300.0,75400.0,75300.0,75300.0,198.0,75300.0,75400.0,,,,,9.0,,,,
2026-09-30T23:40:00+00:00,095610.KQ,KOSDAQ,equity,170100.0,170200.0,170100.0,170200.0,108.0,170100.0,170200.0,,,,,12.0,,,,
2026-09-30T23:40:00+00:00,000270.KS,KRX,equity,114100.0,114100.0,114000.0,114100.0,300.0,114000.0,114100.0,,,,,14.0,,,,
2026-09-30T23:40:00+00:00,329180.KS,KRX,equity,434500.0,434500.0,434500.0,434500.0,41.0,434500.0,435000.0,,,,,2.0,,,,
2026-09-30T23:40:00+00:00,012450.KS,KRX,equity,1021000.0,1024000.0,1020000.0,1020000.0,332.0,1020000.0,1022000.0,,,,,24.0,,,,
2026-09-30T23:40:00+00:00,000150.KS,KRX,equity,1414000.0,1414000.0,1413000.0,1413000.0,116.0,1413000.0,1414000.0,,,,,34.0,,,,
2026-09-30T23:40:00+00:00,007660.KS,KRX,equity,115400.0,115500.0,115400.0,115400.0,137.0,115400.0,115500.0,,,,,11.0,,,,
2026-09-30T23:40:00+00:00,055550.KS,KRX,equity,106800.0,106800.0,106800.0,106800.0,202.0,106800.0,106900.0,,,,,5.0,,,,
2026-09-30T23:40:00+00:00,373220.KS,KRX,equity,356000.0,356000.0,356000.0,356000.0,4.0,356000.0,356500.0,,,,,3.0,,,,
2026-09-30T23:40:00+00:00,035420.KS,KRX,equity,193700.0,193800.0,193700.0,193700.0,248.0,193700.0,193800.0,,,,,9.0,,,,
2026-09-30T23:40:00+00:00,402340.KS,KRX,equity,1129000.0,1130000.0,1128000.0,1130000.0,199.0,1129000.0,1130000.0,,,,,16.0,,,,
2026-09-30T23:40:00+00:00,103590.KS,KRX,equity,81900.0,82000.0,81900.0,82000.0,109.0,81900.0,82000.0,,,,,10.0,,,,
2026-09-30T23:40:00+00:00,066570.KS,KRX,equity,213000.0,213500.0,212500.0,213500.0,1329.0,213000.0,213500.0,,,,,18.0,,,,
2026-09-30T23:40:00+00:00,086790.KS,KRX,equity,130000.0,130100.0,130000.0,130100.0,128.0,130100.0,130400.0,,,,,3.0,,,,
2026-09-30T23:40:00+00:00,105560.KS,KRX,equity,169800.0,169800.0,169700.0,169700.0,96.0,169600.0,169700.0,,,,,6.0,,,,
2026-09-30T23:40:00+00:00,010120.KS,KRX,equity,205000.0,205000.0,204500.0,205000.0,167.0,204500.0,205000.0,,,,,16.0,,,,
2026-09-30T23:40:00+00:00,042700.KS,KRX,equity,256500.0,256500.0,256000.0,256000.0,375.0,256000.0,256500.0,,,,,36.0,,,,
2026-09-30T23:40:00+00:00,042660.KS,KRX,equity,79100.0,79200.0,79100.0,79200.0,394.0,79100.0,79200.0,,,,,10.0,,,,
2026-09-30T23:40:00+00:00,034730.KS,KRX,equity,585000.0,585000.0,585000.0,585000.0,6.0,585000.0,586000.0,,,,,1.0,,,,
2026-09-30T23:40:00+00:00,032830.KS,KRX,equity,283000.0,283000.0,283000.0,283000.0,2.0,282500.0,283000.0,,,,,1.0,,,,
2026-09-30T23:40:00+00:00,278470.KS,KRX,equity,364500.0,365500.0,364500.0,365000.0,86.0,365000.0,365500.0,,,,,6.0,,,,
2026-09-30T23:40:00+00:00,003670.KS,KRX,equity,179500.0,179500.0,179500.0,179500.0,18.0,179300.0,179500.0,,,,,4.0,,,,
2026-09-30T23:40:00+00:00,AAPL,US,equity,334.4565,334.47,334.29,334.3996,0.0,,,,,,,,,,,
2026-09-30T23:40:00+00:00,MSFT,US,equity,514.79,514.79,514.7687,514.7687,0.0,,,,,,,,,,,
2026-09-30T23:40:00+00:00,NVDA,US,equity,229.7782,229.79,229.7112,229.7897,0.0,,,,,,,,,,,
2026-09-30T23:40:00+00:00,AMZN,US,equity,249.81,249.88,249.73,249.73,0.0,,,,,,,,,,,
2026-09-30T23:40:00+00:00,GOOGL,US,equity,349.34,349.35,349.0868,349.2,0.0,,,,,,,,,,,
2026-09-30T23:40:00+00:00,GOOG,US,equity,346.34,346.34,346.2789,346.29,0.0,,,,,,,,,,,
2026-09-30T23:40:00+00:00,TSLA,US,equity,354.9595,354.9595,354.836,354.9,0.0,,,,,,,,,,,
2026-09-30T23:40:00+00:00,AVGO,US,equity,353.32,353.46,353.203,353.203,0.0,,,,,,,,,,,
2026-09-30T23:40:00+00:00,COST,US,equity,912.59,912.59,912.59,912.59,0.0,,,,,,,,,,,
2026-09-30T23:40:00+00:00,NFLX,US,equity,70.0,70.0,69.98,69.99,0.0,,,,,,,,,,,
2026-09-30T23:40:00+00:00,AMD,US,equity,612.9083,613.37,612.66,613.06,0.0,,,,,,,,,,,
2026-09-30T23:40:00+00:00,INTC,US,equity,120.37,120.4,120.25,120.37,0.0,,,,,,,,,,,
2026-09-30T23:40:00+00:00,QCOM,US,equity,184.4,184.4,184.3667,184.3667,0.0,,,,,,,,,,,
2026-09-30T23:40:00+00:00,CSCO,US,equity,107.7,107.7,107.7,107.7,0.0,,,,,,,,,,,
2026-09-30T23:39:00+00:00,ADBE,US,equity,239.99,239.99,239.99,239.99,0.0,,,,,,,,,,,
2026-09-30T23:40:00+00:00,ADBE,US,equity,239.3,239.3,239.3,239.3,0.0,,,,,,,,,,,
2026-09-30T23:40:00+00:00,AMAT,US,equity,514.99,514.99,514.99,514.99,0.0,,,,,,,,,,,
2026-09-30T23:40:00+00:00,MU,US,equity,1067.45,1067.7,1067.0,1067.5,0.0,,,,,,,,,,,
2026-09-30T23:40:00+00:00,LRCX,US,equity,331.19,331.24,331.19,331.24,0.0,,,,,,,,,,,
2026-09-30T23:40:00+00:00,ASML,US,equity,1818.77,1818.77,1818.77,1818.77,0.0,,,,,,,,,,,
2026-09-30T23:30:00+00:00,ADP,US,equity,258.06,258.06,258.06,258.06,0.0,,,,,,,,,,,
2026-09-30T23:40:00+00:00,BKNG,US,equity,163.54,163.55,163.51,163.55,0.0,,,,,,,,,,,
2026-09-30T23:38:00+00:00,INTU,US,equity,276.19,276.19,276.19,276.19,0.0,,,,,,,,,,,
2026-09-30T23:38:00+00:00,AMGN,US,equity,425.28,425.28,425.28,425.28,0.0,,,,,,,,,,,
2026-09-30T23:39:00+00:00,PYPL,US,equity,53.3,53.3,53.3,53.3,0.0,,,,,,,,,,,
2026-09-30T23:40:00+00:00,PANW,US,equity,398.35,398.35,398.35,398.35,0.0,,,,,,,,,,,
2026-09-30T23:39:00+00:00,MDB,US,equity,349.64,349.64,349.39,349.39,0.0,,,,,,,,,,,
2026-09-30T23:39:00+00:00,PEP,US,equity,127.0,127.0,127.0,127.0,0.0,,,,,,,,,,,
2026-09-30T23:39:33+00:00,MCD,US,equity,231.24,231.24,231.24,231.24,0.0,,,,,,,,,,,
2026-09-30T23:37:00+00:00,LULU,US,equity,96.26,96.3895,96.26,96.3895,0.0,,,,,,,,,,,
2026-09-30T23:38:00+00:00,BAC,US,equity,54.5,54.5,54.5,54.5,0.0,,,,,,,,,,,
2026-09-30T23:40:32+00:00,BAC,US,equity,54.5,54.5,54.5,54.5,0.0,,,,,,,,,,,
2026-09-30T23:40:00+00:00,WMT,US,equity,104.99,105.0,104.979,104.9816,0.0,,,,,,,,,,,
2026-09-30T23:40:34+00:00,UNH,US,equity,367.7899,367.7899,367.7899,367.7899,0.0,,,,,,,,,,,
2026-09-30T23:40:00+00:00,SPY,US,index_etf,765.53,765.53,765.4544,765.4719,0.0,,,,,,,,,,,
2026-09-30T23:40:00+00:00,QQQ,US,index_etf,742.84,742.96,742.84,742.94,0.0,,,,,,,,,,,
2026-09-30T23:31:00+00:00,ES=F,CME,index_future,7738.75,7738.75,7738.5,7738.75,0.0,,,,,,,,,,,
2026-09-30T23:31:37+00:00,ES=F,CME,index_future,7738.5,7738.5,7738.5,7738.5,0.0,,,,,,,,,,,
2026-09-30T23:31:00+00:00,NQ=F,CME,index_future,30795.5,30796.0,30792.25,30794.0,0.0,,,,,,,,,,,
2026-09-30T23:31:37+00:00,NQ=F,CME,index_future,30793.25,30793.25,30793.25,30793.25,0.0,,,,,,,,,,,
2026-09-30T23:31:00+00:00,GC=F,COMEX,commodity_future,4184.60009765625,4184.60009765625,4183.89990234375,4184.2998046875,0.0,,,,,,,,,,,
2026-09-30T23:31:26+00:00,GC=F,COMEX,commodity_future,4183.89990234375,4183.89990234375,4183.89990234375,4183.89990234375,0.0,,,,,,,,,,,
2026-09-30T23:30:00+00:00,SI=F,COMEX,commodity_future,60.665000915527344,60.665000915527344,60.650001525878906,60.650001525878906,7.0,,,,,,,,,,,
2026-09-30T23:31:00+00:00,SI=F,COMEX,commodity_future,60.6349983215332,60.6349983215332,60.60499954223633,60.619998931884766,0.0,,,,,,,,,,,
2026-09-30T23:31:37+00:00,SI=F,COMEX,commodity_future,60.6150016784668,60.6150016784668,60.6150016784668,60.6150016784668,0.0,,,,,,,,,,,
2026-09-30T23:31:00+00:00,CL=F,NYMEX,commodity_future,90.08999633789062,90.08999633789062,90.08000183105467,90.08000183105467,0.0,,,,,,,,,,,
2026-09-30T23:31:20+00:00,CL=F,NYMEX,commodity_future,90.08000183105467,90.08000183105467,90.08000183105467,90.08000183105467,0.0,,,,,,,,,,,
2026-09-30T23:31:00+00:00,HG=F,COMEX,commodity_future,6.625999927520752,6.625999927520752,6.625999927520752,6.625999927520752,0.0,,,,,,,,,,,
2026-09-30T23:39:00+00:00,EURUSD=X,FX,currency,1.133529782295227,1.133529782295227,1.133529782295227,1.133529782295227,0.0,,,,,,,,,,,
2026-09-30T23:40:00+00:00,KRW=X,FX,currency,1357.3699951171875,1357.4000244140625,1357.239990234375,1357.3900146484375,0.0,,,,,,,,,,,
2026-09-30T23:40:00+00:00,JPY=X,FX,currency,157.3979949951172,157.40899658203125,157.39700317382812,157.3979949951172,0.0,,,,,,,,,,,
2026-09-30T23:39:00+00:00,GBPUSD=X,FX,currency,1.326576590538025,1.326576590538025,1.326576590538025,1.326576590538025,0.0,,,,,,,,,,,
2026-09-30T23:40:00+00:00,003230.KS,KRX,equity,1214000.0,1214000.0,1214000.0,1214000.0,1.0,1214000.0,1217000.0,,,,,1.0,,,,
2026-09-30T23:40:00+00:00,128940.KS,KRX,equity,497000.0,497000.0,497000.0,497000.0,5.0,497000.0,497500.0,,,,,3.0,,,,
2026-09-30T23:41:00+00:00,BTC-USD,CRYPTO,crypto,83599.1,83610.2,83591.5,83591.5,0.18455528,,,,,,,44.0,,,,
2026-09-30T23:41:00+00:00,ETH-USD,CRYPTO,crypto,2688.48,2688.93,2688.3,2688.31,0.46572386,,,,,,,24.0,,,,
2026-09-30T23:40:00+00:00,010950.KS,KRX,equity,162500.0,162500.0,162400.0,162500.0,64.0,162500.0,162600.0,,,,,8.0,,,,
2026-09-30T23:41:00+00:00,005930.KS,KRX,equity,269000.0,269000.0,268500.0,269000.0,5308.0,268500.0,269000.0,,,,,203.0,,,,
2026-09-30T23:41:00+00:00,000720.KS,KRX,equity,121600.0,121700.0,121500.0,121700.0,1825.0,121600.0,121700.0,,,,,45.0,,,,
2026-09-30T23:41:00+00:00,034020.KS,KRX,equity,84400.0,84500.0,84300.0,84400.0,16411.0,84300.0,84400.0,,,,,339.0,,,,
2026-09-30T23:41:00+00:00,007660.KS,KRX,equity,115400.0,115500.0,115400.0,115400.0,265.0,115400.0,115500.0,,,,,13.0,,,,
2026-09-30T23:41:00+00:00,009150.KS,KRX,equity,1505000.0,1506000.0,1504000.0,1506000.0,339.0,1505000.0,1506000.0,,,,,42.0,,,,
2026-09-30T23:41:00+00:00,052690.KS,KRX,equity,128800.0,128900.0,128800.0,128800.0,1583.0,128800.0,128900.0,,,,,75.0,,,,
2026-09-30T23:41:00+00:00,005490.KS,KRX,equity,311000.0,311500.0,311000.0,311500.0,181.0,311000.0,311500.0,,,,,22.0,,,,
2026-09-30T23:41:00+00:00,012330.KS,KRX,equity,392500.0,392500.0,392000.0,392000.0,780.0,392000.0,392500.0,,,,,51.0,,,,
2026-09-30T23:41:00+00:00,000660.KS,KRX,equity,1772000.0,1772000.0,1770000.0,1771000.0,2017.0,1771000.0,1772000.0,,,,,101.0,,,,
2026-09-30T23:41:00+00:00,005380.KS,KRX,equity,351000.0,351500.0,351000.0,351500.0,569.0,351000.0,351500.0,,,,,43.0,,,,
2026-09-30T23:41:00+00:00,298040.KS,KRX,equity,2781000.0,2781000.0,2781000.0,2781000.0,6.0,2780000.0,2781000.0,,,,,6.0,,,,
2026-09-30T23:41:00+00:00,058470.KQ,KOSDAQ,equity,74200.0,74300.0,74100.0,74200.0,1294.0,74200.0,74300.0,,,,,33.0,,,,
2026-09-30T23:41:00+00:00,035420.KS,KRX,equity,193700.0,193800.0,193700.0,193700.0,37.0,193700.0,193800.0,,,,,9.0,,,,
2026-09-30T23:41:00+00:00,402340.KS,KRX,equity,1130000.0,1131000.0,1130000.0,1131000.0,69.0,1130000.0,1131000.0,,,,,13.0,,,,
2026-09-30T23:41:00+00:00,042660.KS,KRX,equity,79200.0,79200.0,79100.0,79200.0,823.0,79100.0,79200.0,,,,,22.0,,,,
2026-09-30T23:41:00+00:00,006400.KS,KRX,equity,511000.0,513000.0,511000.0,513000.0,270.0,512000.0,513000.0,,,,,14.0,,,,
2026-09-30T23:41:00+00:00,000270.KS,KRX,equity,114000.0,114100.0,114000.0,114000.0,96.0,114000.0,114100.0,,,,,14.0,,,,
2026-09-30T23:41:00+00:00,012450.KS,KRX,equity,1020000.0,1021000.0,1020000.0,1020000.0,74.0,1020000.0,1021000.0,,,,,22.0,,,,
2026-09-30T23:41:00+00:00,089970.KQ,KOSDAQ,equity,61800.0,61900.0,61800.0,61900.0,627.0,61800.0,61900.0,,,,,16.0,,,,
2026-09-30T23:41:00+00:00,222800.KQ,KOSDAQ,equity,149600.0,149600.0,149500.0,149600.0,141.0,149500.0,149700.0,,,,,11.0,,,,
2026-09-30T23:41:00+00:00,010120.KS,KRX,equity,204500.0,205000.0,204500.0,204500.0,30.0,204500.0,205000.0,,,,,8.0,,,,
2026-09-30T23:41:00+00:00,108490.KQ,KOSDAQ,equity,287500.0,288000.0,287000.0,288000.0,308.0,287500.0,288000.0,,,,,20.0,,,,
2026-09-30T23:41:00+00:00,066570.KS,KRX,equity,213500.0,213500.0,213000.0,213000.0,152.0,213000.0,213500.0,,,,,16.0,,,,
2026-09-30T23:41:00+00:00,051910.KS,KRX,equity,252000.0,252000.0,252000.0,252000.0,18.0,251500.0,252000.0,,,,,5.0,,,,
2026-09-30T23:41:00+00:00,105560.KS,KRX,equity,169600.0,169600.0,169600.0,169600.0,253.0,169500.0,169600.0,,,,,8.0,,,,
2026-09-30T23:41:00+00:00,095610.KQ,KOSDAQ,equity,170200.0,170200.0,170000.0,170000.0,232.0,170000.0,170100.0,,,,,25.0,,,,
2026-09-30T23:41:00+00:00,000150.KS,KRX,equity,1413000.0,1413000.0,1411000.0,1411000.0,189.0,1410000.0,1411000.0,,,,,30.0,,,,
2026-09-30T23:41:00+00:00,010060.KS,KRX,equity,218500.0,218500.0,218000.0,218000.0,532.0,218000.0,218500.0,,,,,35.0,,,,
2026-09-30T23:41:00+00:00,032830.KS,KRX,equity,283000.0,283000.0,282500.0,282500.0,22.0,282000.0,283000.0,,,,,3.0,,,,
2026-09-30T23:41:00+00:00,373220.KS,KRX,equity,356000.0,356500.0,356000.0,356500.0,27.0,356000.0,356500.0,,,,,7.0,,,,
2026-09-30T23:41:00+00:00,278470.KS,KRX,equity,365500.0,366000.0,365500.0,366000.0,77.0,365500.0,366000.0,,,,,3.0,,,,
2026-09-30T23:41:00+00:00,011070.KS,KRX,equity,559000.0,560000.0,559000.0,559000.0,39.0,559000.0,560000.0,,,,,6.0,,,,
2026-09-30T23:41:00+00:00,042700.KS,KRX,equity,256000.0,256500.0,256000.0,256500.0,112.0,256000.0,256500.0,,,,,16.0,,,,
2026-09-30T23:41:00+00:00,003670.KS,KRX,equity,179500.0,179500.0,179500.0,179500.0,44.0,179500.0,179600.0,,,,,6.0,,,,
2026-09-30T23:41:00+00:00,096770.KS,KRX,equity,149400.0,149500.0,149400.0,149400.0,125.0,149400.0,149500.0,,,,,12.0,,,,
2026-09-30T23:41:00+00:00,329180.KS,KRX,equity,434500.0,434500.0,434500.0,434500.0,29.0,434500.0,435000.0,,,,,4.0,,,,
2026-09-30T23:41:00+00:00,028260.KS,KRX,equity,342000.0,342000.0,342000.0,342000.0,178.0,342000.0,342500.0,,,,,4.0,,,,
2026-09-30T23:41:00+00:00,128940.KS,KRX,equity,497000.0,497000.0,497000.0,497000.0,4.0,497000.0,497500.0,,,,,2.0,,,,
2026-09-30T23:41:00+00:00,055550.KS,KRX,equity,106800.0,106800.0,106800.0,106800.0,7.0,106800.0,106900.0,,,,,3.0,,,,
2026-09-30T23:41:00+00:00,003230.KS,KRX,equity,1214000.0,1214000.0,1214000.0,1214000.0,1.0,1214000.0,1217000.0,,,,,1.0,,,,
2026-09-30T23:41:00+00:00,272210.KS,KRX,equity,75300.0,75400.0,75300.0,75300.0,96.0,75300.0,75400.0,,,,,9.0,,,,
2026-09-30T23:41:00+00:00,103590.KS,KRX,equity,82000.0,82000.0,81900.0,81900.0,933.0,81800.0,81900.0,,,,,17.0,,,,
2026-09-30T23:41:00+00:00,086790.KS,KRX,equity,130100.0,130300.0,130100.0,130200.0,88.0,130200.0,130300.0,,,,,5.0,,,,
2026-09-30T23:41:00+00:00,034730.KS,KRX,equity,586000.0,586000.0,586000.0,586000.0,5.0,585000.0,586000.0,,,,,2.0,,,,
2026-09-30T23:41:00+00:00,010950.KS,KRX,equity,162500.0,162500.0,162500.0,162500.0,30.0,162500.0,162600.0,,,,,1.0,,,,
2026-09-30T23:41:00+00:00,AAPL,US,equity,334.4,334.5,334.4,334.4308,0.0,,,,,,,,,,,
2026-09-30T23:41:00+00:00,MSFT,US,equity,514.38,514.86,514.38,514.84,0.0,,,,,,,,,,,
2026-09-30T23:41:00+00:00,NVDA,US,equity,229.7897,229.79,229.72,229.7882,0.0,,,,,,,,,,,
2026-09-30T23:41:00+00:00,AMZN,US,equity,249.7831,250.0,249.5,249.89,0.0,,,,,,,,,,,
2026-09-30T23:41:00+00:00,GOOGL,US,equity,349.32,349.32,349.17,349.24,0.0,,,,,,,,,,,
2026-09-30T23:41:00+00:00,GOOG,US,equity,346.28,346.4157,346.28,346.3913,0.0,,,,,,,,,,,
2026-09-30T23:41:00+00:00,TSLA,US,equity,354.95,355.0,354.8144,354.98,0.0,,,,,,,,,,,
2026-09-30T23:41:00+00:00,AVGO,US,equity,353.3201,353.47,353.2,353.34,0.0,,,,,,,,,,,
2026-09-30T23:41:00+00:00,NFLX,US,equity,69.98,69.99,69.98,69.98,0.0,,,,,,,,,,,
2026-09-30T23:41:00+00:00,AMD,US,equity,613.074,613.37,613.0092,613.3,0.0,,,,,,,,,,,
2026-09-30T23:41:00+00:00,INTC,US,equity,120.39,120.4,120.3193,120.393,0.0,,,,,,,,,,,
2026-09-30T23:41:52+00:00,QCOM,US,equity,184.4,184.4,184.4,184.4,0.0,,,,,,,,,,,
2026-09-30T23:38:00+00:00,TXN,US,equity,281.82,281.82,281.82,281.82,0.0,,,,,,,,,,,
2026-09-30T23:41:00+00:00,TXN,US,equity,280.1547,280.1547,280.1547,280.1547,0.0,,,,,,,,,,,
2026-09-30T23:41:00+00:00,AMAT,US,equity,515.0,515.35,515.0,515.35,0.0,,,,,,,,,,,
2026-09-30T23:41:00+00:00,MU,US,equity,1067.45,1068.0,1067.45,1067.9,0.0,,,,,,,,,,,
2026-09-30T23:39:00+00:00,KLAC,US,equity,195.85,195.85,195.85,195.85,0.0,,,,,,,,,,,
2026-09-30T23:41:00+00:00,KLAC,US,equity,195.85,195.85,195.85,195.85,0.0,,,,,,,,,,,
2026-09-30T23:41:00+00:00,LRCX,US,equity,331.27,331.3565,331.27,331.3565,0.0,,,,,,,,,,,
2026-09-30T23:41:09+00:00,ASML,US,equity,1818.77,1818.77,1818.77,1818.77,0.0,,,,,,,,,,,
2026-09-30T23:41:08+00:00,ADP,US,equity,259.0,259.0,259.0,259.0,0.0,,,,,,,,,,,
2026-09-30T23:41:00+00:00,BKNG,US,equity,163.51,163.64,163.5,163.51,0.0,,,,,,,,,,,
2026-09-30T23:30:00+00:00,PDD,US,equity,77.969,77.99,77.96,77.99,0.0,,,,,,,,,,,
2026-09-30T23:41:00+00:00,PDD,US,equity,77.9945,77.9945,77.9945,77.9945,0.0,,,,,,,,,,,
2026-09-30T23:41:16+00:00,INTU,US,equity,276.77,276.77,276.77,276.77,0.0,,,,,,,,,,,
2026-09-30T23:37:00+00:00,ISRG,US,equity,407.18,407.19,407.18,407.19,0.0,,,,,,,,,,,
2026-09-30T23:41:08+00:00,AMGN,US,equity,423.62,423.62,423.62,423.62,0.0,,,,,,,,,,,
2026-09-30T23:39:00+00:00,SBUX,US,equity,94.12,94.12,94.12,94.12,0.0,,,,,,,,,,,
2026-09-30T23:40:00+00:00,PYPL,US,equity,53.3,53.3,53.29,53.29,0.0,,,,,,,,,,,
2026-09-30T23:41:38+00:00,PANW,US,equity,398.48,398.48,398.48,398.48,0.0,,,,,,,,,,,
2026-09-30T23:41:00+00:00,MDB,US,equity,349.4,349.4,349.2817,349.2817,0.0,,,,,,,,,,,
2026-09-30T23:39:00+00:00,MAR,US,equity,356.66,356.66,356.66,356.66,0.0,,,,,,,,,,,
2026-09-30T23:41:00+00:00,LULU,US,equity,96.39,96.39,96.39,96.39,0.0,,,,,,,,,,,
2026-09-30T23:41:09+00:00,LULU,US,equity,96.39,96.39,96.39,96.39,0.0,,,,,,,,,,,
2026-09-30T23:33:00+00:00,FAST,US,equity,49.63,49.63,49.63,49.63,0.0,,,,,,,,,,,
2026-09-30T23:40:00+00:00,BAC,US,equity,54.5,54.5,54.5,54.5,0.0,,,,,,,,,,,
2026-09-30T23:41:45+00:00,BAC,US,equity,54.61,54.61,54.61,54.61,0.0,,,,,,,,,,,
2026-09-30T23:41:00+00:00,WMT,US,equity,105.005,105.005,105.0,105.0,0.0,,,,,,,,,,,
2026-09-30T23:41:00+00:00,SPY,US,index_etf,765.53,765.53,765.506,765.506,0.0,,,,,,,,,,,
2026-09-30T23:41:00+00:00,QQQ,US,index_etf,742.94,743.1,742.94,743.1,0.0,,,,,,,,,,,
2026-09-30T23:32:00+00:00,ES=F,CME,index_future,7738.75,7739.25,7738.5,7739.25,0.0,,,,,,,,,,,
2026-09-30T23:32:50+00:00,ES=F,CME,index_future,7739.25,7739.25,7739.25,7739.25,0.0,,,,,,,,,,,
2026-09-30T23:32:00+00:00,NQ=F,CME,index_future,30794.25,30797.75,30793.75,30796.75,0.0,,,,,,,,,,,
2026-09-30T23:32:48+00:00,NQ=F,CME,index_future,30794.75,30794.75,30794.75,30794.75,0.0,,,,,,,,,,,
2026-09-30T23:32:00+00:00,GC=F,COMEX,commodity_future,4184.2998046875,4184.39990234375,4184.0,4184.0,0.0,,,,,,,,,,,
2026-09-30T23:32:29+00:00,GC=F,COMEX,commodity_future,4184.0,4184.0,4184.0,4184.0,0.0,,,,,,,,,,,
2026-09-30T23:32:00+00:00,SI=F,COMEX,commodity_future,60.625,60.625,60.619998931884766,60.619998931884766,0.0,,,,,,,,,,,
2026-09-30T23:32:27+00:00,SI=F,COMEX,commodity_future,60.619998931884766,60.619998931884766,60.619998931884766,60.619998931884766,0.0,,,,,,,,,,,
2026-09-30T23:32:00+00:00,CL=F,NYMEX,commodity_future,90.08999633789062,90.08999633789062,90.08000183105467,90.08000183105467,0.0,,,,,,,,,,,
2026-09-30T23:32:30+00:00,CL=F,NYMEX,commodity_future,90.08000183105467,90.08000183105467,90.08000183105467,90.08000183105467,0.0,,,,,,,,,,,
2026-09-30T23:31:51+00:00,HG=F,COMEX,commodity_future,6.625999927520752,6.625999927520752,6.625999927520752,6.625999927520752,0.0,,,,,,,,,,,
2026-09-30T23:40:00+00:00,EURUSD=X,FX,currency,1.133529782295227,1.133529782295227,1.133529782295227,1.133529782295227,0.0,,,,,,,,,,,
2026-09-30T23:41:00+00:00,KRW=X,FX,currency,1357.3800048828125,1357.3800048828125,1356.4100341796875,1357.0699462890625,0.0,,,,,,,,,,,
2026-09-30T23:41:00+00:00,JPY=X,FX,currency,157.3979949951172,157.42100524902344,157.39700317382812,157.41099548339844,0.0,,,,,,,,,,,
2026-09-30T23:40:00+00:00,GBPUSD=X,FX,currency,1.326576590538025,1.326576590538025,1.326576590538025,1.326576590538025,0.0,,,,,,,,,,,
2026-09-30T23:42:00+00:00,BTC-USD,CRYPTO,crypto,83591.6,83591.6,83556.5,83567.6,5.41370907,,,,,,,98.0,,,,
2026-09-30T23:42:00+00:00,ETH-USD,CRYPTO,crypto,2688.37,2688.37,2687.16,2687.27,0.75131109,,,,,,,15.0,,,,
2026-09-30T23:42:00+00:00,005930.KS,KRX,equity,269000.0,269000.0,268500.0,268500.0,7688.0,268500.0,269000.0,,,,,183.0,,,,
2026-09-30T23:42:00+00:00,000660.KS,KRX,equity,1771000.0,1772000.0,1771000.0,1772000.0,483.0,1771000.0,1772000.0,,,,,77.0,,,,
2026-09-30T23:42:00+00:00,005380.KS,KRX,equity,351500.0,351500.0,351000.0,351000.0,3425.0,351000.0,351500.0,,,,,40.0,,,,
2026-09-30T23:42:00+00:00,034020.KS,KRX,equity,84400.0,84500.0,84300.0,84300.0,27788.0,84300.0,84400.0,,,,,267.0,,,,
2026-09-30T23:42:00+00:00,012330.KS,KRX,equity,392500.0,392500.0,392000.0,392500.0,171.0,392000.0,392500.0,,,,,36.0,,,,
2026-09-30T23:42:00+00:00,052690.KS,KRX,equity,128900.0,129000.0,128800.0,129000.0,2793.0,128900.0,129000.0,,,,,70.0,,,,
2026-09-30T23:42:00+00:00,003670.KS,KRX,equity,179500.0,179500.0,179500.0,179500.0,147.0,179500.0,179600.0,,,,,9.0,,,,
2026-09-30T23:42:00+00:00,051910.KS,KRX,equity,252000.0,252000.0,251500.0,252000.0,142.0,251500.0,252000.0,,,,,6.0,,,,
2026-09-30T23:42:00+00:00,402340.KS,KRX,equity,1131000.0,1131000.0,1129000.0,1129000.0,174.0,1129000.0,1130000.0,,,,,16.0,,,,
2026-09-30T23:42:00+00:00,009150.KS,KRX,equity,1505000.0,1506000.0,1504000.0,1505000.0,404.0,1505000.0,1506000.0,,,,,40.0,,,,
2026-09-30T23:42:00+00:00,005490.KS,KRX,equity,311500.0,311500.0,311000.0,311500.0,1094.0,311000.0,311500.0,,,,,29.0,,,,
2026-09-30T23:42:00+00:00,007660.KS,KRX,equity,115500.0,115500.0,115400.0,115400.0,312.0,115400.0,115500.0,,,,,19.0,,,,
2026-09-30T23:42:00+00:00,096770.KS,KRX,equity,149400.0,149400.0,149300.0,149300.0,615.0,149200.0,149400.0,,,,,12.0,,,,
2026-09-30T23:42:00+00:00,105560.KS,KRX,equity,169500.0,169500.0,169100.0,169200.0,747.0,169100.0,169200.0,,,,,14.0,,,,
2026-09-30T23:42:00+00:00,042660.KS,KRX,equity,79100.0,79300.0,79100.0,79200.0,3562.0,79200.0,79300.0,,,,,31.0,,,,
2026-09-30T23:42:00+00:00,103590.KS,KRX,equity,82000.0,82000.0,81900.0,81900.0,210.0,81800.0,81900.0,,,,,8.0,,,,
2026-09-30T23:42:00+00:00,058470.KQ,KOSDAQ,equity,74200.0,74300.0,74200.0,74200.0,1197.0,74100.0,74200.0,,,,,27.0,,,,
2026-09-30T23:42:00+00:00,006400.KS,KRX,equity,513000.0,513000.0,512000.0,512000.0,330.0,511000.0,512000.0,,,,,14.0,,,,
2026-09-30T23:42:00+00:00,042700.KS,KRX,equity,256500.0,256500.0,256000.0,256000.0,1468.0,255500.0,256000.0,,,,,27.0,,,,
2026-09-30T23:42:00+00:00,095610.KQ,KOSDAQ,equity,170000.0,170100.0,170000.0,170100.0,179.0,170000.0,170100.0,,,,,11.0,,,,
2026-09-30T23:42:00+00:00,011070.KS,KRX,equity,560000.0,560000.0,559000.0,560000.0,97.0,559000.0,560000.0,,,,,9.0,,,,
2026-09-30T23:42:00+00:00,010060.KS,KRX,equity,218000.0,219000.0,218000.0,218500.0,837.0,218500.0,219000.0,,,,,26.0,,,,
2026-09-30T23:42:00+00:00,035420.KS,KRX,equity,193800.0,193800.0,193700.0,193800.0,584.0,193700.0,193800.0,,,,,13.0,,,,
2026-09-30T23:42:00+00:00,066570.KS,KRX,equity,213000.0,213500.0,212500.0,213000.0,824.0,213000.0,213500.0,,,,,25.0,,,,
2026-09-30T23:42:00+00:00,086790.KS,KRX,equity,130200.0,130200.0,130000.0,130000.0,238.0,130000.0,130100.0,,,,,8.0,,,,
2026-09-30T23:42:00+00:00,000720.KS,KRX,equity,121700.0,121800.0,121600.0,121800.0,1860.0,121700.0,121800.0,,,,,73.0,,,,
2026-09-30T23:42:00+00:00,010120.KS,KRX,equity,204500.0,205000.0,204500.0,205000.0,48.0,204500.0,205000.0,,,,,8.0,,,,
2026-09-30T23:42:00+00:00,272210.KS,KRX,equity,75300.0,75300.0,75300.0,75300.0,247.0,75200.0,75300.0,,,,,13.0,,,,
2026-09-30T23:42:00+00:00,012450.KS,KRX,equity,1021000.0,1022000.0,1020000.0,1021000.0,71.0,1021000.0,1022000.0,,,,,26.0,,,,
2026-09-30T23:42:00+00:00,028260.KS,KRX,equity,342000.0,342500.0,342000.0,342500.0,52.0,342000.0,342500.0,,,,,3.0,,,,
2026-09-30T23:42:00+00:00,000150.KS,KRX,equity,1411000.0,1413000.0,1410000.0,1411000.0,277.0,1411000.0,1412000.0,,,,,15.0,,,,
2026-09-30T23:42:00+00:00,373220.KS,KRX,equity,356000.0,356500.0,356000.0,356000.0,103.0,356000.0,356500.0,,,,,6.0,,,,
2026-09-30T23:42:00+00:00,108490.KQ,KOSDAQ,equity,288000.0,288000.0,287500.0,288000.0,152.0,287500.0,288000.0,,,,,18.0,,,,
2026-09-30T23:42:00+00:00,329180.KS,KRX,equity,434500.0,434500.0,434500.0,434500.0,49.0,434500.0,435000.0,,,,,3.0,,,,
2026-09-30T23:42:00+00:00,055550.KS,KRX,equity,106800.0,106800.0,106800.0,106800.0,928.0,106700.0,106800.0,,,,,4.0,,,,
2026-09-30T23:42:00+00:00,222800.KQ,KOSDAQ,equity,149600.0,149800.0,149500.0,149700.0,150.0,149600.0,149900.0,,,,,11.0,,,,
2026-09-30T23:42:00+00:00,000270.KS,KRX,equity,114000.0,114000.0,114000.0,114000.0,61.0,114000.0,114100.0,,,,,9.0,,,,
2026-09-30T23:42:00+00:00,089970.KQ,KOSDAQ,equity,61900.0,61900.0,61900.0,61900.0,190.0,61900.0,62000.0,,,,,8.0,,,,
2026-09-30T23:42:00+00:00,010950.KS,KRX,equity,162500.0,162500.0,162500.0,162500.0,5.0,162300.0,162500.0,,,,,2.0,,,,
2026-09-30T23:42:00+00:00,298040.KS,KRX,equity,2781000.0,2781000.0,2781000.0,2781000.0,9.0,2780000.0,2782000.0,,,,,2.0,,,,
2026-09-30T23:42:00+00:00,128940.KS,KRX,equity,497000.0,497000.0,497000.0,497000.0,38.0,497000.0,497500.0,,,,,1.0,,,,
2026-09-30T23:42:00+00:00,003230.KS,KRX,equity,1214000.0,1214000.0,1214000.0,1214000.0,43.0,1213000.0,1214000.0,,,,,2.0,,,,
2026-09-30T23:42:00+00:00,032830.KS,KRX,equity,283000.0,283000.0,282000.0,282000.0,103.0,282000.0,283000.0,,,,,3.0,,,,
2026-09-30T23:42:00+00:00,AAPL,US,equity,334.4552,334.66,334.29,334.29,0.0,,,,,,,,,,,
2026-09-30T23:42:00+00:00,MSFT,US,equity,514.93,514.93,514.5362,514.54,0.0,,,,,,,,,,,
2026-09-30T23:42:00+00:00,NVDA,US,equity,229.79,229.79,229.72,229.7687,0.0,,,,,,,,,,,
2026-09-30T23:43:00+00:00,NVDA,US,equity,229.7687,229.77,229.7209,229.7687,0.0,,,,,,,,,,,
2026-09-30T23:42:00+00:00,AMZN,US,equity,249.92,250.0,249.6,250.0,0.0,,,,,,,,,,,
2026-09-30T23:42:00+00:00,GOOGL,US,equity,349.3,349.3197,349.1901,349.3127,0.0,,,,,,,,,,,
2026-09-30T23:43:00+00:00,GOOGL,US,equity,349.35,349.35,349.3,349.3403,0.0,,,,,,,,,,,
2026-09-30T23:42:00+00:00,GOOG,US,equity,346.3095,346.4,346.3,346.3,0.0,,,,,,,,,,,
2026-09-30T23:42:00+00:00,TSLA,US,equity,354.8,355.0,354.8,354.9,0.0,,,,,,,,,,,
2026-09-30T23:42:00+00:00,AVGO,US,equity,353.2552,353.49,353.2341,353.4328,0.0,,,,,,,,,,,
2026-09-30T23:41:59+00:00,COST,US,equity,912.3,912.3,912.3,912.3,0.0,,,,,,,,,,,
2026-09-30T23:42:00+00:00,NFLX,US,equity,69.98,69.99,69.95,69.95,0.0,,,,,,,,,,,
2026-09-30T23:42:00+00:00,AMD,US,equity,613.3,613.37,613.25,613.27,0.0,,,,,,,,,,,
2026-09-30T23:42:00+00:00,INTC,US,equity,120.36,120.4,120.36,120.39,0.0,,,,,,,,,,,
2026-09-30T23:43:00+00:00,INTC,US,equity,120.4,120.42,120.39,120.3946,0.0,,,,,,,,,,,
2026-09-30T23:41:00+00:00,QCOM,US,equity,184.4,184.4,184.4,184.4,0.0,,,,,,,,,,,
2026-09-30T23:41:59+00:00,CSCO,US,equity,107.7,107.7,107.7,107.7,0.0,,,,,,,,,,,
2026-09-30T23:41:00+00:00,ADBE,US,equity,239.3,239.99,239.3,239.99,0.0,,,,,,,,,,,
2026-09-30T23:42:31+00:00,TXN,US,equity,280.15,280.15,280.15,280.15,0.0,,,,,,,,,,,
2026-09-30T23:42:15+00:00,AMAT,US,equity,515.745,515.745,515.745,515.745,0.0,,,,,,,,,,,
2026-09-30T23:42:00+00:00,MU,US,equity,1067.9005,1068.0,1067.5558,1067.85,0.0,,,,,,,,,,,
2026-09-30T23:42:04+00:00,KLAC,US,equity,196.26,196.26,196.26,196.26,0.0,,,,,,,,,,,
2026-09-30T23:42:00+00:00,LRCX,US,equity,331.54,331.54,331.54,331.54,0.0,,,,,,,,,,,
2026-09-30T23:41:00+00:00,ASML,US,equity,1818.77,1818.77,1818.77,1818.77,0.0,,,,,,,,,,,
2026-09-30T23:41:00+00:00,ADP,US,equity,259.0,259.0,259.0,259.0,0.0,,,,,,,,,,,
2026-09-30T23:42:55+00:00,BKNG,US,equity,163.47,163.47,163.47,163.47,0.0,,,,,,,,,,,
2026-09-30T23:42:06+00:00,PDD,US,equity,77.9952,77.9952,77.9952,77.9952,0.0,,,,,,,,,,,
2026-09-30T23:41:00+00:00,INTU,US,equity,276.77,276.77,276.77,276.77,0.0,,,,,,,,,,,
2026-09-30T23:42:52+00:00,ISRG,US,equity,407.3649,407.3649,407.3649,407.3649,0.0,,,,,,,,,,,
2026-09-30T23:41:59+00:00,SBUX,US,equity,94.12,94.12,94.12,94.12,0.0,,,,,,,,,,,
2026-09-30T23:42:00+00:00,PYPL,US,equity,53.29,53.43,53.29,53.42,0.0,,,,,,,,,,,
2026-09-30T23:41:00+00:00,PANW,US,equity,398.35,398.48,398.35,398.48,0.0,,,,,,,,,,,
2026-09-30T23:42:02+00:00,MDB,US,equity,350.0,350.0,350.0,350.0,0.0,,,,,,,,,,,
2026-09-30T23:41:00+00:00,PEP,US,equity,127.0088,127.0088,127.0,127.0,0.0,,,,,,,,,,,
2026-09-30T23:41:59+00:00,MAR,US,equity,356.66,356.66,356.66,356.66,0.0,,,,,,,,,,,
2026-09-30T23:39:00+00:00,MCD,US,equity,231.31,231.31,231.24,231.24,0.0,,,,,,,,,,,
2026-09-30T23:42:00+00:00,MCD,US,equity,231.34,231.34,231.34,231.34,0.0,,,,,,,,,,,
2026-09-30T23:42:53+00:00,LULU,US,equity,96.3887,96.3887,96.3887,96.3887,0.0,,,,,,,,,,,
2026-09-30T23:41:59+00:00,FAST,US,equity,49.63,49.63,49.63,49.63,0.0,,,,,,,,,,,
2026-09-30T23:42:00+00:00,WMT,US,equity,104.94,104.94,104.94,104.94,0.0,,,,,,,,,,,
2026-09-30T23:27:00+00:00,UNH,US,equity,367.73,367.73,367.73,367.73,0.0,,,,,,,,,,,
2026-09-30T23:42:00+00:00,SPY,US,index_etf,765.4604,765.4604,765.4604,765.4604,0.0,,,,,,,,,,,
2026-09-30T23:42:00+00:00,QQQ,US,index_etf,743.04,743.09,742.9,742.9,0.0,,,,,,,,,,,
2026-09-30T23:43:00+00:00,QQQ,US,index_etf,742.98,743.0392,742.92,743.03,0.0,,,,,,,,,,,
2026-09-30T23:33:00+00:00,ES=F,CME,index_future,7739.25,7739.75,7739.0,7739.5,130.0,,,,,,,,,,,
2026-09-30T23:34:00+00:00,ES=F,CME,index_future,7739.5,7739.75,7739.25,7739.5,0.0,,,,,,,,,,,
2026-09-30T23:34:01+00:00,ES=F,CME,index_future,7739.75,7739.75,7739.75,7739.75,0.0,,,,,,,,,,,
2026-09-30T23:33:00+00:00,NQ=F,CME,index_future,30798.0,30799.5,30794.25,30797.75,51.0,,,,,,,,,,,
2026-09-30T23:34:00+00:00,NQ=F,CME,index_future,30797.75,30800.5,30795.5,30796.25,0.0,,,,,,,,,,,
2026-09-30T23:34:02+00:00,NQ=F,CME,index_future,30797.25,30797.25,30797.25,30797.25,0.0,,,,,,,,,,,
2026-09-30T23:33:00+00:00,GC=F,COMEX,commodity_future,4184.10009765625,4184.39990234375,4184.0,4184.39990234375,0.0,,,,,,,,,,,
2026-09-30T23:33:58+00:00,GC=F,COMEX,commodity_future,4184.39990234375,4184.39990234375,4184.39990234375,4184.39990234375,0.0,,,,,,,,,,,
2026-09-30T23:33:00+00:00,SI=F,COMEX,commodity_future,60.630001068115234,60.63999938964844,60.6150016784668,60.619998931884766,0.0,,,,,,,,,,,
2026-09-30T23:33:58+00:00,SI=F,COMEX,commodity_future,60.619998931884766,60.619998931884766,60.619998931884766,60.619998931884766,0.0,,,,,,,,,,,
2026-09-30T23:33:00+00:00,CL=F,NYMEX,commodity_future,90.08999633789062,90.08999633789062,90.08999633789062,90.08999633789062,0.0,,,,,,,,,,,
2026-09-30T23:33:37+00:00,CL=F,NYMEX,commodity_future,90.08999633789062,90.08999633789062,90.08999633789062,90.08999633789062,0.0,,,,,,,,,,,
2026-09-30T23:33:00+00:00,HG=F,COMEX,commodity_future,6.625999927520752,6.625999927520752,6.625999927520752,6.625999927520752,0.0,,,,,,,,,,,
2026-09-30T23:41:00+00:00,EURUSD=X,FX,currency,1.1334012746810913,1.1334012746810913,1.1334012746810913,1.1334012746810913,0.0,,,,,,,,,,,
2026-09-30T23:42:00+00:00,EURUSD=X,FX,currency,1.1332728862762451,1.1332728862762451,1.1332728862762451,1.1332728862762451,0.0,,,,,,,,,,,
2026-09-30T23:42:00+00:00,KRW=X,FX,currency,1357.050048828125,1357.6800537109375,1357.050048828125,1357.6700439453125,0.0,,,,,,,,,,,
2026-09-30T23:43:00+00:00,KRW=X,FX,currency,1357.68994140625,1358.1400146484375,1356.530029296875,1358.1400146484375,0.0,,,,,,,,,,,
2026-09-30T23:42:00+00:00,JPY=X,FX,currency,157.4199981689453,157.46800231933594,157.41099548339844,157.46800231933594,0.0,,,,,,,,,,,
2026-09-30T23:43:00+00:00,JPY=X,FX,currency,157.45799255371094,157.48800659179688,157.4510040283203,157.4739990234375,0.0,,,,,,,,,,,
2026-09-30T23:41:00+00:00,GBPUSD=X,FX,currency,1.3265942335128784,1.3265942335128784,1.3265942335128784,1.3265942335128784,0.0,,,,,,,,,,,
2026-09-30T23:42:00+00:00,GBPUSD=X,FX,currency,1.326470971107483,1.326470971107483,1.326470971107483,1.326470971107483,0.0,,,,,,,,,,,
2026-09-30T23:43:00+00:00,BTC-USD,CRYPTO,crypto,83567.7,83569.6,83557.3,83569.6,0.13389542,,,,,,,51.0,,,,
2026-09-30T23:43:00+00:00,ETH-USD,CRYPTO,crypto,2687.36,2688.1,2687.14,2687.86,8.04969539,,,,,,,52.0,,,,
2026-09-30T23:42:00+00:00,278470.KS,KRX,equity,365500.0,366000.0,365500.0,366000.0,19.0,365500.0,366000.0,,,,,5.0,,,,
2026-09-30T23:43:00+00:00,000660.KS,KRX,equity,1771000.0,1772000.0,1770000.0,1770000.0,1638.0,1770000.0,1771000.0,,,,,97.0,,,,
2026-09-30T23:43:00+00:00,105560.KS,KRX,equity,169100.0,169300.0,169100.0,169300.0,185.0,169200.0,169300.0,,,,,12.0,,,,
2026-09-30T23:43:00+00:00,005930.KS,KRX,equity,269000.0,269000.0,268500.0,269000.0,3212.0,268500.0,269000.0,,,,,195.0,,,,
2026-09-30T23:43:00+00:00,034020.KS,KRX,equity,84400.0,84400.0,84200.0,84300.0,18449.0,84200.0,84300.0,,,,,252.0,,,,
2026-09-30T23:43:00+00:00,000720.KS,KRX,equity,121700.0,121800.0,121700.0,121800.0,3069.0,121800.0,121900.0,,,,,62.0,,,,
2026-09-30T23:43:00+00:00,005380.KS,KRX,equity,351000.0,351000.0,350500.0,351000.0,627.0,350500.0,351000.0,,,,,67.0,,,,
2026-09-30T23:43:00+00:00,042700.KS,KRX,equity,255500.0,256000.0,255500.0,256000.0,128.0,255500.0,256000.0,,,,,24.0,,,,
2026-09-30T23:43:00+00:00,009150.KS,KRX,equity,1505000.0,1506000.0,1505000.0,1505000.0,188.0,1505000.0,1506000.0,,,,,32.0,,,,
2026-09-30T23:43:00+00:00,222800.KQ,KOSDAQ,equity,149700.0,149700.0,149500.0,149500.0,70.0,149500.0,149600.0,,,,,18.0,,,,
2026-09-30T23:43:00+00:00,011070.KS,KRX,equity,559000.0,560000.0,559000.0,559000.0,30.0,559000.0,560000.0,,,,,7.0,,,,
2026-09-30T23:43:00+00:00,052690.KS,KRX,equity,129000.0,129000.0,128900.0,129000.0,978.0,128900.0,129000.0,,,,,58.0,,,,
2026-09-30T23:43:00+00:00,103590.KS,KRX,equity,81900.0,81900.0,81900.0,81900.0,213.0,81800.0,81900.0,,,,,11.0,,,,
2026-09-30T23:43:00+00:00,012330.KS,KRX,equity,392500.0,392500.0,391500.0,391500.0,4162.0,391500.0,392000.0,,,,,69.0,,,,
2026-09-30T23:43:00+00:00,010060.KS,KRX,equity,218500.0,218500.0,218500.0,218500.0,198.0,218500.0,219000.0,,,,,15.0,,,,
2026-09-30T23:43:00+00:00,066570.KS,KRX,equity,213000.0,213000.0,213000.0,213000.0,678.0,213000.0,213500.0,,,,,15.0,,,,
2026-09-30T23:43:00+00:00,042660.KS,KRX,equity,79200.0,79200.0,79100.0,79200.0,688.0,79100.0,79200.0,,,,,13.0,,,,
2026-09-30T23:43:00+00:00,003230.KS,KRX,equity,1214000.0,1214000.0,1213000.0,1213000.0,2.0,1213000.0,1214000.0,,,,,2.0,,,,
2026-09-30T23:43:00+00:00,108490.KQ,KOSDAQ,equity,288000.0,288000.0,287500.0,288000.0,417.0,287500.0,288000.0,,,,,24.0,,,,
2026-09-30T23:43:00+00:00,003670.KS,KRX,equity,179500.0,179500.0,179400.0,179400.0,52.0,179400.0,179500.0,,,,,4.0,,,,
2026-09-30T23:43:00+00:00,007660.KS,KRX,equity,115400.0,115400.0,115400.0,115400.0,81.0,115400.0,115500.0,,,,,10.0,,,,
2026-09-30T23:43:00+00:00,000270.KS,KRX,equity,114000.0,114100.0,114000.0,114000.0,638.0,113900.0,114000.0,,,,,10.0,,,,
2026-09-30T23:43:00+00:00,006400.KS,KRX,equity,512000.0,512000.0,511000.0,511000.0,311.0,511000.0,513000.0,,,,,19.0,,,,
2026-09-30T23:43:00+00:00,055550.KS,KRX,equity,106700.0,106800.0,106700.0,106800.0,17.0,106700.0,106800.0,,,,,3.0,,,,
2026-09-30T23:43:00+00:00,012450.KS,KRX,equity,1021000.0,1022000.0,1020000.0,1020000.0,90.0,1020000.0,1022000.0,,,,,12.0,,,,
2026-09-30T23:43:00+00:00,086790.KS,KRX,equity,130000.0,130000.0,129800.0,129800.0,303.0,129700.0,129800.0,,,,,7.0,,,,
2026-09-30T23:43:00+00:00,000150.KS,KRX,equity,1412000.0,1412000.0,1411000.0,1411000.0,55.0,1411000.0,1413000.0,,,,,20.0,,,,
2026-09-30T23:43:00+00:00,298040.KS,KRX,equity,2781000.0,2781000.0,2781000.0,2781000.0,4.0,2781000.0,2782000.0,,,,,4.0,,,,
2026-09-30T23:43:00+00:00,272210.KS,KRX,equity,75300.0,75300.0,75200.0,75300.0,30.0,75200.0,75300.0,,,,,7.0,,,,
2026-09-30T23:43:00+00:00,089970.KQ,KOSDAQ,equity,61900.0,62000.0,61800.0,61800.0,353.0,61800.0,61900.0,,,,,17.0,,,,
2026-09-30T23:43:00+00:00,005490.KS,KRX,equity,311000.0,311500.0,311000.0,311000.0,155.0,311000.0,311500.0,,,,,16.0,,,,
2026-09-30T23:43:00+00:00,128940.KS,KRX,equity,497500.0,497500.0,497000.0,497000.0,4.0,497000.0,497500.0,,,,,4.0,,,,
2026-09-30T23:43:00+00:00,058470.KQ,KOSDAQ,equity,74200.0,74200.0,74100.0,74100.0,684.0,74000.0,74100.0,,,,,15.0,,,,
2026-09-30T23:43:00+00:00,035420.KS,KRX,equity,193800.0,193800.0,193700.0,193700.0,80.0,193700.0,193800.0,,,,,16.0,,,,
2026-09-30T23:43:00+00:00,373220.KS,KRX,equity,356000.0,356500.0,356000.0,356000.0,60.0,356000.0,356500.0,,,,,10.0,,,,
2026-09-30T23:43:00+00:00,095610.KQ,KOSDAQ,equity,170100.0,170100.0,169600.0,169600.0,644.0,169600.0,169700.0,,,,,12.0,,,,
2026-09-30T23:43:00+00:00,032830.KS,KRX,equity,283000.0,283000.0,283000.0,283000.0,19.0,282500.0,283000.0,,,,,3.0,,,,
2026-09-30T23:43:00+00:00,402340.KS,KRX,equity,1129000.0,1130000.0,1129000.0,1130000.0,41.0,1129000.0,1130000.0,,,,,18.0,,,,
2026-09-30T23:43:00+00:00,096770.KS,KRX,equity,149300.0,149300.0,149200.0,149300.0,177.0,149200.0,149400.0,,,,,6.0,,,,
2026-09-30T23:43:00+00:00,051910.KS,KRX,equity,252000.0,252000.0,251500.0,252000.0,92.0,251500.0,252000.0,,,,,8.0,,,,
2026-09-30T23:43:00+00:00,010120.KS,KRX,equity,205000.0,205000.0,204500.0,204500.0,34.0,204500.0,205000.0,,,,,5.0,,,,
2026-09-30T23:43:00+00:00,028260.KS,KRX,equity,342500.0,342500.0,342000.0,342000.0,62.0,342000.0,342500.0,,,,,8.0,,,,
2026-09-30T23:43:00+00:00,010950.KS,KRX,equity,162500.0,162600.0,162500.0,162600.0,143.0,162500.0,162600.0,,,,,7.0,,,,
2026-09-30T23:43:00+00:00,329180.KS,KRX,equity,434500.0,434500.0,434000.0,434000.0,98.0,433500.0,434000.0,,,,,8.0,,,,
2026-09-30T23:43:00+00:00,278470.KS,KRX,equity,366000.0,366000.0,366000.0,366000.0,4.0,365500.0,366000.0,,,,,1.0,,,,
2026-09-30T23:43:00+00:00,AAPL,US,equity,334.5,334.6111,334.29,334.59,0.0,,,,,,,,,,,
2026-09-30T23:43:00+00:00,MSFT,US,equity,514.7925,514.98,514.5001,514.6027,0.0,,,,,,,,,,,
2026-09-30T23:44:00+00:00,MSFT,US,equity,514.9059,514.9059,514.54,514.54,0.0,,,,,,,,,,,
2026-09-30T23:44:00+00:00,NVDA,US,equity,229.7687,229.77,229.72,229.7687,0.0,,,,,,,,,,,
2026-09-30T23:43:00+00:00,AMZN,US,equity,249.95,250.0,249.91,250.0,0.0,,,,,,,,,,,
2026-09-30T23:44:00+00:00,AMZN,US,equity,249.51,250.0,249.51,249.98,0.0,,,,,,,,,,,
2026-09-30T23:44:00+00:00,GOOGL,US,equity,349.3096,349.35,349.3009,349.3483,0.0,,,,,,,,,,,
2026-09-30T23:43:00+00:00,GOOG,US,equity,346.4,346.45,346.3,346.3,0.0,,,,,,,,,,,
2026-09-30T23:44:00+00:00,GOOG,US,equity,346.4483,346.4499,346.4,346.4,0.0,,,,,,,,,,,
2026-09-30T23:43:00+00:00,TSLA,US,equity,354.9,354.98,354.88,354.88,0.0,,,,,,,,,,,
2026-09-30T23:43:00+00:00,AVGO,US,equity,353.43,353.49,353.01,353.49,0.0,,,,,,,,,,,
2026-09-30T23:44:00+00:00,AVGO,US,equity,353.09,353.49,353.09,353.09,0.0,,,,,,,,,,,
2026-09-30T23:43:00+00:00,NFLX,US,equity,69.9161,69.9161,69.9161,69.9161,0.0,,,,,,,,,,,
2026-09-30T23:44:00+00:00,NFLX,US,equity,69.92,69.99,69.9022,69.96,0.0,,,,,,,,,,,
2026-09-30T23:43:00+00:00,AMD,US,equity,613.2855,613.5,613.28,613.47,0.0,,,,,,,,,,,
2026-09-30T23:44:00+00:00,AMD,US,equity,613.5122,613.98,613.5122,613.76,0.0,,,,,,,,,,,
2026-09-30T23:44:00+00:00,INTC,US,equity,120.405,120.42,120.3933,120.4,0.0,,,,,,,,,,,
2026-09-30T23:43:00+00:00,QCOM,US,equity,184.49,184.53,184.32,184.32,0.0,,,,,,,,,,,
2026-09-30T23:43:22+00:00,ADBE,US,equity,239.3,239.3,239.3,239.3,0.0,,,,,,,,,,,
2026-09-30T23:42:00+00:00,AMAT,US,equity,515.745,515.745,515.745,515.745,0.0,,,,,,,,,,,
2026-09-30T23:44:00+00:00,AMAT,US,equity,515.5463,515.5463,515.3763,515.3763,0.0,,,,,,,,,,,
2026-09-30T23:43:00+00:00,MU,US,equity,1067.6,1067.84,1067.5,1067.5,0.0,,,,,,,,,,,
2026-09-30T23:44:00+00:00,MU,US,equity,1067.57,1067.8,1067.5,1067.66,0.0,,,,,,,,,,,
2026-09-30T23:43:00+00:00,LRCX,US,equity,331.88,331.88,331.54,331.54,0.0,,,,,,,,,,,
2026-09-30T23:43:00+00:00,ASML,US,equity,1818.7207,1818.77,1817.2295,1818.77,0.0,,,,,,,,,,,
2026-09-30T23:43:48+00:00,ADP,US,equity,258.23,258.23,258.23,258.23,0.0,,,,,,,,,,,
2026-09-30T23:43:00+00:00,INTU,US,equity,276.77,276.81,276.77,276.81,0.0,,,,,,,,,,,
2026-09-30T23:41:00+00:00,SBUX,US,equity,94.12,94.12,94.12,94.12,0.0,,,,,,,,,,,
2026-09-30T23:43:00+00:00,PYPL,US,equity,53.42,53.4201,53.42,53.4201,0.0,,,,,,,,,,,
2026-09-30T23:44:00+00:00,PYPL,US,equity,53.4207,53.4207,53.4207,53.4207,0.0,,,,,,,,,,,
2026-09-30T23:43:00+00:00,PANW,US,equity,397.7972,397.7972,397.7972,397.7972,0.0,,,,,,,,,,,
2026-09-30T23:43:35+00:00,PEP,US,equity,127.03,127.03,127.03,127.03,0.0,,,,,,,,,,,
2026-09-30T23:43:38+00:00,MCD,US,equity,231.3396,231.3396,231.3396,231.3396,0.0,,,,,,,,,,,
2026-09-30T23:43:00+00:00,WMT,US,equity,105.01,105.01,105.0,105.0,0.0,,,,,,,,,,,
2026-09-30T23:44:00+00:00,WMT,US,equity,105.0,105.01,104.992,105.01,0.0,,,,,,,,,,,
2026-09-30T23:29:00+00:00,SPY,US,index_etf,764.79,764.79,764.79,764.79,0.0,,,,,,,,,,,
2026-09-30T23:43:00+00:00,SPY,US,index_etf,765.4135,765.45,765.4135,765.45,0.0,,,,,,,,,,,
2026-09-30T23:44:00+00:00,QQQ,US,index_etf,743.0,743.0223,742.9511,742.9511,0.0,,,,,,,,,,,
2026-09-30T23:35:00+00:00,ES=F,CME,index_future,7739.25,7739.5,7738.5,7739.5,0.0,,,,,,,,,,,
2026-09-30T23:35:05+00:00,ES=F,CME,index_future,7739.5,7739.5,7739.5,7739.5,0.0,,,,,,,,,,,
2026-09-30T23:35:00+00:00,NQ=F,CME,index_future,30797.5,30798.5,30793.75,30797.0,0.0,,,,,,,,,,,
2026-09-30T23:35:03+00:00,NQ=F,CME,index_future,30797.5,30797.5,30797.5,30797.5,0.0,,,,,,,,,,,
2026-09-30T23:34:00+00:00,GC=F,COMEX,commodity_future,4184.2001953125,4184.2001953125,4183.89990234375,4183.89990234375,0.0,,,,,,,,,,,
2026-09-30T23:34:34+00:00,GC=F,COMEX,commodity_future,4183.89990234375,4183.89990234375,4183.89990234375,4183.89990234375,0.0,,,,,,,,,,,
2026-09-30T23:34:00+00:00,SI=F,COMEX,commodity_future,60.61000061035156,60.6150016784668,60.61000061035156,60.6150016784668,5.0,,,,,,,,,,,
2026-09-30T23:35:00+00:00,SI=F,COMEX,commodity_future,60.6150016784668,60.619998931884766,60.61000061035156,60.61000061035156,0.0,,,,,,,,,,,
2026-09-30T23:35:03+00:00,SI=F,COMEX,commodity_future,60.6150016784668,60.6150016784668,60.6150016784668,60.6150016784668,0.0,,,,,,,,,,,
2026-09-30T23:34:00+00:00,CL=F,NYMEX,commodity_future,90.08000183105467,90.08999633789062,90.08000183105467,90.08999633789062,3.0,,,,,,,,,,,
2026-09-30T23:35:00+00:00,CL=F,NYMEX,commodity_future,90.08999633789062,90.08999633789062,90.08000183105467,90.08000183105467,0.0,,,,,,,,,,,
2026-09-30T23:35:00+00:00,HG=F,COMEX,commodity_future,6.625999927520752,6.625999927520752,6.625999927520752,6.625999927520752,0.0,,,,,,,,,,,
2026-09-30T23:43:00+00:00,EURUSD=X,FX,currency,1.1332728862762451,1.1332728862762451,1.1332728862762451,1.1332728862762451,0.0,,,,,,,,,,,
2026-09-30T23:44:00+00:00,KRW=X,FX,currency,1358.219970703125,1358.27001953125,1356.6400146484375,1356.6400146484375,0.0,,,,,,,,,,,
2026-09-30T23:44:00+00:00,JPY=X,FX,currency,157.48199462890625,157.48699951171875,157.47000122070312,157.47500610351562,0.0,,,,,,,,,,,
2026-09-30T23:43:00+00:00,GBPUSD=X,FX,currency,1.326470971107483,1.326470971107483,1.326470971107483,1.326470971107483,0.0,,,,,,,,,,,
2026-09-30T23:44:00+00:00,BTC-USD,CRYPTO,crypto,83569.6,83569.6,83560.7,83565.0,0.15695161,,,,,,,33.0,,,,
2026-09-30T23:44:00+00:00,ETH-USD,CRYPTO,crypto,2687.71,2687.84,2687.41,2687.7,1.23029101,,,,,,,21.0,,,,
2026-09-30T23:44:00+00:00,000720.KS,KRX,equity,121900.0,121900.0,121600.0,121700.0,4170.0,121600.0,121700.0,,,,,71.0,,,,
2026-09-30T23:44:00+00:00,006400.KS,KRX,equity,512000.0,512000.0,511000.0,512000.0,28.0,511000.0,512000.0,,,,,14.0,,,,
2026-09-30T23:44:00+00:00,000660.KS,KRX,equity,1771000.0,1772000.0,1770000.0,1771000.0,1406.0,1771000.0,1772000.0,,,,,117.0,,,,
2026-09-30T23:44:00+00:00,011070.KS,KRX,equity,559000.0,560000.0,559000.0,559000.0,129.0,559000.0,560000.0,,,,,11.0,,,,
2026-09-30T23:44:00+00:00,012330.KS,KRX,equity,391500.0,392000.0,391000.0,391500.0,395.0,391000.0,391500.0,,,,,57.0,,,,
2026-09-30T23:44:00+00:00,034020.KS,KRX,equity,84300.0,84300.0,84200.0,84200.0,10668.0,84200.0,84300.0,,,,,251.0,,,,
2026-09-30T23:44:00+00:00,000150.KS,KRX,equity,1411000.0,1412000.0,1410000.0,1410000.0,124.0,1410000.0,1412000.0,,,,,12.0,,,,
2026-09-30T23:44:00+00:00,005930.KS,KRX,equity,269000.0,269000.0,268500.0,268500.0,3305.0,268500.0,269000.0,,,,,175.0,,,,
2026-09-30T23:44:00+00:00,052690.KS,KRX,equity,128900.0,129000.0,128700.0,128800.0,6017.0,128700.0,128800.0,,,,,93.0,,,,
2026-09-30T23:44:00+00:00,009150.KS,KRX,equity,1505000.0,1505000.0,1501000.0,1502000.0,1132.0,1502000.0,1503000.0,,,,,48.0,,,,
2026-09-30T23:44:00+00:00,010120.KS,KRX,equity,204500.0,205000.0,204500.0,205000.0,87.0,204500.0,205000.0,,,,,9.0,,,,
2026-09-30T23:44:00+00:00,329180.KS,KRX,equity,433500.0,434000.0,433500.0,434000.0,16.0,433500.0,434000.0,,,,,3.0,,,,
2026-09-30T23:44:00+00:00,042660.KS,KRX,equity,79200.0,79200.0,79100.0,79100.0,1168.0,79100.0,79200.0,,,,,26.0,,,,
2026-09-30T23:44:00+00:00,003670.KS,KRX,equity,179400.0,179400.0,179300.0,179300.0,84.0,179300.0,179400.0,,,,,3.0,,,,
2026-09-30T23:44:00+00:00,066570.KS,KRX,equity,213000.0,213500.0,212500.0,213000.0,244.0,212500.0,213000.0,,,,,24.0,,,,
2026-09-30T23:44:00+00:00,005490.KS,KRX,equity,311000.0,311500.0,311000.0,311000.0,810.0,311000.0,311500.0,,,,,26.0,,,,
2026-09-30T23:44:00+00:00,010950.KS,KRX,equity,162600.0,162600.0,162500.0,162500.0,7.0,162300.0,162500.0,,,,,2.0,,,,
2026-09-30T23:44:00+00:00,012450.KS,KRX,equity,1021000.0,1024000.0,1020000.0,1024000.0,473.0,1022000.0,1024000.0,,,,,20.0,,,,
2026-09-30T23:44:00+00:00,272210.KS,KRX,equity,75300.0,75400.0,75300.0,75400.0,677.0,75300.0,75400.0,,,,,13.0,,,,
2026-09-30T23:44:00+00:00,402340.KS,KRX,equity,1130000.0,1130000.0,1129000.0,1129000.0,41.0,1129000.0,1130000.0,,,,,12.0,,,,
2026-09-30T23:44:00+00:00,058470.KQ,KOSDAQ,equity,74100.0,74200.0,74000.0,74100.0,161.0,74100.0,74200.0,,,,,15.0,,,,
2026-09-30T23:44:00+00:00,222800.KQ,KOSDAQ,equity,149500.0,149600.0,149500.0,149600.0,163.0,149500.0,149600.0,,,,,8.0,,,,
2026-09-30T23:44:00+00:00,028260.KS,KRX,equity,342500.0,342500.0,341500.0,341500.0,279.0,341500.0,342000.0,,,,,4.0,,,,
2026-09-30T23:44:00+00:00,010060.KS,KRX,equity,219000.0,219000.0,218000.0,218500.0,477.0,218500.0,219000.0,,,,,17.0,,,,
2026-09-30T23:44:00+00:00,007660.KS,KRX,equity,115400.0,115500.0,115400.0,115400.0,157.0,115400.0,115500.0,,,,,13.0,,,,
2026-09-30T23:44:00+00:00,005380.KS,KRX,equity,351000.0,351000.0,350500.0,350500.0,430.0,350500.0,351000.0,,,,,61.0,,,,
2026-09-30T23:44:00+00:00,096770.KS,KRX,equity,149300.0,149300.0,149200.0,149200.0,176.0,149200.0,149400.0,,,,,11.0,,,,
2026-09-30T23:44:00+00:00,035420.KS,KRX,equity,193700.0,193800.0,193700.0,193700.0,159.0,193700.0,193800.0,,,,,7.0,,,,
2026-09-30T23:44:00+00:00,042700.KS,KRX,equity,256000.0,256000.0,255500.0,256000.0,1099.0,255500.0,256000.0,,,,,25.0,,,,
2026-09-30T23:44:00+00:00,278470.KS,KRX,equity,365500.0,365500.0,365500.0,365500.0,1.0,365500.0,366000.0,,,,,1.0,,,,
2026-09-30T23:44:00+00:00,108490.KQ,KOSDAQ,equity,288000.0,288000.0,287500.0,288000.0,99.0,287500.0,288000.0,,,,,16.0,,,,
2026-09-30T23:44:00+00:00,055550.KS,KRX,equity,106800.0,106800.0,106600.0,106600.0,99.0,106600.0,106700.0,,,,,7.0,,,,
2026-09-30T23:44:00+00:00,095610.KQ,KOSDAQ,equity,169700.0,169900.0,169600.0,169700.0,255.0,169600.0,169700.0,,,,,14.0,,,,
2026-09-30T23:44:00+00:00,103590.KS,KRX,equity,81800.0,81900.0,81800.0,81900.0,38.0,81800.0,81900.0,,,,,10.0,,,,
2026-09-30T23:44:00+00:00,089970.KQ,KOSDAQ,equity,61900.0,61900.0,61900.0,61900.0,54.0,61900.0,62000.0,,,,,10.0,,,,
2026-09-30T23:44:00+00:00,000270.KS,KRX,equity,114000.0,114100.0,113900.0,113900.0,1298.0,113900.0,114000.0,,,,,15.0,,,,
2026-09-30T23:44:00+00:00,105560.KS,KRX,equity,169200.0,169300.0,169200.0,169300.0,253.0,169200.0,169600.0,,,,,11.0,,,,
2026-09-30T23:44:00+00:00,298040.KS,KRX,equity,2781000.0,2781000.0,2780000.0,2780000.0,20.0,2780000.0,2781000.0,,,,,7.0,,,,
2026-09-30T23:44:00+00:00,373220.KS,KRX,equity,356000.0,356500.0,356000.0,356500.0,87.0,356000.0,356500.0,,,,,10.0,,,,
2026-09-30T23:44:00+00:00,051910.KS,KRX,equity,252000.0,252000.0,251500.0,251500.0,3.0,251500.0,252000.0,,,,,3.0,,,,
2026-09-30T23:44:00+00:00,032830.KS,KRX,equity,283000.0,283000.0,283000.0,283000.0,7.0,282500.0,283000.0,,,,,3.0,,,,
2026-09-30T23:44:00+00:00,086790.KS,KRX,equity,129800.0,129800.0,129600.0,129600.0,934.0,129500.0,129600.0,,,,,13.0,,,,
2026-09-30T23:44:00+00:00,128940.KS,KRX,equity,497000.0,497000.0,497000.0,497000.0,3.0,497000.0,497500.0,,,,,2.0,,,,
2026-09-30T23:45:00+00:00,BTC-USD,CRYPTO,crypto,83565.0,83565.1,83529.4,83529.4,3.223431,,,,,,,88.0,,,,
2026-09-30T23:45:00+00:00,ETH-USD,CRYPTO,crypto,2687.55,2687.55,2686.66,2686.66,6.41805823,,,,,,,21.0,,,,
2026-09-30T23:45:00+00:00,005930.KS,KRX,equity,268500.0,269000.0,268000.0,268500.0,102783.0,268000.0,268500.0,,,,,254.0,,,,
2026-09-30T23:45:00+00:00,005380.KS,KRX,equity,350500.0,351000.0,350500.0,350500.0,2326.0,350500.0,351000.0,,,,,59.0,,,,
2026-09-30T23:45:00+00:00,034020.KS,KRX,equity,84200.0,84300.0,84100.0,84100.0,9506.0,84100.0,84200.0,,,,,232.0,,,,
2026-09-30T23:45:00+00:00,012330.KS,KRX,equity,391500.0,391500.0,388000.0,388000.0,9863.0,388000.0,388500.0,,,,,124.0,,,,
2026-09-30T23:45:00+00:00,000660.KS,KRX,equity,1771000.0,1772000.0,1770000.0,1770000.0,927.0,1770000.0,1771000.0,,,,,90.0,,,,
2026-09-30T23:45:00+00:00,222800.KQ,KOSDAQ,equity,149600.0,149600.0,149500.0,149600.0,297.0,149500.0,149600.0,,,,,21.0,,,,
2026-09-30T23:45:00+00:00,000270.KS,KRX,equity,113900.0,114000.0,113900.0,113900.0,743.0,113800.0,114000.0,,,,,5.0,,,,
2026-09-30T23:45:00+00:00,006400.KS,KRX,equity,512000.0,512000.0,512000.0,512000.0,99.0,512000.0,513000.0,,,,,20.0,,,,
2026-09-30T23:45:00+00:00,012450.KS,KRX,equity,1023000.0,1031000.0,1023000.0,1029000.0,1984.0,1028000.0,1031000.0,,,,,48.0,,,,
2026-09-30T23:45:00+00:00,032830.KS,KRX,equity,283000.0,283000.0,283000.0,283000.0,7.0,282500.0,283000.0,,,,,5.0,,,,
2026-09-30T23:45:00+00:00,128940.KS,KRX,equity,497500.0,497500.0,497500.0,497500.0,2.0,497500.0,498000.0,,,,,2.0,,,,
2026-09-30T23:45:00+00:00,108490.KQ,KOSDAQ,equity,288000.0,288000.0,287500.0,288000.0,241.0,287500.0,288000.0,,,,,27.0,,,,
2026-09-30T23:45:00+00:00,009150.KS,KRX,equity,1502000.0,1502000.0,1501000.0,1502000.0,281.0,1502000.0,1503000.0,,,,,69.0,,,,
2026-09-30T23:45:00+00:00,007660.KS,KRX,equity,115400.0,115400.0,115300.0,115300.0,66.0,115300.0,115400.0,,,,,10.0,,,,
2026-09-30T23:45:00+00:00,028260.KS,KRX,equity,342000.0,342500.0,342000.0,342500.0,90.0,342000.0,342500.0,,,,,8.0,,,,
2026-09-30T23:45:00+00:00,052690.KS,KRX,equity,128800.0,128800.0,128600.0,128700.0,924.0,128600.0,128700.0,,,,,69.0,,,,
2026-09-30T23:45:00+00:00,003670.KS,KRX,equity,179300.0,179300.0,179200.0,179300.0,81.0,179200.0,179300.0,,,,,5.0,,,,
2026-09-30T23:45:00+00:00,000150.KS,KRX,equity,1411000.0,1412000.0,1410000.0,1410000.0,83.0,1410000.0,1411000.0,,,,,19.0,,,,
2026-09-30T23:45:00+00:00,005490.KS,KRX,equity,311000.0,311500.0,310500.0,311000.0,118.0,310500.0,311000.0,,,,,24.0,,,,
2026-09-30T23:45:00+00:00,278470.KS,KRX,equity,366000.0,366500.0,366000.0,366500.0,51.0,365500.0,366500.0,,,,,3.0,,,,
2026-09-30T23:45:00+00:00,058470.KQ,KOSDAQ,equity,74100.0,74200.0,74100.0,74100.0,424.0,74100.0,74200.0,,,,,20.0,,,,
2026-09-30T23:45:00+00:00,000720.KS,KRX,equity,121700.0,121700.0,121300.0,121300.0,3341.0,121300.0,121400.0,,,,,57.0,,,,
2026-09-30T23:45:00+00:00,042660.KS,KRX,equity,79200.0,79200.0,79200.0,79200.0,87.0,79100.0,79200.0,,,,,17.0,,,,
2026-09-30T23:44:00+00:00,AAPL,US,equity,334.56,334.56,334.3243,334.33,0.0,,,,,,,,,,,
2026-09-30T23:45:00+00:00,AAPL,US,equity,334.5,334.5,334.29,334.4,0.0,,,,,,,,,,,
2026-09-30T23:45:00+00:00,MSFT,US,equity,514.7113,514.7113,514.54,514.7113,0.0,,,,,,,,,,,
2026-09-30T23:45:00+00:00,NVDA,US,equity,229.7687,229.7699,229.72,229.7492,0.0,,,,,,,,,,,
2026-09-30T23:45:00+00:00,AMZN,US,equity,250.0,250.0,249.831,249.831,0.0,,,,,,,,,,,
2026-09-30T23:45:00+00:00,GOOGL,US,equity,349.32,349.33,349.21,349.21,0.0,,,,,,,,,,,
2026-09-30T23:45:00+00:00,GOOG,US,equity,346.4493,346.4493,346.2,346.35,0.0,,,,,,,,,,,
2026-09-30T23:44:00+00:00,TSLA,US,equity,354.88,354.9621,354.8,354.88,0.0,,,,,,,,,,,
2026-09-30T23:45:00+00:00,TSLA,US,equity,354.88,354.95,354.85,354.85,0.0,,,,,,,,,,,
2026-09-30T23:45:00+00:00,AVGO,US,equity,353.48,353.48,353.08,353.08,0.0,,,,,,,,,,,
2026-09-30T23:41:00+00:00,COST,US,equity,912.0,912.3,912.0,912.3,0.0,,,,,,,,,,,
2026-09-30T23:45:00+00:00,COST,US,equity,912.268,912.268,911.8,911.8,0.0,,,,,,,,,,,
2026-09-30T23:45:00+00:00,NFLX,US,equity,69.99,69.99,69.918,69.918,0.0,,,,,,,,,,,
2026-09-30T23:45:00+00:00,AMD,US,equity,613.85,613.85,613.2,613.2,0.0,,,,,,,,,,,
2026-09-30T23:45:00+00:00,INTC,US,equity,120.41,120.47,120.3908,120.43,0.0,,,,,,,,,,,
2026-09-30T23:44:00+00:00,QCOM,US,equity,184.2,184.2,184.2,184.2,0.0,,,,,,,,,,,
2026-09-30T23:45:00+00:00,QCOM,US,equity,184.2558,184.49,184.2558,184.49,0.0,,,,,,,,,,,
2026-09-30T23:41:00+00:00,CSCO,US,equity,107.5415,107.7,107.5415,107.7,0.0,,,,,,,,,,,
2026-09-30T23:45:00+00:00,CSCO,US,equity,107.68,107.68,107.68,107.68,0.0,,,,,,,,,,,
2026-09-30T23:43:00+00:00,ADBE,US,equity,239.3,239.3,239.3,239.3,0.0,,,,,,,,,,,
2026-09-30T23:45:15+00:00,ADBE,US,equity,239.98,239.98,239.98,239.98,0.0,,,,,,,,,,,
2026-09-30T23:42:00+00:00,TXN,US,equity,280.15,280.15,280.15,280.15,0.0,,,,,,,,,,,
2026-09-30T23:45:43+00:00,TXN,US,equity,282.29,282.29,282.29,282.29,0.0,,,,,,,,,,,
2026-09-30T23:45:00+00:00,AMAT,US,equity,515.49,515.8,515.0953,515.8,0.0,,,,,,,,,,,
2026-09-30T23:45:00+00:00,MU,US,equity,1067.7988,1068.58,1067.6765,1068.52,0.0,,,,,,,,,,,
2026-09-30T23:42:00+00:00,KLAC,US,equity,196.21,196.26,196.21,196.26,0.0,,,,,,,,,,,
2026-09-30T23:44:00+00:00,LRCX,US,equity,331.55,332.0,331.54,332.0,0.0,,,,,,,,,,,
2026-09-30T23:45:00+00:00,LRCX,US,equity,331.94,331.9453,331.94,331.9453,0.0,,,,,,,,,,,
2026-09-30T23:44:00+00:00,ASML,US,equity,1817.4,1817.4,1817.4,1817.4,0.0,,,,,,,,,,,
2026-09-30T23:42:00+00:00,PDD,US,equity,77.9952,77.9952,77.9952,77.9952,0.0,,,,,,,,,,,
2026-09-30T23:45:39+00:00,PDD,US,equity,77.8801,77.8801,77.8801,77.8801,0.0,,,,,,,,,,,
2026-09-30T23:44:00+00:00,INTU,US,equity,276.8,276.8,276.77,276.77,0.0,,,,,,,,,,,
2026-09-30T23:45:48+00:00,INTU,US,equity,275.4959,275.4959,275.4959,275.4959,0.0,,,,,,,,,,,
2026-09-30T23:30:00+00:00,VRTX,US,equity,522.81,522.81,522.81,522.81,0.0,,,,,,,,,,,
2026-09-30T23:45:19+00:00,VRTX,US,equity,525.0,525.0,525.0,525.0,0.0,,,,,,,,,,,
2026-09-30T23:44:00+00:00,SBUX,US,equity,94.15,94.15,94.15,94.15,0.0,,,,,,,,,,,
2026-09-30T23:45:15+00:00,PANW,US,equity,398.48,398.48,398.48,398.48,0.0,,,,,,,,,,,
2026-09-30T23:38:00+00:00,HD,US,equity,284.9362,284.9362,284.9362,284.9362,0.0,,,,,,,,,,,
2026-09-30T23:45:47+00:00,HD,US,equity,284.919,284.919,284.919,284.919,0.0,,,,,,,,,,,
2026-09-30T23:42:00+00:00,MDB,US,equity,350.0,350.0,350.0,350.0,0.0,,,,,,,,,,,
2026-09-30T23:45:27+00:00,MDB,US,equity,349.9177,349.9177,349.9177,349.9177,0.0,,,,,,,,,,,
2026-09-30T23:43:00+00:00,PEP,US,equity,127.0,127.03,127.0,127.03,0.0,,,,,,,,,,,
2026-09-30T23:45:00+00:00,PEP,US,equity,127.0295,127.0295,127.0295,127.0295,0.0,,,,,,,,,,,
2026-09-30T23:31:00+00:00,MELI,US,equity,1731.0,1731.0,1731.0,1731.0,0.0,,,,,,,,,,,
2026-09-30T23:30:00+00:00,TEAM,US,equity,179.39,179.39,179.39,179.39,0.0,,,,,,,,,,,
2026-09-30T23:30:00+00:00,ROST,US,equity,233.4,233.4,233.4,233.4,0.0,,,,,,,,,,,
2026-09-30T23:30:02+00:00,ROST,US,equity,233.4,233.4,233.4,233.4,0.0,,,,,,,,,,,
2026-09-30T23:33:00+00:00,NXPI,US,equity,237.56,237.62,237.56,237.61,0.0,,,,,,,,,,,
2026-09-30T23:34:00+00:00,MCHP,US,equity,78.1578,78.1578,78.1578,78.1578,0.0,,,,,,,,,,,
2026-09-30T23:41:00+00:00,BAC,US,equity,54.61,54.61,54.61,54.61,0.0,,,,,,,,,,,
2026-09-30T23:45:00+00:00,BAC,US,equity,54.6231,54.6231,54.6231,54.6231,0.0,,,,,,,,,,,
2026-09-30T23:45:00+00:00,WMT,US,equity,104.9961,105.01,104.94,105.0007,0.0,,,,,,,,,,,
2026-09-30T23:30:00+00:00,UNH,US,equity,367.61,367.61,367.61,367.61,0.0,,,,,,,,,,,
2026-09-30T23:40:00+00:00,UNH,US,equity,367.7761,367.7899,367.7761,367.7899,0.0,,,,,,,,,,,
2026-09-30T23:45:46+00:00,UNH,US,equity,367.95,367.95,367.95,367.95,0.0,,,,,,,,,,,
2026-09-30T23:44:00+00:00,SPY,US,index_etf,765.4344,765.46,765.4344,765.44,0.0,,,,,,,,,,,
2026-09-30T23:45:00+00:00,QQQ,US,index_etf,742.9899,742.99,742.9199,742.9546,0.0,,,,,,,,,,,
2026-09-30T23:36:00+00:00,ES=F,CME,index_future,7739.5,7741.75,7739.5,7741.75,0.0,,,,,,,,,,,
2026-09-30T23:36:46+00:00,ES=F,CME,index_future,7741.25,7741.25,7741.25,7741.25,0.0,,,,,,,,,,,
2026-09-30T23:36:00+00:00,NQ=F,CME,index_future,30799.0,30814.5,30798.5,30810.75,0.0,,,,,,,,,,,
2026-09-30T23:36:46+00:00,NQ=F,CME,index_future,30808.25,30808.25,30808.25,30808.25,0.0,,,,,,,,,,,
2026-09-30T23:35:00+00:00,GC=F,COMEX,commodity_future,4183.7998046875,4184.2001953125,4183.7998046875,4184.2001953125,3.0,,,,,,,,,,,
2026-09-30T23:36:00+00:00,GC=F,COMEX,commodity_future,4184.10009765625,4185.10009765625,4184.10009765625,4185.10009765625,0.0,,,,,,,,,,,
2026-09-30T23:36:38+00:00,GC=F,COMEX,commodity_future,4185.10009765625,4185.10009765625,4185.10009765625,4185.10009765625,0.0,,,,,,,,,,,
2026-09-30T23:36:00+00:00,SI=F,COMEX,commodity_future,60.630001068115234,60.64500045776367,60.630001068115234,60.64500045776367,0.0,,,,,,,,,,,
2026-09-30T23:36:40+00:00,SI=F,COMEX,commodity_future,60.64500045776367,60.64500045776367,60.64500045776367,60.64500045776367,0.0,,,,,,,,,,,
2026-09-30T23:36:00+00:00,CL=F,NYMEX,commodity_future,90.08000183105467,90.08000183105467,90.05999755859375,90.05999755859375,0.0,,,,,,,,,,,
2026-09-30T23:36:40+00:00,CL=F,NYMEX,commodity_future,90.05999755859375,90.05999755859375,90.05999755859375,90.05999755859375,0.0,,,,,,,,,,,
2026-09-30T23:36:00+00:00,HG=F,COMEX,commodity_future,6.625999927520752,6.630499839782715,6.625999927520752,6.630499839782715,0.0,,,,,,,,,,,
2026-09-30T23:36:40+00:00,HG=F,COMEX,commodity_future,6.630000114440918,6.630000114440918,6.630000114440918,6.630000114440918,0.0,,,,,,,,,,,
2026-09-30T23:44:00+00:00,EURUSD=X,FX,currency,1.1332728862762451,1.1332728862762451,1.1332728862762451,1.1332728862762451,0.0,,,,,,,,,,,
2026-09-30T23:45:00+00:00,KRW=X,FX,currency,1357.4200439453125,1357.6300048828125,1356.1300048828125,1356.81005859375,0.0,,,,,,,,,,,
2026-09-30T23:45:00+00:00,JPY=X,FX,currency,157.47500610351562,157.48599243164062,157.468994140625,157.47000122070312,0.0,,,,,,,,,,,
2026-09-30T23:44:00+00:00,GBPUSD=X,FX,currency,1.326453447341919,1.326453447341919,1.326453447341919,1.326453447341919,0.0,,,,,,,,,,,
2026-09-30T23:26:00+00:00,TSM,US,equity,457.5,457.5,457.5,457.5,0.0,,,,,,,,,,,
2026-09-30T23:34:00+00:00,TSM,US,equity,457.5,457.5,457.5,457.5,0.0,,,,,,,,,,,
2026-09-30T23:38:00+00:00,TSM,US,equity,457.669,457.669,457.669,457.669,0.0,,,,,,,,,,,
2026-09-30T23:41:00+00:00,TSM,US,equity,457.69,457.69,457.69,457.69,0.0,,,,,,,,,,,
2026-09-30T23:42:06+00:00,TSM,US,equity,457.5,457.5,457.5,457.5,0.0,,,,,,,,,,,
2026-09-30T23:28:00+00:00,ABBV,US,equity,262.55,262.55,262.55,262.55,0.0,,,,,,,,,,,
2026-09-30T23:29:12+00:00,ABBV,US,equity,262.55,262.55,262.55,262.55,0.0,,,,,,,,,,,
2026-09-30T23:21:00+00:00,PFE,US,equity,28.61,28.61,28.61,28.61,0.0,,,,,,,,,,,
2026-09-30T23:26:00+00:00,PFE,US,equity,28.5862,28.5862,28.5862,28.5862,0.0,,,,,,,,,,,
2026-09-30T23:27:00+00:00,PFE,US,equity,28.58,28.58,28.58,28.58,0.0,,,,,,,,,,,
2026-09-30T23:32:00+00:00,PFE,US,equity,28.59,28.59,28.58,28.58,0.0,,,,,,,,,,,
2026-09-30T23:33:00+00:00,PFE,US,equity,28.58,28.58,28.58,28.58,0.0,,,,,,,,,,,
2026-09-30T23:34:10+00:00,PFE,US,equity,28.5819,28.5819,28.5819,28.5819,0.0,,,,,,,,,,,
2026-09-30T23:23:00+00:00,BA,US,equity,186.5472,186.5472,186.5472,186.5472,0.0,,,,,,,,,,,
2026-09-30T23:24:00+00:00,BA,US,equity,186.5376,186.5376,186.5376,186.5376,0.0,,,,,,,,,,,
2026-09-30T23:27:00+00:00,BA,US,equity,186.5423,186.5423,186.5423,186.5423,0.0,,,,,,,,,,,
2026-09-30T23:30:00+00:00,BA,US,equity,186.5,186.5,186.5,186.5,0.0,,,,,,,,,,,
2026-09-30T23:31:00+00:00,BA,US,equity,186.55,186.55,186.55,186.55,0.0,,,,,,,,,,,
2026-09-30T23:33:00+00:00,BA,US,equity,186.55,186.55,186.55,186.55,0.0,,,,,,,,,,,
2026-09-30T23:36:00+00:00,BA,US,equity,186.6,186.6,186.6,186.6,0.0,,,,,,,,,,,
2026-09-30T23:38:00+00:00,BA,US,equity,186.64,186.6401,186.64,186.6401,0.0,,,,,,,,,,,
2026-09-30T23:40:00+00:00,BA,US,equity,186.6761,186.6761,186.6761,186.6761,0.0,,,,,,,,,,,
2026-09-30T23:26:00+00:00,LMT,US,equity,509.52,509.52,509.52,509.52,0.0,,,,,,,,,,,
2026-09-30T23:26:09+00:00,LMT,US,equity,509.52,509.52,509.52,509.52,0.0,,,,,,,,,,,
2026-09-30T23:21:00+00:00,NKE,US,equity,35.4499,35.4499,35.4499,35.4499,0.0,,,,,,,,,,,
2026-09-30T23:22:00+00:00,NKE,US,equity,35.4299,35.4299,35.42,35.42,0.0,,,,,,,,,,,
2026-09-30T23:23:00+00:00,NKE,US,equity,35.42,35.42,35.42,35.42,0.0,,,,,,,,,,,
2026-09-30T23:25:00+00:00,NKE,US,equity,35.46,35.46,35.46,35.46,0.0,,,,,,,,,,,
2026-09-30T23:26:00+00:00,NKE,US,equity,35.48,35.48,35.4419,35.4419,0.0,,,,,,,,,,,
2026-09-30T23:27:00+00:00,NKE,US,equity,35.44,35.44,35.44,35.44,0.0,,,,,,,,,,,
2026-09-30T23:28:00+00:00,NKE,US,equity,35.44,35.44,35.44,35.44,0.0,,,,,,,,,,,
2026-09-30T23:29:00+00:00,NKE,US,equity,35.42,35.42,35.41,35.41,0.0,,,,,,,,,,,
2026-09-30T23:32:00+00:00,NKE,US,equity,35.4046,35.4046,35.4046,35.4046,0.0,,,,,,,,,,,
2026-09-30T23:33:00+00:00,NKE,US,equity,35.41,35.41,35.41,35.41,0.0,,,,,,,,,,,
2026-09-30T23:34:00+00:00,NKE,US,equity,35.4,35.4,35.4,35.4,0.0,,,,,,,,,,,
2026-09-30T23:35:00+00:00,NKE,US,equity,35.45,35.45,35.4,35.44,0.0,,,,,,,,,,,
2026-09-30T23:36:00+00:00,NKE,US,equity,35.4,35.42,35.4,35.4199,0.0,,,,,,,,,,,
2026-09-30T23:37:00+00:00,NKE,US,equity,35.41,35.41,35.41,35.41,0.0,,,,,,,,,,,
2026-09-30T23:38:00+00:00,NKE,US,equity,35.4559,35.4559,35.4533,35.4533,0.0,,,,,,,,,,,
2026-09-30T23:39:00+00:00,NKE,US,equity,35.44,35.44,35.44,35.44,0.0,,,,,,,,,,,
2026-09-30T23:40:00+00:00,NKE,US,equity,35.41,35.41,35.4085,35.4085,0.0,,,,,,,,,,,
2026-09-30T23:41:00+00:00,NKE,US,equity,35.41,35.45,35.4,35.45,0.0,,,,,,,,,,,
2026-09-30T23:42:00+00:00,NKE,US,equity,35.43,35.43,35.4,35.4,0.0,,,,,,,,,,,
2026-09-30T23:43:00+00:00,NKE,US,equity,35.4,35.4,35.4,35.4,0.0,,,,,,,,,,,
2026-09-30T23:44:00+00:00,NKE,US,equity,35.39,35.39,35.39,35.39,0.0,,,,,,,,,,,
2026-09-30T23:45:15+00:00,NKE,US,equity,35.38,35.38,35.38,35.38,0.0,,,,,,,,,,,
2026-09-30T23:25:00+00:00,TGT,US,equity,156.9953,156.9953,156.9953,156.9953,0.0,,,,,,,,,,,
2026-09-30T23:29:00+00:00,TGT,US,equity,156.75,156.75,156.75,156.75,0.0,,,,,,,,,,,
2026-09-30T23:33:00+00:00,TGT,US,equity,156.99,156.99,156.99,156.99,0.0,,,,,,,,,,,
2026-09-30T23:33:02+00:00,TGT,US,equity,156.99,156.99,156.99,156.99,0.0,,,,,,,,,,,
2026-09-30T23:46:00+00:00,BTC-USD,CRYPTO,crypto,83529.3,83529.3,83510.0,83527.3,1.85193199,,,,,,,56.0,,,,
2026-09-30T23:46:00+00:00,ETH-USD,CRYPTO,crypto,2686.59,2686.8,2686.29,2686.79,5.82020573,,,,,,,26.0,,,,
2026-09-30T23:46:00+00:00,AAPL,US,equity,334.4,334.5,334.3,334.3,0.0,,,,,,,,,,,
2026-09-30T23:46:00+00:00,MSFT,US,equity,514.54,514.9988,514.54,514.9246,0.0,,,,,,,,,,,
2026-09-30T23:46:00+00:00,NVDA,US,equity,229.7492,229.77,229.7207,229.7695,0.0,,,,,,,,,,,
2026-09-30T23:47:00+00:00,NVDA,US,equity,229.7695,229.77,229.74,229.7595,0.0,,,,,,,,,,,
2026-09-30T23:46:00+00:00,AMZN,US,equity,250.0,250.0,249.9,249.94,0.0,,,,,,,,,,,
2026-09-30T23:46:00+00:00,GOOGL,US,equity,349.33,349.33,349.26,349.26,0.0,,,,,,,,,,,
2026-09-30T23:46:00+00:00,GOOG,US,equity,346.2,346.35,346.02,346.35,0.0,,,,,,,,,,,
2026-09-30T23:46:00+00:00,TSLA,US,equity,354.85,354.99,354.85,354.8701,0.0,,,,,,,,,,,
2026-09-30T23:46:00+00:00,AVGO,US,equity,353.25,353.43,352.9821,353.43,0.0,,,,,,,,,,,
2026-09-30T23:47:00+00:00,AVGO,US,equity,353.02,353.19,352.9003,353.19,0.0,,,,,,,,,,,
2026-09-30T23:46:31+00:00,COST,US,equity,911.0415,911.0415,911.0415,911.0415,0.0,,,,,,,,,,,
2026-09-30T23:46:00+00:00,NFLX,US,equity,69.96,69.96,69.91,69.91,0.0,,,,,,,,,,,
2026-09-30T23:46:00+00:00,AMD,US,equity,613.7,613.9,613.0,613.75,0.0,,,,,,,,,,,
2026-09-30T23:47:00+00:00,AMD,US,equity,613.7605,613.9845,613.75,613.9,0.0,,,,,,,,,,,
2026-09-30T23:46:00+00:00,INTC,US,equity,120.4699,120.56,120.4408,120.55,0.0,,,,,,,,,,,
2026-09-30T23:46:00+00:00,QCOM,US,equity,184.56,184.56,184.56,184.56,0.0,,,,,,,,,,,
2026-09-30T23:46:12+00:00,CSCO,US,equity,107.71,107.71,107.71,107.71,0.0,,,,,,,,,,,
2026-09-30T23:45:00+00:00,ADBE,US,equity,239.98,239.98,239.98,239.98,0.0,,,,,,,,,,,
2026-09-30T23:46:51+00:00,ADBE,US,equity,239.99,239.99,239.99,239.99,0.0,,,,,,,,,,,
2026-09-30T23:45:00+00:00,TXN,US,equity,282.29,282.29,282.29,282.29,0.0,,,,,,,,,,,
2026-09-30T23:46:00+00:00,AMAT,US,equity,515.81,517.0,515.81,516.814,0.0,,,,,,,,,,,
2026-09-30T23:47:00+00:00,AMAT,US,equity,516.15,516.7,516.01,516.01,0.0,,,,,,,,,,,
2026-09-30T23:46:00+00:00,MU,US,equity,1068.5,1068.803,1068.14,1068.6,0.0,,,,,,,,,,,
2026-09-30T23:47:00+00:00,MU,US,equity,1068.6,1068.85,1068.5511,1068.8026,0.0,,,,,,,,,,,
2026-09-30T23:46:00+00:00,KLAC,US,equity,196.26,196.26,196.26,196.26,0.0,,,,,,,,,,,
2026-09-30T23:46:00+00:00,LRCX,US,equity,332.0,332.0,331.75,331.75,0.0,,,,,,,,,,,
2026-09-30T23:46:45+00:00,ASML,US,equity,1818.77,1818.77,1818.77,1818.77,0.0,,,,,,,,,,,
2026-09-30T23:45:00+00:00,INTU,US,equity,276.81,276.81,275.4959,275.4959,0.0,,,,,,,,,,,
2026-09-30T23:46:51+00:00,SBUX,US,equity,94.16,94.16,94.16,94.16,0.0,,,,,,,,,,,
2026-09-30T23:45:53+00:00,PYPL,US,equity,53.16,53.16,53.16,53.16,0.0,,,,,,,,,,,
2026-09-30T23:45:00+00:00,PANW,US,equity,398.47,398.48,398.47,398.48,0.0,,,,,,,,,,,
2026-09-30T23:45:00+00:00,HD,US,equity,284.919,284.919,284.919,284.919,0.0,,,,,,,,,,,
2026-09-30T23:46:00+00:00,PEP,US,equity,127.03,127.03,127.0196,127.0196,0.0,,,,,,,,,,,
2026-09-30T23:43:00+00:00,MCD,US,equity,231.3396,231.3396,231.3396,231.3396,0.0,,,,,,,,,,,
2026-09-30T23:42:00+00:00,LULU,US,equity,96.3887,96.3887,96.3887,96.3887,0.0,,,,,,,,,,,
2026-09-30T23:46:00+00:00,NXPI,US,equity,237.67,237.67,237.67,237.67,0.0,,,,,,,,,,,
2026-09-30T23:46:37+00:00,MCHP,US,equity,78.3,78.3,78.3,78.3,0.0,,,,,,,,,,,
2026-09-30T23:34:00+00:00,JPM,US,equity,331.36,331.36,331.36,331.36,0.0,,,,,,,,,,,
2026-09-30T23:46:02+00:00,BAC,US,equity,54.6398,54.6398,54.6398,54.6398,0.0,,,,,,,,,,,
2026-09-30T23:46:00+00:00,WMT,US,equity,104.9324,104.9324,104.9324,104.9324,0.0,,,,,,,,,,,
2026-09-30T23:47:00+00:00,WMT,US,equity,104.94,104.94,104.94,104.94,0.0,,,,,,,,,,,
2026-09-30T23:31:00+00:00,UNH,US,equity,367.65,367.65,367.65,367.65,0.0,,,,,,,,,,,
2026-09-30T23:46:00+00:00,SPY,US,index_etf,765.4289,765.4289,765.3844,765.3844,0.0,,,,,,,,,,,
2026-09-30T23:46:00+00:00,QQQ,US,index_etf,742.9275,742.95,742.88,742.88,0.0,,,,,,,,,,,
2026-09-30T23:37:00+00:00,ES=F,CME,index_future,7741.75,7743.0,7741.75,7742.75,0.0,,,,,,,,,,,
2026-09-30T23:37:56+00:00,ES=F,CME,index_future,7742.75,7742.75,7742.75,7742.75,0.0,,,,,,,,,,,
2026-09-30T23:37:00+00:00,NQ=F,CME,index_future,30811.75,30820.0,30811.75,30819.5,175.0,,,,,,,,,,,
2026-09-30T23:38:00+00:00,NQ=F,CME,index_future,30819.5,30830.0,30819.5,30826.0,0.0,,,,,,,,,,,
2026-09-30T23:38:03+00:00,NQ=F,CME,index_future,30822.5,30822.5,30822.5,30822.5,0.0,,,,,,,,,,,
2026-09-30T23:37:00+00:00,GC=F,COMEX,commodity_future,4185.60009765625,4185.7001953125,4185.0,4185.60009765625,25.0,,,,,,,,,,,
2026-09-30T23:38:00+00:00,GC=F,COMEX,commodity_future,4185.7001953125,4186.0,4185.2998046875,4186.0,0.0,,,,,,,,,,,
2026-09-30T23:38:01+00:00,GC=F,COMEX,commodity_future,4185.7001953125,4185.7001953125,4185.7001953125,4185.7001953125,0.0,,,,,,,,,,,
2026-09-30T23:37:00+00:00,SI=F,COMEX,commodity_future,60.65499877929688,60.66999816894531,60.65499877929688,60.66999816894531,0.0,,,,,,,,,,,
2026-09-30T23:37:48+00:00,SI=F,COMEX,commodity_future,60.66999816894531,60.66999816894531,60.66999816894531,60.66999816894531,0.0,,,,,,,,,,,
2026-09-30T23:37:00+00:00,CL=F,NYMEX,commodity_future,90.05000305175781,90.05000305175781,90.0199966430664,90.02999877929688,0.0,,,,,,,,,,,
2026-09-30T23:37:58+00:00,CL=F,NYMEX,commodity_future,90.02999877929688,90.02999877929688,90.02999877929688,90.02999877929688,0.0,,,,,,,,,,,
2026-09-30T23:37:00+00:00,HG=F,COMEX,commodity_future,6.629499912261963,6.630499839782715,6.629000186920166,6.630499839782715,0.0,,,,,,,,,,,
2026-09-30T23:37:48+00:00,HG=F,COMEX,commodity_future,6.630499839782715,6.630499839782715,6.630499839782715,6.630499839782715,0.0,,,,,,,,,,,
2026-09-30T23:45:00+00:00,EURUSD=X,FX,currency,1.1332728862762451,1.1332728862762451,1.1332728862762451,1.1332728862762451,0.0,,,,,,,,,,,
2026-09-30T23:46:00+00:00,EURUSD=X,FX,currency,1.1332728862762451,1.1332728862762451,1.1332728862762451,1.1332728862762451,0.0,,,,,,,,,,,
2026-09-30T23:46:00+00:00,KRW=X,FX,currency,1356.6099853515625,1356.7099609375,1356.1199951171875,1356.52001953125,0.0,,,,,,,,,,,
2026-09-30T23:47:00+00:00,KRW=X,FX,currency,1356.449951171875,1356.699951171875,1356.3800048828125,1356.68994140625,0.0,,,,,,,,,,,
2026-09-30T23:46:00+00:00,JPY=X,FX,currency,157.4720001220703,157.48300170898438,157.45899963378906,157.4810028076172,0.0,,,,,,,,,,,
2026-09-30T23:47:00+00:00,JPY=X,FX,currency,157.4709930419922,157.48500061035156,157.45799255371094,157.47000122070312,0.0,,,,,,,,,,,
2026-09-30T23:45:00+00:00,GBPUSD=X,FX,currency,1.32650625705719,1.32650625705719,1.32650625705719,1.32650625705719,0.0,,,,,,,,,,,
2026-09-30T23:46:00+00:00,GBPUSD=X,FX,currency,1.3264886140823364,1.3264886140823364,1.3264886140823364,1.3264886140823364,0.0,,,,,,,,,,,
2026-09-30T23:47:00+00:00,BTC-USD,CRYPTO,crypto,83527.3,83547.9,83512.0,83512.0,0.73479228,,,,,,,67.0,,,,
2026-09-30T23:47:00+00:00,ETH-USD,CRYPTO,crypto,2686.58,2686.85,2685.9,2685.9,10.02453052,,,,,,,25.0,,,,
2026-09-30T23:42:00+00:00,TSM,US,equity,457.5,457.5,457.5,457.5,0.0,,,,,,,,,,,
2026-09-30T23:31:00+00:00,PFE,US,equity,28.6171,28.6171,28.6171,28.6171,0.0,,,,,,,,,,,
2026-09-30T23:34:00+00:00,PFE,US,equity,28.5819,28.5819,28.5819,28.5819,0.0,,,,,,,,,,,
2026-09-30T23:28:00+00:00,CVS,US,equity,85.94,85.94,85.94,85.94,0.0,,,,,,,,,,,
2026-09-30T23:33:01+00:00,CVS,US,equity,85.93,85.93,85.93,85.93,0.0,,,,,,,,,,,
2026-09-30T23:46:33+00:00,BA,US,equity,186.65,186.65,186.65,186.65,0.0,,,,,,,,,,,
2026-09-30T23:31:00+00:00,NKE,US,equity,35.44,35.44,35.44,35.44,0.0,,,,,,,,,,,
2026-09-30T23:45:00+00:00,NKE,US,equity,35.38,35.38,35.38,35.38,0.0,,,,,,,,,,,
2026-09-30T23:30:00+00:00,LOW,US,equity,185.0,185.0,185.0,185.0,0.0,,,,,,,,,,,
2026-09-30T23:36:00+00:00,AXP,US,equity,304.4,304.4,304.4,304.4,0.0,,,,,,,,,,,
2026-09-30T23:36:31+00:00,AXP,US,equity,304.4,304.4,304.4,304.4,0.0,,,,,,,,,,,
2026-09-30T23:47:00+00:00,AAPL,US,equity,334.317,334.32,334.25,334.2998,0.0,,,,,,,,,,,
2026-09-30T23:47:00+00:00,MSFT,US,equity,514.92,514.92,514.5587,514.5587,0.0,,,,,,,,,,,
2026-09-30T23:48:00+00:00,MSFT,US,equity,514.9875,514.9875,514.9875,514.9875,0.0,,,,,,,,,,,
2026-09-30T23:47:00+00:00,AMZN,US,equity,250.0,250.0,249.831,249.9766,0.0,,,,,,,,,,,
2026-09-30T23:47:00+00:00,GOOGL,US,equity,349.26,349.26,348.29,348.9172,0.0,,,,,,,,,,,
2026-09-30T23:48:00+00:00,GOOGL,US,equity,348.83,349.19,348.6745,349.18,0.0,,,,,,,,,,,
2026-09-30T23:47:00+00:00,GOOG,US,equity,346.15,346.24,345.61,345.88,0.0,,,,,,,,,,,
2026-09-30T23:47:00+00:00,TSLA,US,equity,354.89,354.98,354.85,354.92,0.0,,,,,,,,,,,
2026-09-30T23:48:00+00:00,TSLA,US,equity,354.92,354.9599,354.85,354.9599,0.0,,,,,,,,,,,
2026-09-30T23:47:00+00:00,NFLX,US,equity,69.99,69.99,69.9,69.9842,0.0,,,,,,,,,,,
2026-09-30T23:48:00+00:00,AMD,US,equity,613.95,614.0,613.9,613.91,0.0,,,,,,,,,,,
2026-09-30T23:47:00+00:00,INTC,US,equity,120.51,120.601,120.5,120.6,0.0,,,,,,,,,,,
2026-09-30T23:48:00+00:00,INTC,US,equity,120.6292,120.64,120.5708,120.5992,0.0,,,,,,,,,,,
2026-09-30T23:47:00+00:00,QCOM,US,equity,184.49,184.49,184.49,184.49,0.0,,,,,,,,,,,
2026-09-30T23:47:33+00:00,TXN,US,equity,280.2522,280.2522,280.2522,280.2522,0.0,,,,,,,,,,,
2026-09-30T23:48:00+00:00,AMAT,US,equity,516.77,517.0,516.01,516.1118,0.0,,,,,,,,,,,
2026-09-30T23:48:00+00:00,MU,US,equity,1068.82,1069.0,1068.5,1068.5,0.0,,,,,,,,,,,
2026-09-30T23:47:40+00:00,KLAC,US,equity,196.26,196.26,196.26,196.26,0.0,,,,,,,,,,,
2026-09-30T23:47:00+00:00,LRCX,US,equity,330.72,331.25,330.72,331.25,0.0,,,,,,,,,,,
2026-09-30T23:46:00+00:00,ASML,US,equity,1818.77,1818.77,1818.77,1818.77,0.0,,,,,,,,,,,
2026-09-30T23:45:00+00:00,PDD,US,equity,77.8887,77.8887,77.8801,77.8801,0.0,,,,,,,,,,,
2026-09-30T23:47:00+00:00,PANW,US,equity,398.5731,398.5731,398.5731,398.5731,0.0,,,,,,,,,,,
2026-09-30T23:47:05+00:00,HD,US,equity,284.9305,284.9305,284.9305,284.9305,0.0,,,,,,,,,,,
2026-09-30T23:47:27+00:00,PEP,US,equity,126.96,126.96,126.96,126.96,0.0,,,,,,,,,,,
2026-09-30T23:47:55+00:00,MCD,US,equity,231.4021,231.4021,231.4021,231.4021,0.0,,,,,,,,,,,
2026-09-30T23:47:46+00:00,LULU,US,equity,96.389,96.389,96.389,96.389,0.0,,,,,,,,,,,
2026-09-30T23:47:39+00:00,NXPI,US,equity,237.61,237.61,237.61,237.61,0.0,,,,,,,,,,,
2026-09-30T23:46:00+00:00,BAC,US,equity,54.6398,54.6398,54.6398,54.6398,0.0,,,,,,,,,,,
2026-09-30T23:48:04+00:00,BAC,US,equity,54.6,54.6,54.6,54.6,0.0,,,,,,,,,,,
2026-09-30T23:48:00+00:00,WMT,US,equity,104.982,104.982,104.94,104.94,0.0,,,,,,,,,,,
2026-09-30T23:47:00+00:00,SPY,US,index_etf,765.39,765.41,765.39,765.41,0.0,,,,,,,,,,,
2026-09-30T23:47:00+00:00,QQQ,US,index_etf,742.82,742.8683,742.8,742.81,0.0,,,,,,,,,,,
2026-09-30T23:48:00+00:00,QQQ,US,index_etf,742.9,742.9236,742.8457,742.9236,0.0,,,,,,,,,,,
2026-09-30T23:38:00+00:00,ES=F,CME,index_future,7742.75,7744.0,7742.75,7743.75,593.0,,,,,,,,,,,
2026-09-30T23:39:00+00:00,ES=F,CME,index_future,7743.75,7743.75,7742.75,7742.75,0.0,,,,,,,,,,,
2026-09-30T23:39:05+00:00,ES=F,CME,index_future,7743.5,7743.5,7743.5,7743.5,0.0,,,,,,,,,,,
2026-09-30T23:39:00+00:00,NQ=F,CME,index_future,30826.75,30827.75,30819.75,30821.25,0.0,,,,,,,,,,,
2026-09-30T23:39:04+00:00,NQ=F,CME,index_future,30826.75,30826.75,30826.75,30826.75,0.0,,,,,,,,,,,
2026-09-30T23:39:00+00:00,GC=F,COMEX,commodity_future,4186.0,4186.0,4184.89990234375,4184.89990234375,0.0,,,,,,,,,,,
2026-09-30T23:38:00+00:00,SI=F,COMEX,commodity_future,60.65499877929688,60.66999816894531,60.65499877929688,60.66999816894531,0.0,,,,,,,,,,,
2026-09-30T23:38:46+00:00,SI=F,COMEX,commodity_future,60.66999816894531,60.66999816894531,60.66999816894531,60.66999816894531,0.0,,,,,,,,,,,
2026-09-30T23:38:00+00:00,CL=F,NYMEX,commodity_future,90.0199966430664,90.0199966430664,90.0199966430664,90.0199966430664,0.0,,,,,,,,,,,
2026-09-30T23:38:31+00:00,CL=F,NYMEX,commodity_future,90.0199966430664,90.0199966430664,90.0199966430664,90.0199966430664,0.0,,,,,,,,,,,
2026-09-30T23:38:00+00:00,HG=F,COMEX,commodity_future,6.630499839782715,6.631999969482422,6.630000114440918,6.631999969482422,0.0,,,,,,,,,,,
2026-09-30T23:38:47+00:00,HG=F,COMEX,commodity_future,6.631999969482422,6.631999969482422,6.631999969482422,6.631999969482422,0.0,,,,,,,,,,,
2026-09-30T23:47:00+00:00,EURUSD=X,FX,currency,1.1332728862762451,1.1332728862762451,1.1332728862762451,1.1332728862762451,0.0,,,,,,,,,,,
2026-09-30T23:48:00+00:00,KRW=X,FX,currency,1356.5400390625,1356.8900146484375,1356.510009765625,1356.72998046875,0.0,,,,,,,,,,,
2026-09-30T23:48:00+00:00,JPY=X,FX,currency,157.45899963378906,157.49099731445312,157.45599365234375,157.4669952392578,0.0,,,,,,,,,,,
2026-09-30T23:47:00+00:00,GBPUSD=X,FX,currency,1.32650625705719,1.32650625705719,1.32650625705719,1.32650625705719,0.0,,,,,,,,,,,
2026-09-30T23:48:00+00:00,BTC-USD,CRYPTO,crypto,83510.4,83512.8,83495.4,83512.8,0.33484134,,,,,,,63.0,,,,
2026-09-30T23:48:00+00:00,ETH-USD,CRYPTO,crypto,2685.89,2685.89,2685.09,2685.48,3.61122224,,,,,,,17.0,,,,
2026-09-30T23:30:00+00:00,TSM,US,equity,457.43,457.43,457.43,457.43,0.0,,,,,,,,,,,
2026-09-30T23:47:00+00:00,TSM,US,equity,457.5,457.5,457.5,457.5,0.0,,,,,,,,,,,
2026-09-30T23:47:23+00:00,NKE,US,equity,35.39,35.39,35.39,35.39,0.0,,,,,,,,,,,
2026-09-30T23:48:00+00:00,AAPL,US,equity,334.2012,334.25,334.2,334.2004,0.0,,,,,,,,,,,
2026-09-30T23:48:00+00:00,NVDA,US,equity,229.7595,229.76,229.7,229.7595,0.0,,,,,,,,,,,
2026-09-30T23:49:00+00:00,NVDA,US,equity,229.7595,229.76,229.73,229.7595,0.0,,,,,,,,,,,
2026-09-30T23:48:00+00:00,AMZN,US,equity,249.995,249.995,249.8988,249.9,0.0,,,,,,,,,,,
2026-09-30T23:49:00+00:00,AMZN,US,equity,249.9291,250.0,249.9291,249.99,0.0,,,,,,,,,,,
2026-09-30T23:49:00+00:00,GOOGL,US,equity,349.1842,349.39,349.16,349.28,0.0,,,,,,,,,,,
2026-09-30T23:48:00+00:00,GOOG,US,equity,345.88,346.16,345.88,346.12,0.0,,,,,,,,,,,
2026-09-30T23:49:00+00:00,GOOG,US,equity,346.1443,346.71,346.1443,346.5,0.0,,,,,,,,,,,
2026-09-30T23:49:00+00:00,TSLA,US,equity,354.94,354.94,354.85,354.87,0.0,,,,,,,,,,,
2026-09-30T23:48:00+00:00,AVGO,US,equity,352.9534,353.19,352.91,353.19,0.0,,,,,,,,,,,
2026-09-30T23:49:00+00:00,AVGO,US,equity,353.18,353.19,353.0,353.1899,0.0,,,,,,,,,,,
2026-09-30T23:48:00+00:00,NFLX,US,equity,69.92,69.99,69.92,69.99,0.0,,,,,,,,,,,
2026-09-30T23:49:00+00:00,NFLX,US,equity,69.99,69.99,69.95,69.95,0.0,,,,,,,,,,,
2026-09-30T23:49:00+00:00,AMD,US,equity,613.95,613.95,613.5,613.7,0.0,,,,,,,,,,,
2026-09-30T23:49:00+00:00,INTC,US,equity,120.6,120.6,120.47,120.4973,0.0,,,,,,,,,,,
2026-09-30T23:48:00+00:00,QCOM,US,equity,184.5042,184.5042,184.5042,184.5042,0.0,,,,,,,,,,,
2026-09-30T23:49:00+00:00,AMAT,US,equity,516.11,517.0,516.11,516.9268,0.0,,,,,,,,,,,
2026-09-30T23:49:00+00:00,MU,US,equity,1068.85,1068.95,1068.0,1068.4225,0.0,,,,,,,,,,,
2026-09-30T23:47:00+00:00,KLAC,US,equity,196.26,196.26,196.26,196.26,0.0,,,,,,,,,,,
2026-09-30T23:48:00+00:00,LRCX,US,equity,332.0,332.0,331.883,332.0,0.0,,,,,,,,,,,
2026-09-30T23:48:00+00:00,ASML,US,equity,1818.7656,1818.7656,1818.7656,1818.7656,0.0,,,,,,,,,,,
2026-09-30T23:42:00+00:00,BKNG,US,equity,163.68,163.68,163.07,163.49,0.0,,,,,,,,,,,
2026-09-30T23:48:10+00:00,PDD,US,equity,77.9416,77.9416,77.9416,77.9416,0.0,,,,,,,,,,,
2026-09-30T23:48:24+00:00,INTU,US,equity,276.81,276.81,276.81,276.81,0.0,,,,,,,,,,,
2026-09-30T23:41:00+00:00,AMGN,US,equity,425.28,425.28,423.62,423.62,0.0,,,,,,,,,,,
2026-09-30T23:46:00+00:00,SBUX,US,equity,94.15,94.16,94.15,94.16,0.0,,,,,,,,,,,
2026-09-30T23:48:00+00:00,PANW,US,equity,398.48,398.48,398.48,398.48,0.0,,,,,,,,,,,
2026-09-30T23:47:00+00:00,PEP,US,equity,126.96,126.96,126.96,126.96,0.0,,,,,,,,,,,
2026-09-30T23:31:00+00:00,CHTR,US,equity,111.5,111.5,111.5,111.5,0.0,,,,,,,,,,,
2026-09-30T23:27:00+00:00,IBM,US,equity,219.96,219.96,219.96,219.96,0.0,,,,,,,,,,,
2026-09-30T23:48:00+00:00,BAC,US,equity,54.6,54.6,54.6,54.6,0.0,,,,,,,,,,,
2026-09-30T23:48:50+00:00,SPY,US,index_etf,765.49,765.49,765.49,765.49,0.0,,,,,,,,,,,
2026-09-30T23:49:00+00:00,QQQ,US,index_etf,742.9097,742.9097,742.85,742.872,0.0,,,,,,,,,,,
2026-09-30T23:40:00+00:00,ES=F,CME,index_future,7742.75,7743.75,7742.75,7743.5,0.0,,,,,,,,,,,
2026-09-30T23:40:07+00:00,ES=F,CME,index_future,7743.5,7743.5,7743.5,7743.5,0.0,,,,,,,,,,,
2026-09-30T23:40:00+00:00,NQ=F,CME,index_future,30821.0,30828.0,30821.0,30826.75,0.0,,,,,,,,,,,
2026-09-30T23:40:10+00:00,NQ=F,CME,index_future,30827.0,30827.0,30827.0,30827.0,0.0,,,,,,,,,,,
2026-09-30T23:40:00+00:00,GC=F,COMEX,commodity_future,4185.0,4185.10009765625,4184.5,4184.89990234375,0.0,,,,,,,,,,,
2026-09-30T23:40:02+00:00,GC=F,COMEX,commodity_future,4184.60009765625,4184.60009765625,4184.60009765625,4184.60009765625,0.0,,,,,,,,,,,
2026-09-30T23:40:00+00:00,SI=F,COMEX,commodity_future,60.65499877929688,60.68000030517578,60.65499877929688,60.68000030517578,0.0,,,,,,,,,,,
2026-09-30T23:40:00+00:00,CL=F,NYMEX,commodity_future,90.0199966430664,90.0199966430664,90.0199966430664,90.0199966430664,0.0,,,,,,,,,,,
2026-09-30T23:39:00+00:00,HG=F,COMEX,commodity_future,6.631499767303467,6.631499767303467,6.631499767303467,6.631499767303467,0.0,,,,,,,,,,,
2026-09-30T23:39:37+00:00,HG=F,COMEX,commodity_future,6.631499767303467,6.631499767303467,6.631499767303467,6.631499767303467,0.0,,,,,,,,,,,
2026-09-30T23:48:00+00:00,EURUSD=X,FX,currency,1.1332728862762451,1.1332728862762451,1.1332728862762451,1.1332728862762451,0.0,,,,,,,,,,,
2026-09-30T23:49:00+00:00,KRW=X,FX,currency,1356.6300048828125,1356.81005859375,1356.5400390625,1356.760009765625,0.0,,,,,,,,,,,
2026-09-30T23:49:00+00:00,JPY=X,FX,currency,157.4600067138672,157.4720001220703,157.45599365234375,157.4600067138672,0.0,,,,,,,,,,,
2026-09-30T23:48:00+00:00,GBPUSD=X,FX,currency,1.326435923576355,1.326435923576355,1.326435923576355,1.326435923576355,0.0,,,,,,,,,,,
2026-09-30T23:49:00+00:00,BTC-USD,CRYPTO,crypto,83512.8,83530.4,83512.8,83528.0,0.70264084,,,,,,,64.0,,,,
2026-09-30T23:49:00+00:00,ETH-USD,CRYPTO,crypto,2685.88,2686.53,2685.87,2686.47,4.643663,,,,,,,22.0,,,,
2026-09-30T23:33:00+00:00,TSM,US,equity,457.6,457.6,457.6,457.6,0.0,,,,,,,,,,,
2026-09-30T23:48:00+00:00,TSM,US,equity,457.479,457.479,457.479,457.479,0.0,,,,,,,,,,,
2026-09-30T23:46:00+00:00,BA,US,equity,186.65,186.65,186.65,186.65,0.0,,,,,,,,,,,
2026-09-30T23:47:00+00:00,NKE,US,equity,35.3985,35.3985,35.39,35.39,0.0,,,,,,,,,,,
2026-09-30T23:49:00+00:00,NKE,US,equity,35.3908,35.3908,35.3908,35.3908,0.0,,,,,,,,,,,
2026-09-30T23:49:00+00:00,AAPL,US,equity,334.22,334.25,334.2112,334.2112,0.0,,,,,,,,,,,
2026-09-30T23:50:00+00:00,AAPL,US,equity,334.2887,334.29,334.2012,334.2297,0.0,,,,,,,,,,,
2026-09-30T23:49:00+00:00,MSFT,US,equity,514.9887,515.0,514.5501,514.6001,0.0,,,,,,,,,,,
2026-09-30T23:50:00+00:00,MSFT,US,equity,514.85,514.85,514.78,514.8159,0.0,,,,,,,,,,,
2026-09-30T23:50:00+00:00,NVDA,US,equity,229.7595,229.76,229.6912,229.7387,0.0,,,,,,,,,,,
2026-09-30T23:50:00+00:00,AMZN,US,equity,249.92,249.99,249.831,249.99,0.0,,,,,,,,,,,
2026-09-30T23:50:00+00:00,GOOGL,US,equity,349.28,349.39,349.2505,349.26,0.0,,,,,,,,,,,
2026-09-30T23:50:00+00:00,GOOG,US,equity,346.5,346.59,346.49,346.59,0.0,,,,,,,,,,,
2026-09-30T23:50:00+00:00,TSLA,US,equity,354.88,354.88,354.85,354.85,0.0,,,,,,,,,,,
2026-09-30T23:50:00+00:00,AVGO,US,equity,353.18,353.19,353.01,353.05,0.0,,,,,,,,,,,
2026-09-30T23:46:00+00:00,COST,US,equity,911.0415,911.0415,911.0415,911.0415,0.0,,,,,,,,,,,
2026-09-30T23:50:00+00:00,AMD,US,equity,613.852,613.9,613.7,613.8,0.0,,,,,,,,,,,
2026-09-30T23:50:00+00:00,INTC,US,equity,120.48,120.5,120.47,120.5,0.0,,,,,,,,,,,
2026-09-30T23:49:13+00:00,QCOM,US,equity,184.49,184.49,184.49,184.49,0.0,,,,,,,,,,,
2026-09-30T23:50:00+00:00,MU,US,equity,1068.2,1068.5,1067.9,1068.1501,0.0,,,,,,,,,,,
2026-09-30T23:49:57+00:00,KLAC,US,equity,195.95,195.95,195.95,195.95,0.0,,,,,,,,,,,
2026-09-30T23:49:00+00:00,LRCX,US,equity,331.7,331.7,331.7,331.7,0.0,,,,,,,,,,,
2026-09-30T23:50:00+00:00,LRCX,US,equity,331.7,331.7,331.7,331.7,0.0,,,,,,,,,,,
2026-09-30T23:50:02+00:00,ASML,US,equity,1817.22,1817.22,1817.22,1817.22,0.0,,,,,,,,,,,
2026-09-30T23:49:00+00:00,BKNG,US,equity,163.273,163.273,163.273,163.273,0.0,,,,,,,,,,,
2026-09-30T23:48:00+00:00,INTU,US,equity,275.22,276.81,275.22,276.81,0.0,,,,,,,,,,,
2026-09-30T23:50:07+00:00,AMGN,US,equity,423.17,423.17,423.17,423.17,0.0,,,,,,,,,,,
2026-09-30T23:49:35+00:00,SBUX,US,equity,94.1521,94.1521,94.1521,94.1521,0.0,,,,,,,,,,,
2026-09-30T23:45:00+00:00,PYPL,US,equity,53.3,53.44,53.16,53.16,0.0,,,,,,,,,,,
2026-09-30T23:49:52+00:00,PANW,US,equity,398.4104,398.4104,398.4104,398.4104,0.0,,,,,,,,,,,
2026-09-30T23:34:00+00:00,HD,US,equity,284.64,284.64,284.64,284.64,0.0,,,,,,,,,,,
2026-09-30T23:45:00+00:00,MDB,US,equity,349.9177,349.9177,349.9177,349.9177,0.0,,,,,,,,,,,
2026-09-30T23:49:00+00:00,PEP,US,equity,126.9983,126.9983,126.9983,126.9983,0.0,,,,,,,,,,,
2026-09-30T23:47:00+00:00,MCD,US,equity,231.4021,231.4021,231.4021,231.4021,0.0,,,,,,,,,,,
2026-09-30T23:49:00+00:00,MELI,US,equity,1728.7865,1728.7865,1728.7865,1728.7865,0.0,,,,,,,,,,,
2026-09-30T23:30:00+00:00,ORLY,US,equity,85.1054,85.3501,85.1054,85.3501,0.0,,,,,,,,,,,
2026-09-30T23:49:51+00:00,BAC,US,equity,54.6,54.6,54.6,54.6,0.0,,,,,,,,,,,
2026-09-30T23:49:00+00:00,WMT,US,equity,104.98,104.99,104.92,104.9836,0.0,,,,,,,,,,,
2026-09-30T23:50:00+00:00,WMT,US,equity,104.99,104.99,104.97,104.97,0.0,,,,,,,,,,,
2026-09-30T23:37:00+00:00,CAT,US,equity,814.39,814.39,814.39,814.39,0.0,,,,,,,,,,,
2026-09-30T23:37:35+00:00,CAT,US,equity,814.39,814.39,814.39,814.39,0.0,,,,,,,,,,,
2026-09-30T23:48:00+00:00,SPY,US,index_etf,765.45,765.49,765.45,765.49,0.0,,,,,,,,,,,
2026-09-30T23:50:00+00:00,SPY,US,index_etf,765.47,765.47,765.47,765.47,0.0,,,,,,,,,,,
2026-09-30T23:50:00+00:00,QQQ,US,index_etf,742.86,742.86,742.81,742.83,0.0,,,,,,,,,,,
2026-09-30T23:41:00+00:00,ES=F,CME,index_future,7743.5,7744.5,7743.25,7743.75,0.0,,,,,,,,,,,
2026-09-30T23:41:13+00:00,ES=F,CME,index_future,7743.75,7743.75,7743.75,7743.75,0.0,,,,,,,,,,,
2026-09-30T23:41:00+00:00,NQ=F,CME,index_future,30826.5,30834.25,30825.0,30830.75,0.0,,,,,,,,,,,
2026-09-30T23:41:12+00:00,NQ=F,CME,index_future,30827.5,30827.5,30827.5,30827.5,0.0,,,,,,,,,,,
2026-09-30T23:41:00+00:00,GC=F,COMEX,commodity_future,4185.2001953125,4185.7001953125,4185.2001953125,4185.7001953125,0.0,,,,,,,,,,,
2026-09-30T23:41:09+00:00,GC=F,COMEX,commodity_future,4185.7001953125,4185.7001953125,4185.7001953125,4185.7001953125,0.0,,,,,,,,,,,
2026-09-30T23:40:50+00:00,SI=F,COMEX,commodity_future,60.68000030517578,60.68000030517578,60.68000030517578,60.68000030517578,0.0,,,,,,,,,,,
2026-09-30T23:41:00+00:00,CL=F,NYMEX,commodity_future,90.02999877929688,90.02999877929688,89.97000122070312,89.97000122070312,0.0,,,,,,,,,,,
2026-09-30T23:41:05+00:00,CL=F,NYMEX,commodity_future,89.98999786376953,89.98999786376953,89.98999786376953,89.98999786376953,0.0,,,,,,,,,,,
2026-09-30T23:40:00+00:00,HG=F,COMEX,commodity_future,6.63100004196167,6.63100004196167,6.63100004196167,6.63100004196167,0.0,,,,,,,,,,,
2026-09-30T23:40:49+00:00,HG=F,COMEX,commodity_future,6.63100004196167,6.63100004196167,6.63100004196167,6.63100004196167,0.0,,,,,,,,,,,
2026-09-30T23:49:00+00:00,EURUSD=X,FX,currency,1.1332728862762451,1.1332728862762451,1.1332728862762451,1.1332728862762451,0.0,,,,,,,,,,,
2026-09-30T23:50:00+00:00,KRW=X,FX,currency,1356.5999755859375,1357.030029296875,1356.5799560546875,1356.75,0.0,,,,,,,,,,,
2026-09-30T23:50:00+00:00,JPY=X,FX,currency,157.46499633789062,157.47500610351562,157.4459991455078,157.45899963378906,0.0,,,,,,,,,,,
2026-09-30T23:49:00+00:00,GBPUSD=X,FX,currency,1.3264886140823364,1.3264886140823364,1.3264886140823364,1.3264886140823364,0.0,,,,,,,,,,,
2026-09-30T23:50:00+00:00,BTC-USD,CRYPTO,crypto,83527.9,83548.0,83502.9,83523.8,1.92108293,,,,,,,146.0,,,,
2026-09-30T23:50:00+00:00,ETH-USD,CRYPTO,crypto,2686.46,2686.46,2685.08,2685.08,1.10185535,,,,,,,28.0,,,,
2026-09-30T23:49:38+00:00,TSM,US,equity,457.48,457.48,457.48,457.48,0.0,,,,,,,,,,,
2026-09-30T23:33:00+00:00,CVS,US,equity,85.93,85.93,85.93,85.93,0.0,,,,,,,,,,,
2026-09-30T23:49:00+00:00,BA,US,equity,186.6423,186.6423,186.6,186.6,0.0,,,,,,,,,,,
2026-09-30T23:35:00+00:00,DUK,US,equity,114.01,114.01,114.01,114.01,0.0,,,,,,,,,,,
2026-09-30T23:51:00+00:00,BTC-USD,CRYPTO,crypto,83523.9,83591.9,83519.2,83548.1,1.08417125,,,,,,,125.0,,,,
2026-09-30T23:51:00+00:00,ETH-USD,CRYPTO,crypto,2685.09,2686.03,2684.75,2684.75,18.08507106,,,,,,,44.0,,,,
2026-09-30T23:51:00+00:00,AAPL,US,equity,334.25,334.29,334.2155,334.29,0.0,,,,,,,,,,,
2026-09-30T23:51:00+00:00,MSFT,US,equity,514.77,514.85,514.6563,514.747,0.0,,,,,,,,,,,
2026-09-30T23:51:00+00:00,NVDA,US,equity,229.7387,229.74,229.69,229.7387,0.0,,,,,,,,,,,
2026-09-30T23:51:00+00:00,AMZN,US,equity,249.977,250.0,249.977,249.98,0.0,,,,,,,,,,,
2026-09-30T23:51:00+00:00,GOOGL,US,equity,349.26,349.39,349.25,349.386,0.0,,,,,,,,,,,
2026-09-30T23:51:00+00:00,GOOG,US,equity,346.54,346.54,346.49,346.5,0.0,,,,,,,,,,,
2026-09-30T23:51:00+00:00,TSLA,US,equity,354.86,354.8892,354.85,354.8892,0.0,,,,,,,,,,,
2026-09-30T23:51:00+00:00,AVGO,US,equity,353.0464,353.1852,353.0,353.1852,0.0,,,,,,,,,,,
2026-09-30T23:50:18+00:00,COST,US,equity,912.425,912.425,912.425,912.425,0.0,,,,,,,,,,,
2026-09-30T23:50:00+00:00,NFLX,US,equity,69.9005,69.9475,69.9005,69.9256,0.0,,,,,,,,,,,
2026-09-30T23:51:00+00:00,AMD,US,equity,613.8988,613.9,613.565,613.838,0.0,,,,,,,,,,,
2026-09-30T23:51:00+00:00,INTC,US,equity,120.47,120.57,120.47,120.5,0.0,,,,,,,,,,,
2026-09-30T23:49:00+00:00,QCOM,US,equity,184.49,184.49,184.49,184.49,0.0,,,,,,,,,,,
2026-09-30T23:51:00+00:00,QCOM,US,equity,184.25,184.25,184.25,184.25,0.0,,,,,,,,,,,
2026-09-30T23:46:00+00:00,ADBE,US,equity,239.99,239.99,239.99,239.99,0.0,,,,,,,,,,,
2026-09-30T23:50:00+00:00,AMAT,US,equity,516.01,517.0,515.05,517.0,0.0,,,,,,,,,,,
2026-09-30T23:51:00+00:00,AMAT,US,equity,516.7,516.7664,516.7,516.7664,0.0,,,,,,,,,,,
2026-09-30T23:51:00+00:00,MU,US,equity,1068.15,1068.15,1067.5,1067.8,0.0,,,,,,,,,,,
2026-09-30T23:49:00+00:00,KLAC,US,equity,195.7,196.25,195.3234,195.95,0.0,,,,,,,,,,,
2026-09-30T23:51:00+00:00,LRCX,US,equity,331.65,331.65,331.4,331.4,0.0,,,,,,,,,,,
2026-09-30T23:50:00+00:00,ASML,US,equity,1817.22,1817.22,1817.22,1817.22,0.0,,,,,,,,,,,
2026-09-30T23:50:44+00:00,BKNG,US,equity,163.99,163.99,163.99,163.99,0.0,,,,,,,,,,,
2026-09-30T23:48:00+00:00,PDD,US,equity,77.9416,77.9416,77.9416,77.9416,0.0,,,,,,,,,,,
2026-09-30T23:51:12+00:00,INTU,US,equity,276.9677,276.9677,276.9677,276.9677,0.0,,,,,,,,,,,
2026-09-30T23:50:00+00:00,PYPL,US,equity,53.16,53.16,53.15,53.15,0.0,,,,,,,,,,,
2026-09-30T23:49:00+00:00,PANW,US,equity,398.4104,398.4104,398.4104,398.4104,0.0,,,,,,,,,,,
2026-09-30T23:35:00+00:00,HD,US,equity,284.75,284.75,284.75,284.75,0.0,,,,,,,,,,,
2026-09-30T23:51:00+00:00,MDB,US,equity,349.9638,349.9638,349.9,349.9019,0.0,,,,,,,,,,,
2026-09-30T23:50:00+00:00,PEP,US,equity,127.02,127.02,127.02,127.02,0.0,,,,,,,,,,,
2026-09-30T23:51:00+00:00,PEP,US,equity,127.02,127.02,127.02,127.02,0.0,,,,,,,,,,,
2026-09-30T23:50:58+00:00,MCD,US,equity,231.4205,231.4205,231.4205,231.4205,0.0,,,,,,,,,,,
2026-09-30T23:50:32+00:00,MELI,US,equity,1738.0753,1738.0753,1738.0753,1738.0753,0.0,,,,,,,,,,,
2026-09-30T23:41:00+00:00,FAST,US,equity,49.63,49.63,49.63,49.63,0.0,,,,,,,,,,,
2026-09-30T23:36:21+00:00,JPM,US,equity,331.51,331.51,331.51,331.51,0.0,,,,,,,,,,,
2026-09-30T23:51:00+00:00,WMT,US,equity,104.9562,104.9562,104.93,104.93,0.0,,,,,,,,,,,
2026-09-30T23:51:00+00:00,SPY,US,index_etf,765.49,765.49,765.49,765.49,0.0,,,,,,,,,,,
2026-09-30T23:51:00+00:00,QQQ,US,index_etf,742.81,742.9,742.81,742.84,0.0,,,,,,,,,,,
2026-09-30T23:42:00+00:00,ES=F,CME,index_future,7743.5,7743.75,7743.0,7743.25,0.0,,,,,,,,,,,
2026-09-30T23:42:16+00:00,ES=F,CME,index_future,7743.5,7743.5,7743.5,7743.5,0.0,,,,,,,,,,,
2026-09-30T23:42:00+00:00,NQ=F,CME,index_future,30830.5,30830.75,30825.25,30825.75,0.0,,,,,,,,,,,
2026-09-30T23:42:18+00:00,NQ=F,CME,index_future,30829.0,30829.0,30829.0,30829.0,0.0,,,,,,,,,,,
2026-09-30T23:42:00+00:00,GC=F,COMEX,commodity_future,4185.2998046875,4185.39990234375,4185.10009765625,4185.10009765625,0.0,,,,,,,,,,,
2026-09-30T23:42:03+00:00,GC=F,COMEX,commodity_future,4185.2998046875,4185.2998046875,4185.2998046875,4185.2998046875,0.0,,,,,,,,,,,
2026-09-30T23:42:00+00:00,CL=F,NYMEX,commodity_future,89.9800033569336,90.0,89.97000122070312,89.97000122070312,0.0,,,,,,,,,,,
2026-09-30T23:42:07+00:00,CL=F,NYMEX,commodity_future,89.98999786376953,89.98999786376953,89.98999786376953,89.98999786376953,0.0,,,,,,,,,,,
2026-09-30T23:50:00+00:00,EURUSD=X,FX,currency,1.1332728862762451,1.1332728862762451,1.1332728862762451,1.1332728862762451,0.0,,,,,,,,,,,
2026-09-30T23:51:00+00:00,KRW=X,FX,currency,1356.75,1357.0799560546875,1356.7099609375,1356.8399658203125,0.0,,,,,,,,,,,
2026-09-30T23:51:00+00:00,JPY=X,FX,currency,157.45700073242188,157.48199462890625,157.44700622558594,157.4810028076172,0.0,,,,,,,,,,,
2026-09-30T23:50:00+00:00,GBPUSD=X,FX,currency,1.326629400253296,1.326629400253296,1.326629400253296,1.326629400253296,0.0,,,,,,,,,,,
2026-09-30T23:50:18+00:00,BA,US,equity,186.6,186.6,186.6,186.6,0.0,,,,,,,,,,,
2026-09-30T23:50:16+00:00,DUK,US,equity,114.01,114.01,114.01,114.01,0.0,,,,,,,,,,,
2026-09-30T23:50:00+00:00,NKE,US,equity,35.39,35.4,35.39,35.4,0.0,,,,,,,,,,,
2026-09-30T23:52:00+00:00,BTC-USD,CRYPTO,crypto,83534.1,83561.6,83534.0,83550.0,0.84018936,,,,,,,86.0,,,,
2026-09-30T23:52:00+00:00,ETH-USD,CRYPTO,crypto,2684.79,2684.95,2684.11,2684.69,6.27775148,,,,,,,25.0,,,,
2026-09-30T23:52:00+00:00,AAPL,US,equity,334.28,334.4,334.26,334.4,0.0,,,,,,,,,,,
2026-09-30T23:52:00+00:00,MSFT,US,equity,514.7499,514.75,514.726,514.736,0.0,,,,,,,,,,,
2026-09-30T23:52:00+00:00,NVDA,US,equity,229.7387,229.7388,229.69,229.7387,0.0,,,,,,,,,,,
2026-09-30T23:52:00+00:00,GOOGL,US,equity,349.39,349.39,349.25,349.33,0.0,,,,,,,,,,,
2026-09-30T23:52:00+00:00,GOOG,US,equity,346.4915,346.74,346.4915,346.7,0.0,,,,,,,,,,,
2026-09-30T23:52:00+00:00,TSLA,US,equity,354.98,354.99,354.95,354.9523,0.0,,,,,,,,,,,
2026-09-30T23:52:00+00:00,AVGO,US,equity,353.1877,353.1897,353.1006,353.178,0.0,,,,,,,,,,,
2026-09-30T23:50:00+00:00,COST,US,equity,912.425,912.425,912.425,912.425,0.0,,,,,,,,,,,
2026-09-30T23:52:00+00:00,COST,US,equity,912.658,912.658,912.2,912.2,0.0,,,,,,,,,,,
2026-09-30T23:52:00+00:00,AMD,US,equity,613.84,613.9,613.5,613.9,0.0,,,,,,,,,,,
2026-09-30T23:52:00+00:00,INTC,US,equity,120.54,120.54,120.4708,120.5207,0.0,,,,,,,,,,,
2026-09-30T23:52:00+00:00,ADBE,US,equity,240.5,240.5,240.5,240.5,0.0,,,,,,,,,,,
2026-09-30T23:52:19+00:00,AMAT,US,equity,515.8,515.8,515.8,515.8,0.0,,,,,,,,,,,
2026-09-30T23:52:00+00:00,MU,US,equity,1067.5424,1068.2,1067.5,1068.15,0.0,,,,,,,,,,,
2026-09-30T23:51:52+00:00,KLAC,US,equity,195.2961,195.2961,195.2961,195.2961,0.0,,,,,,,,,,,
2026-09-30T23:52:00+00:00,LRCX,US,equity,331.65,331.65,331.6,331.65,0.0,,,,,,,,,,,
2026-09-30T23:51:00+00:00,ASML,US,equity,1818.48,1818.48,1818.48,1818.48,0.0,,,,,,,,,,,
2026-09-30T23:52:00+00:00,ASML,US,equity,1818.48,1818.48,1818.48,1818.48,0.0,,,,,,,,,,,
2026-09-30T23:51:49+00:00,PDD,US,equity,77.9765,77.9765,77.9765,77.9765,0.0,,,,,,,,,,,
2026-09-30T23:51:00+00:00,INTU,US,equity,277.0,277.0,276.9677,276.9677,0.0,,,,,,,,,,,
2026-09-30T23:52:00+00:00,INTU,US,equity,276.8156,276.8156,276.8156,276.8156,0.0,,,,,,,,,,,
2026-09-30T23:51:00+00:00,PYPL,US,equity,53.03,53.03,53.03,53.03,0.0,,,,,,,,,,,
2026-09-30T23:51:00+00:00,PANW,US,equity,398.4,398.48,398.4,398.48,0.0,,,,,,,,,,,
2026-09-30T23:40:00+00:00,KO,US,equity,86.2298,86.2299,86.2298,86.2299,0.0,,,,,,,,,,,
2026-09-30T23:40:46+00:00,KO,US,equity,86.2299,86.2299,86.2299,86.2299,0.0,,,,,,,,,,,
2026-09-30T23:52:00+00:00,PEP,US,equity,127.0195,127.0195,127.0185,127.0185,0.0,,,,,,,,,,,
2026-09-30T23:36:00+00:00,MCD,US,equity,231.2968,231.3,231.2968,231.3,0.0,,,,,,,,,,,
2026-09-30T23:50:00+00:00,MCD,US,equity,231.4083,231.4205,231.4083,231.4205,0.0,,,,,,,,,,,
2026-09-30T23:52:18+00:00,MCD,US,equity,231.381,231.381,231.381,231.381,0.0,,,,,,,,,,,
2026-09-30T23:52:05+00:00,FAST,US,equity,49.86,49.86,49.86,49.86,0.0,,,,,,,,,,,
2026-09-30T23:36:00+00:00,HON,US,equity,211.47,211.47,211.47,211.47,0.0,,,,,,,,,,,
2026-09-30T23:34:00+00:00,BAC,US,equity,54.4936,54.4936,54.485,54.485,0.0,,,,,,,,,,,
2026-09-30T23:52:00+00:00,WMT,US,equity,104.9877,104.9877,104.9139,104.95,0.0,,,,,,,,,,,
2026-09-30T23:52:00+00:00,SPY,US,index_etf,765.55,765.56,765.55,765.56,0.0,,,,,,,,,,,
2026-09-30T23:52:00+00:00,QQQ,US,index_etf,742.87,742.95,742.85,742.95,0.0,,,,,,,,,,,
2026-09-30T23:43:00+00:00,ES=F,CME,index_future,7743.25,7743.5,7743.0,7743.25,0.0,,,,,,,,,,,
2026-09-30T23:43:19+00:00,ES=F,CME,index_future,7743.0,7743.0,7743.0,7743.0,0.0,,,,,,,,,,,
2026-09-30T23:43:00+00:00,NQ=F,CME,index_future,30826.0,30830.0,30826.0,30828.75,0.0,,,,,,,,,,,
2026-09-30T23:43:18+00:00,NQ=F,CME,index_future,30826.25,30826.25,30826.25,30826.25,0.0,,,,,,,,,,,
2026-09-30T23:43:00+00:00,GC=F,COMEX,commodity_future,4185.10009765625,4185.10009765625,4185.0,4185.0,0.0,,,,,,,,,,,
2026-09-30T23:43:05+00:00,GC=F,COMEX,commodity_future,4185.10009765625,4185.10009765625,4185.10009765625,4185.10009765625,0.0,,,,,,,,,,,
2026-09-30T23:42:00+00:00,SI=F,COMEX,commodity_future,60.66999816894531,60.66999816894531,60.66999816894531,60.66999816894531,0.0,,,,,,,,,,,
2026-09-30T23:42:48+00:00,SI=F,COMEX,commodity_future,60.66999816894531,60.66999816894531,60.66999816894531,60.66999816894531,0.0,,,,,,,,,,,
2026-09-30T23:43:00+00:00,CL=F,NYMEX,commodity_future,89.98999786376953,89.98999786376953,89.9800033569336,89.98999786376953,0.0,,,,,,,,,,,
2026-09-30T23:43:14+00:00,CL=F,NYMEX,commodity_future,89.9800033569336,89.9800033569336,89.9800033569336,89.9800033569336,0.0,,,,,,,,,,,
2026-09-30T23:42:00+00:00,HG=F,COMEX,commodity_future,6.63100004196167,6.63100004196167,6.63100004196167,6.63100004196167,0.0,,,,,,,,,,,
2026-09-30T23:42:38+00:00,HG=F,COMEX,commodity_future,6.63100004196167,6.63100004196167,6.63100004196167,6.63100004196167,0.0,,,,,,,,,,,
2026-09-30T23:51:00+00:00,EURUSD=X,FX,currency,1.1332728862762451,1.1332728862762451,1.1332728862762451,1.1332728862762451,0.0,,,,,,,,,,,
2026-09-30T23:52:00+00:00,KRW=X,FX,currency,1356.93994140625,1357.1800537109375,1356.8299560546875,1357.0699462890625,0.0,,,,,,,,,,,
2026-09-30T23:52:00+00:00,JPY=X,FX,currency,157.4709930419922,157.50999450683594,157.4709930419922,157.49600219726562,0.0,,,,,,,,,,,
2026-09-30T23:51:00+00:00,GBPUSD=X,FX,currency,1.326470971107483,1.326470971107483,1.326470971107483,1.326470971107483,0.0,,,,,,,,,,,
2026-09-30T23:53:00+00:00,BTC-USD,CRYPTO,crypto,83550.2,83593.9,83550.2,83574.1,0.38839873,,,,,,,69.0,,,,
2026-09-30T23:53:00+00:00,ETH-USD,CRYPTO,crypto,2684.7,2685.37,2684.7,2684.78,1.12873643,,,,,,,21.0,,,,
2026-09-30T23:53:00+00:00,AAPL,US,equity,334.31,334.4,334.2686,334.3962,0.0,,,,,,,,,,,
2026-09-30T23:53:00+00:00,MSFT,US,equity,514.7497,514.85,514.69,514.85,0.0,,,,,,,,,,,
2026-09-30T23:53:00+00:00,NVDA,US,equity,229.7387,229.7388,229.69,229.7292,0.0,,,,,,,,,,,
2026-09-30T23:52:00+00:00,AMZN,US,equity,249.99,250.0,249.99,250.0,0.0,,,,,,,,,,,
2026-09-30T23:53:00+00:00,AMZN,US,equity,249.9902,250.0,249.9902,250.0,0.0,,,,,,,,,,,
2026-09-30T23:53:00+00:00,GOOGL,US,equity,349.32,349.3893,349.23,349.386,0.0,,,,,,,,,,,
2026-09-30T23:53:00+00:00,GOOG,US,equity,346.5246,346.64,346.5,346.56,0.0,,,,,,,,,,,
2026-09-30T23:38:00+00:00,CRM,US,equity,229.2153,229.2153,229.2153,229.2153,0.0,,,,,,,,,,,
2026-09-30T23:38:47+00:00,CRM,US,equity,229.2153,229.2153,229.2153,229.2153,0.0,,,,,,,,,,,
2026-09-30T23:53:00+00:00,TSLA,US,equity,354.98,354.99,354.95,354.99,0.0,,,,,,,,,,,
2026-09-30T23:53:00+00:00,AVGO,US,equity,353.0363,353.18,353.01,353.01,0.0,,,,,,,,,,,
2026-09-30T23:52:00+00:00,NFLX,US,equity,70.0,70.0,69.9317,69.935,0.0,,,,,,,,,,,
2026-09-30T23:53:00+00:00,NFLX,US,equity,69.93,70.0,69.93,69.99,0.0,,,,,,,,,,,
2026-09-30T23:53:00+00:00,AMD,US,equity,613.84,613.85,613.5,613.8,0.0,,,,,,,,,,,
2026-09-30T23:53:00+00:00,INTC,US,equity,120.5,120.5207,120.47,120.48,0.0,,,,,,,,,,,
2026-09-30T23:52:00+00:00,QCOM,US,equity,184.5,184.5,184.3,184.3,0.0,,,,,,,,,,,
2026-09-30T23:53:00+00:00,QCOM,US,equity,184.51,184.51,184.5,184.5,0.0,,,,,,,,,,,
2026-09-30T23:53:11+00:00,ADBE,US,equity,240.12,240.12,240.12,240.12,0.0,,,,,,,,,,,
2026-09-30T23:52:00+00:00,AMAT,US,equity,515.8,515.8,515.8,515.8,0.0,,,,,,,,,,,
2026-09-30T23:53:00+00:00,AMAT,US,equity,515.8,516.155,515.8,516.155,0.0,,,,,,,,,,,
2026-09-30T23:53:00+00:00,MU,US,equity,1068.2,1068.2,1067.02,1067.3,0.0,,,,,,,,,,,
2026-09-30T23:53:00+00:00,LRCX,US,equity,331.52,331.52,331.51,331.52,0.0,,,,,,,,,,,
2026-09-30T23:53:00+00:00,ASML,US,equity,1818.5684,1818.5684,1818.48,1818.48,0.0,,,,,,,,,,,
2026-09-30T23:51:00+00:00,PDD,US,equity,77.9765,77.9765,77.9765,77.9765,0.0,,,,,,,,,,,
2026-09-30T23:53:23+00:00,INTU,US,equity,276.742,276.742,276.742,276.742,0.0,,,,,,,,,,,
2026-09-30T23:52:35+00:00,PYPL,US,equity,53.0245,53.0245,53.0245,53.0245,0.0,,,,,,,,,,,
2026-09-30T23:52:00+00:00,PANW,US,equity,397.7972,398.5,397.7972,398.5,0.0,,,,,,,,,,,
2026-09-30T23:53:00+00:00,PANW,US,equity,398.4,398.4,398.4,398.4,0.0,,,,,,,,,,,
2026-09-30T23:36:00+00:00,HD,US,equity,284.79,284.79,284.79,284.79,0.0,,,,,,,,,,,
2026-09-30T23:52:42+00:00,MDB,US,equity,349.9482,349.9482,349.9482,349.9482,0.0,,,,,,,,,,,
2026-09-30T23:53:20+00:00,PEP,US,equity,127.0,127.0,127.0,127.0,0.0,,,,,,,,,,,
2026-09-30T23:41:00+00:00,MAR,US,equity,356.66,356.66,356.66,356.66,0.0,,,,,,,,,,,
2026-09-30T23:52:00+00:00,MCD,US,equity,231.381,231.381,231.381,231.381,0.0,,,,,,,,,,,
2026-09-30T23:47:00+00:00,LULU,US,equity,96.389,96.389,96.389,96.389,0.0,,,,,,,,,,,
2026-09-30T23:47:00+00:00,NXPI,US,equity,237.61,237.61,237.61,237.61,0.0,,,,,,,,,,,
2026-09-30T23:30:00+00:00,FANG,US,equity,183.81,183.81,183.81,183.81,0.0,,,,,,,,,,,
2026-09-30T23:36:00+00:00,JPM,US,equity,331.51,331.51,331.51,331.51,0.0,,,,,,,,,,,
2026-09-30T23:38:32+00:00,JPM,US,equity,331.31,331.31,331.31,331.31,0.0,,,,,,,,,,,
2026-09-30T23:53:00+00:00,WMT,US,equity,104.9176,104.9176,104.9176,104.9176,0.0,,,,,,,,,,,
2026-09-30T23:37:00+00:00,SPY,US,index_etf,765.38,765.38,765.37,765.37,0.0,,,,,,,,,,,
2026-09-30T23:53:00+00:00,SPY,US,index_etf,765.54,765.62,765.54,765.62,0.0,,,,,,,,,,,
2026-09-30T23:53:00+00:00,QQQ,US,index_etf,742.9438,742.97,742.8893,742.97,0.0,,,,,,,,,,,
2026-09-30T23:44:00+00:00,ES=F,CME,index_future,7743.25,7743.25,7743.0,7743.25,0.0,,,,,,,,,,,
2026-09-30T23:44:27+00:00,ES=F,CME,index_future,7743.0,7743.0,7743.0,7743.0,0.0,,,,,,,,,,,
2026-09-30T23:44:00+00:00,NQ=F,CME,index_future,30828.75,30829.0,30826.25,30828.0,0.0,,,,,,,,,,,
2026-09-30T23:44:27+00:00,NQ=F,CME,index_future,30826.25,30826.25,30826.25,30826.25,0.0,,,,,,,,,,,
2026-09-30T23:44:00+00:00,GC=F,COMEX,commodity_future,4185.2001953125,4185.2001953125,4185.2001953125,4185.2001953125,0.0,,,,,,,,,,,
2026-09-30T23:44:12+00:00,GC=F,COMEX,commodity_future,4185.2001953125,4185.2001953125,4185.2001953125,4185.2001953125,0.0,,,,,,,,,,,
2026-09-30T23:43:00+00:00,SI=F,COMEX,commodity_future,60.68000030517578,60.68000030517578,60.68000030517578,60.68000030517578,0.0,,,,,,,,,,,
2026-09-30T23:43:39+00:00,SI=F,COMEX,commodity_future,60.68000030517578,60.68000030517578,60.68000030517578,60.68000030517578,0.0,,,,,,,,,,,
2026-09-30T23:44:00+00:00,CL=F,NYMEX,commodity_future,89.9800033569336,89.9800033569336,89.94999694824219,89.9800033569336,0.0,,,,,,,,,,,
2026-09-30T23:44:04+00:00,CL=F,NYMEX,commodity_future,89.9800033569336,89.9800033569336,89.9800033569336,89.9800033569336,0.0,,,,,,,,,,,
2026-09-30T23:44:00+00:00,HG=F,COMEX,commodity_future,6.631499767303467,6.631499767303467,6.631499767303467,6.631499767303467,0.0,,,,,,,,,,,
2026-09-30T23:52:00+00:00,EURUSD=X,FX,currency,1.1330161094665527,1.1330161094665527,1.1330161094665527,1.1330161094665527,0.0,,,,,,,,,,,
2026-09-30T23:53:00+00:00,KRW=X,FX,currency,1356.9300537109375,1357.22998046875,1356.9200439453125,1356.93994140625,0.0,,,,,,,,,,,
2026-09-30T23:53:00+00:00,JPY=X,FX,currency,157.49600219726562,157.51199340820312,157.4759979248047,157.48500061035156,0.0,,,,,,,,,,,
2026-09-30T23:52:00+00:00,GBPUSD=X,FX,currency,1.326383113861084,1.326383113861084,1.326383113861084,1.326383113861084,0.0,,,,,,,,,,,
2026-09-30T23:50:00+00:00,BA,US,equity,186.6,186.6,186.6,186.6,0.0,,,,,,,,,,,
2026-09-30T23:53:00+00:00,BA,US,equity,186.6501,186.6501,186.6501,186.6501,0.0,,,,,,,,,,,
2026-09-30T23:52:00+00:00,NKE,US,equity,35.37,35.37,35.35,35.36,0.0,,,,,,,,,,,
2026-09-30T23:54:00+00:00,BTC-USD,CRYPTO,crypto,83574.0,83581.4,83547.8,83547.8,1.00803804,,,,,,,95.0,,,,
2026-09-30T23:54:00+00:00,ETH-USD,CRYPTO,crypto,2684.42,2684.42,2683.26,2683.26,3.3694036,,,,,,,17.0,,,,
2026-09-30T23:54:00+00:00,AAPL,US,equity,334.2732,334.54,334.2732,334.54,0.0,,,,,,,,,,,
2026-09-30T23:54:00+00:00,NVDA,US,equity,229.7292,229.74,229.7,229.7195,0.0,,,,,,,,,,,
2026-09-30T23:54:00+00:00,AMZN,US,equity,250.0,250.1,250.0,250.1,0.0,,,,,,,,,,,
2026-09-30T23:54:00+00:00,GOOGL,US,equity,349.35,349.4,349.2,349.2,0.0,,,,,,,,,,,
2026-09-30T23:54:00+00:00,GOOG,US,equity,346.51,346.59,346.4912,346.4912,0.0,,,,,,,,,,,
2026-09-30T23:54:00+00:00,TSLA,US,equity,354.99,355.0,354.9516,355.0,0.0,,,,,,,,,,,
2026-09-30T23:54:00+00:00,AVGO,US,equity,353.0363,353.3649,353.0363,353.18,0.0,,,,,,,,,,,
2026-09-30T23:53:45+00:00,COST,US,equity,911.35,911.35,911.35,911.35,0.0,,,,,,,,,,,
2026-09-30T23:54:00+00:00,NFLX,US,equity,69.98,70.0,69.94,69.99,0.0,,,,,,,,,,,
2026-09-30T23:54:00+00:00,AMD,US,equity,613.8,613.85,613.7,613.7,0.0,,,,,,,,,,,
2026-09-30T23:54:00+00:00,INTC,US,equity,120.49,120.5,120.42,120.48,0.0,,,,,,,,,,,
2026-09-30T23:54:00+00:00,QCOM,US,equity,184.54,184.55,184.5,184.5,0.0,,,,,,,,,,,
2026-09-30T23:54:00+00:00,AMAT,US,equity,516.67,517.0,516.67,517.0,0.0,,,,,,,,,,,
2026-09-30T23:54:00+00:00,MU,US,equity,1067.5,1068.0,1067.02,1067.66,0.0,,,,,,,,,,,
2026-09-30T23:54:00+00:00,LRCX,US,equity,331.53,331.97,331.53,331.97,0.0,,,,,,,,,,,
2026-09-30T23:54:09+00:00,ASML,US,equity,1818.48,1818.48,1818.48,1818.48,0.0,,,,,,,,,,,
2026-09-30T23:43:00+00:00,ADP,US,equity,258.23,258.23,258.23,258.23,0.0,,,,,,,,,,,
2026-09-30T23:54:27+00:00,ADP,US,equity,260.0,260.0,260.0,260.0,0.0,,,,,,,,,,,
2026-09-30T23:53:38+00:00,PDD,US,equity,78.1,78.1,78.1,78.1,0.0,,,,,,,,,,,
2026-09-30T23:49:00+00:00,SBUX,US,equity,94.1521,94.1521,94.1521,94.1521,0.0,,,,,,,,,,,
2026-09-30T23:52:00+00:00,PYPL,US,equity,53.0245,53.0245,53.0245,53.0245,0.0,,,,,,,,,,,
2026-09-30T23:54:28+00:00,PANW,US,equity,398.48,398.48,398.48,398.48,0.0,,,,,,,,,,,
2026-09-30T23:53:00+00:00,PEP,US,equity,127.0165,127.0165,127.0,127.0,0.0,,,,,,,,,,,
2026-09-30T23:50:00+00:00,MELI,US,equity,1738.0753,1738.0753,1738.0753,1738.0753,0.0,,,,,,,,,,,
2026-09-30T23:53:00+00:00,LULU,US,equity,96.39,96.39,96.39,96.39,0.0,,,,,,,,,,,
2026-09-30T23:32:00+00:00,PCAR,US,equity,109.7,109.7,109.7,109.7,0.0,,,,,,,,,,,
2026-09-30T23:54:14+00:00,NXPI,US,equity,238.0,238.0,238.0,238.0,0.0,,,,,,,,,,,
2026-09-30T23:54:00+00:00,WMT,US,equity,104.93,104.93,104.93,104.93,0.0,,,,,,,,,,,
2026-09-30T23:45:00+00:00,UNH,US,equity,367.95,367.95,367.95,367.95,0.0,,,,,,,,,,,
2026-09-30T23:39:00+00:00,SPY,US,index_etf,765.44,765.44,765.42,765.42,0.0,,,,,,,,,,,
2026-09-30T23:54:00+00:00,SPY,US,index_etf,765.63,765.63,765.5212,765.5212,0.0,,,,,,,,,,,
2026-09-30T23:54:00+00:00,QQQ,US,index_etf,742.96,742.9743,742.8597,742.9207,0.0,,,,,,,,,,,
2026-09-30T23:45:00+00:00,ES=F,CME,index_future,7743.25,7743.75,7742.75,7743.25,0.0,,,,,,,,,,,
2026-09-30T23:45:23+00:00,ES=F,CME,index_future,7743.0,7743.0,7743.0,7743.0,0.0,,,,,,,,,,,
2026-09-30T23:45:00+00:00,NQ=F,CME,index_future,30828.75,30829.5,30823.75,30826.25,0.0,,,,,,,,,,,
2026-09-30T23:45:30+00:00,NQ=F,CME,index_future,30825.0,30825.0,30825.0,30825.0,0.0,,,,,,,,,,,
2026-09-30T23:45:00+00:00,GC=F,COMEX,commodity_future,4185.2998046875,4186.0,4185.2001953125,4185.89990234375,0.0,,,,,,,,,,,
2026-09-30T23:45:24+00:00,GC=F,COMEX,commodity_future,4185.2001953125,4185.2001953125,4185.2001953125,4185.2001953125,0.0,,,,,,,,,,,
2026-09-30T23:45:00+00:00,SI=F,COMEX,commodity_future,60.685001373291016,60.71500015258789,60.685001373291016,60.71500015258789,0.0,,,,,,,,,,,
2026-09-30T23:45:08+00:00,SI=F,COMEX,commodity_future,60.709999084472656,60.709999084472656,60.709999084472656,60.709999084472656,0.0,,,,,,,,,,,
2026-09-30T23:45:00+00:00,CL=F,NYMEX,commodity_future,89.97000122070312,89.97000122070312,89.93000030517578,89.93000030517578,0.0,,,,,,,,,,,
2026-09-30T23:45:26+00:00,CL=F,NYMEX,commodity_future,89.94999694824219,89.94999694824219,89.94999694824219,89.94999694824219,0.0,,,,,,,,,,,
2026-09-30T23:45:00+00:00,HG=F,COMEX,commodity_future,6.631999969482422,6.631999969482422,6.631499767303467,6.631499767303467,0.0,,,,,,,,,,,
2026-09-30T23:45:01+00:00,HG=F,COMEX,commodity_future,6.631499767303467,6.631499767303467,6.631499767303467,6.631499767303467,0.0,,,,,,,,,,,
2026-09-30T23:53:00+00:00,EURUSD=X,FX,currency,1.133144497871399,1.133144497871399,1.133144497871399,1.133144497871399,0.0,,,,,,,,,,,
2026-09-30T23:54:00+00:00,KRW=X,FX,currency,1356.9300537109375,1357.6199951171875,1356.9200439453125,1357.280029296875,0.0,,,,,,,,,,,
2026-09-30T23:54:00+00:00,JPY=X,FX,currency,157.4759979248047,157.50999450683594,157.4759979248047,157.4980010986328,0.0,,,,,,,,,,,
2026-09-30T23:53:00+00:00,GBPUSD=X,FX,currency,1.3263654708862305,1.3263654708862305,1.3263654708862305,1.3263654708862305,0.0,,,,,,,,,,,
2026-09-30T23:22:00+00:00,MRK,US,equity,145.46,145.46,145.46,145.46,0.0,,,,,,,,,,,
2026-09-30T23:54:08+00:00,BA,US,equity,186.6794,186.6794,186.6794,186.6794,0.0,,,,,,,,,,,
2026-09-30T23:54:00+00:00,NKE,US,equity,35.3755,35.38,35.3669,35.3669,0.0,,,,,,,,,,,
2026-09-30T23:55:00+00:00,BTC-USD,CRYPTO,crypto,83547.8,83547.8,83537.2,83537.2,0.02185057,,,,,,,31.0,,,,
2026-09-30T23:55:00+00:00,ETH-USD,CRYPTO,crypto,2683.17,2683.18,2683.03,2683.03,1.5637429,,,,,,,16.0,,,,
2026-09-30T23:55:00+00:00,AAPL,US,equity,334.4951,334.4988,334.3,334.3232,0.0,,,,,,,,,,,
2026-09-30T23:56:00+00:00,AAPL,US,equity,334.3991,334.3991,334.32,334.32,0.0,,,,,,,,,,,
2026-09-30T23:54:00+00:00,MSFT,US,equity,514.97,514.97,514.8,514.95,0.0,,,,,,,,,,,
2026-09-30T23:55:00+00:00,MSFT,US,equity,514.87,514.87,514.75,514.75,0.0,,,,,,,,,,,
2026-09-30T23:55:00+00:00,NVDA,US,equity,229.72,229.72,229.7,229.7195,0.0,,,,,,,,,,,
2026-09-30T23:56:00+00:00,NVDA,US,equity,229.7005,229.72,229.6577,229.66,0.0,,,,,,,,,,,
2026-09-30T23:55:00+00:00,AMZN,US,equity,250.1,250.1,250.05,250.0995,0.0,,,,,,,,,,,
2026-09-30T23:56:00+00:00,AMZN,US,equity,250.1,250.1233,250.07,250.07,0.0,,,,,,,,,,,
2026-09-30T23:55:00+00:00,GOOGL,US,equity,349.19,349.3,349.1801,349.24,0.0,,,,,,,,,,,
2026-09-30T23:56:00+00:00,GOOGL,US,equity,349.2873,349.3,349.1795,349.28,0.0,,,,,,,,,,,
2026-09-30T23:55:00+00:00,GOOG,US,equity,346.5323,346.5323,346.49,346.53,0.0,,,,,,,,,,,
2026-09-30T23:55:00+00:00,TSLA,US,equity,354.9909,354.991,354.95,354.99,0.0,,,,,,,,,,,
2026-09-30T23:56:00+00:00,TSLA,US,equity,354.98,355.0,354.98,354.992,0.0,,,,,,,,,,,
2026-09-30T23:55:00+00:00,AVGO,US,equity,353.3913,353.4237,353.1,353.13,0.0,,,,,,,,,,,
2026-09-30T23:56:00+00:00,AVGO,US,equity,353.09,353.09,352.93,352.9962,0.0,,,,,,,,,,,
2026-09-30T23:53:00+00:00,COST,US,equity,912.22,912.22,911.35,911.35,0.0,,,,,,,,,,,
2026-09-30T23:55:00+00:00,NFLX,US,equity,69.986,70.0,69.9408,70.0,0.0,,,,,,,,,,,
2026-09-30T23:56:00+00:00,NFLX,US,equity,69.9567,69.9882,69.9567,69.9882,0.0,,,,,,,,,,,
2026-09-30T23:55:00+00:00,AMD,US,equity,613.7,613.79,613.5449,613.79,0.0,,,,,,,,,,,
2026-09-30T23:56:00+00:00,AMD,US,equity,613.77,613.79,613.65,613.65,0.0,,,,,,,,,,,
2026-09-30T23:55:00+00:00,INTC,US,equity,120.48,120.53,120.48,120.52,0.0,,,,,,,,,,,
2026-09-30T23:56:00+00:00,INTC,US,equity,120.53,120.53,120.48,120.49,0.0,,,,,,,,,,,
2026-09-30T23:55:00+00:00,QCOM,US,equity,184.5,184.5,184.5,184.5,0.0,,,,,,,,,,,
2026-09-30T23:46:00+00:00,CSCO,US,equity,107.71,107.71,107.71,107.71,0.0,,,,,,,,,,,
2026-09-30T23:55:00+00:00,CSCO,US,equity,107.7,107.7,107.56,107.56,0.0,,,,,,,,,,,
2026-09-30T23:53:00+00:00,ADBE,US,equity,240.12,240.12,240.12,240.12,0.0,,,,,,,,,,,
2026-09-30T23:55:32+00:00,ADBE,US,equity,240.1,240.1,240.1,240.1,0.0,,,,,,,,,,,
2026-09-30T23:55:00+00:00,AMAT,US,equity,516.7833,516.7833,515.19,515.19,0.0,,,,,,,,,,,
2026-09-30T23:55:00+00:00,MU,US,equity,1067.49,1068.01,1067.02,1067.99,0.0,,,,,,,,,,,
2026-09-30T23:56:00+00:00,MU,US,equity,1067.84,1068.2,1067.5,1068.1757,0.0,,,,,,,,,,,
2026-09-30T23:51:00+00:00,KLAC,US,equity,196.3,196.3,195.2961,195.2961,0.0,,,,,,,,,,,
2026-09-30T23:55:00+00:00,KLAC,US,equity,195.4,195.4,195.4,195.4,0.0,,,,,,,,,,,
2026-09-30T23:55:00+00:00,LRCX,US,equity,331.9887,332.0,331.56,331.56,0.0,,,,,,,,,,,
2026-09-30T23:54:00+00:00,ASML,US,equity,1818.77,1818.77,1818.48,1818.48,0.0,,,,,,,,,,,
2026-09-30T23:56:00+00:00,ASML,US,equity,1818.12,1818.12,1818.12,1818.12,0.0,,,,,,,,,,,
2026-09-30T23:53:00+00:00,PDD,US,equity,78.04,78.21,78.02,78.1,0.0,,,,,,,,,,,
2026-09-30T23:55:47+00:00,PDD,US,equity,78.01,78.01,78.01,78.01,0.0,,,,,,,,,,,
2026-09-30T23:53:00+00:00,INTU,US,equity,276.8001,276.8001,276.742,276.742,0.0,,,,,,,,,,,
2026-09-30T23:55:50+00:00,INTU,US,equity,275.9099,275.9099,275.9099,275.9099,0.0,,,,,,,,,,,
2026-09-30T23:36:00+00:00,GILD,US,equity,149.58,149.59,149.58,149.59,0.0,,,,,,,,,,,
2026-09-30T23:54:34+00:00,SBUX,US,equity,94.16,94.16,94.16,94.16,0.0,,,,,,,,,,,
2026-09-30T23:55:49+00:00,PYPL,US,equity,53.4,53.4,53.4,53.4,0.0,,,,,,,,,,,
2026-09-30T23:54:00+00:00,PANW,US,equity,398.48,398.48,398.48,398.48,0.0,,,,,,,,,,,
2026-09-30T23:55:50+00:00,PANW,US,equity,398.6,398.6,398.6,398.6,0.0,,,,,,,,,,,
2026-09-30T23:52:00+00:00,MDB,US,equity,349.9,349.9949,349.9,349.9482,0.0,,,,,,,,,,,
2026-09-30T23:55:00+00:00,PEP,US,equity,127.02,127.02,127.02,127.02,0.0,,,,,,,,,,,
2026-09-30T23:56:00+00:00,PEP,US,equity,126.95,126.95,126.95,126.95,0.0,,,,,,,,,,,
2026-09-30T23:54:31+00:00,MCD,US,equity,231.3807,231.3807,231.3807,231.3807,0.0,,,,,,,,,,,
2026-09-30T23:54:55+00:00,MELI,US,equity,1735.7157,1735.7157,1735.7157,1735.7157,0.0,,,,,,,,,,,
2026-09-30T23:54:00+00:00,LULU,US,equity,96.25,96.31,96.24,96.24,0.0,,,,,,,,,,,
2026-09-30T23:55:00+00:00,LULU,US,equity,96.23,96.23,96.23,96.23,0.0,,,,,,,,,,,
2026-09-30T23:54:00+00:00,NXPI,US,equity,238.0,238.0,238.0,238.0,0.0,,,,,,,,,,,
2026-09-30T23:55:53+00:00,NXPI,US,equity,237.67,237.67,237.67,237.67,0.0,,,,,,,,,,,
2026-09-30T23:38:00+00:00,JPM,US,equity,331.31,331.31,331.31,331.31,0.0,,,,,,,,,,,
2026-09-30T23:42:04+00:00,JPM,US,equity,331.75,331.75,331.75,331.75,0.0,,,,,,,,,,,
2026-09-30T23:49:00+00:00,BAC,US,equity,54.6,54.6,54.6,54.6,0.0,,,,,,,,,,,
2026-09-30T23:55:34+00:00,BAC,US,equity,54.6,54.6,54.6,54.6,0.0,,,,,,,,,,,
2026-09-30T23:55:00+00:00,WMT,US,equity,104.96,104.99,104.9,104.9785,0.0,,,,,,,,,,,
2026-09-30T23:55:36+00:00,UNH,US,equity,367.8,367.8,367.8,367.8,0.0,,,,,,,,,,,
2026-09-30T23:55:50+00:00,SPY,US,index_etf,765.5297,765.5297,765.5297,765.5297,0.0,,,,,,,,,,,
2026-09-30T23:55:00+00:00,QQQ,US,index_etf,742.9,742.9785,742.888,742.8985,0.0,,,,,,,,,,,
2026-09-30T23:56:00+00:00,QQQ,US,index_etf,742.81,742.8512,742.7601,742.8306,0.0,,,,,,,,,,,
2026-09-30T23:46:00+00:00,ES=F,CME,index_future,7743.25,7743.25,7742.5,7742.75,104.0,,,,,,,,,,,
2026-09-30T23:47:00+00:00,ES=F,CME,index_future,7742.75,7743.0,7742.5,7743.0,0.0,,,,,,,,,,,
2026-09-30T23:47:06+00:00,ES=F,CME,index_future,7742.5,7742.5,7742.5,7742.5,0.0,,,,,,,,,,,
2026-09-30T23:46:00+00:00,NQ=F,CME,index_future,30823.75,30826.75,30820.25,30823.75,72.0,,,,,,,,,,,
2026-09-30T23:47:00+00:00,NQ=F,CME,index_future,30823.75,30823.75,30820.5,30822.75,0.0,,,,,,,,,,,
2026-09-30T23:47:07+00:00,NQ=F,CME,index_future,30822.0,30822.0,30822.0,30822.0,0.0,,,,,,,,,,,
2026-09-30T23:46:00+00:00,GC=F,COMEX,commodity_future,4185.89990234375,4185.89990234375,4185.2001953125,4185.5,0.0,,,,,,,,,,,
2026-09-30T23:46:58+00:00,GC=F,COMEX,commodity_future,4185.5,4185.5,4185.5,4185.5,0.0,,,,,,,,,,,
2026-09-30T23:46:00+00:00,SI=F,COMEX,commodity_future,60.69499969482422,60.69499969482422,60.69499969482422,60.69499969482422,1.0,,,,,,,,,,,
2026-09-30T23:47:00+00:00,SI=F,COMEX,commodity_future,60.70000076293945,60.70000076293945,60.70000076293945,60.70000076293945,0.0,,,,,,,,,,,
2026-09-30T23:46:00+00:00,CL=F,NYMEX,commodity_future,89.93000030517578,89.93000030517578,89.87999725341797,89.87999725341797,66.0,,,,,,,,,,,
2026-09-30T23:47:00+00:00,CL=F,NYMEX,commodity_future,89.87000274658203,89.94000244140625,89.86000061035156,89.93000030517578,0.0,,,,,,,,,,,
2026-09-30T23:46:00+00:00,HG=F,COMEX,commodity_future,6.63100004196167,6.63100004196167,6.63100004196167,6.63100004196167,0.0,,,,,,,,,,,
2026-09-30T23:46:52+00:00,HG=F,COMEX,commodity_future,6.63100004196167,6.63100004196167,6.63100004196167,6.63100004196167,0.0,,,,,,,,,,,
2026-09-30T23:54:00+00:00,EURUSD=X,FX,currency,1.1330161094665527,1.1330161094665527,1.1330161094665527,1.1330161094665527,0.0,,,,,,,,,,,
2026-09-30T23:55:00+00:00,EURUSD=X,FX,currency,1.1328877210617063,1.1328877210617063,1.1328877210617063,1.1328877210617063,0.0,,,,,,,,,,,
2026-09-30T23:55:00+00:00,KRW=X,FX,currency,1357.5400390625,1357.8399658203125,1357.1800537109375,1357.3900146484375,0.0,,,,,,,,,,,
2026-09-30T23:56:00+00:00,KRW=X,FX,currency,1357.43994140625,1357.8900146484375,1357.25,1357.2900390625,0.0,,,,,,,,,,,
2026-09-30T23:55:00+00:00,JPY=X,FX,currency,157.50799560546875,157.5850067138672,157.4980010986328,157.5709991455078,0.0,,,,,,,,,,,
2026-09-30T23:56:00+00:00,JPY=X,FX,currency,157.58099365234375,157.58599853515625,157.54400634765625,157.5800018310547,0.0,,,,,,,,,,,
2026-09-30T23:54:00+00:00,GBPUSD=X,FX,currency,1.326277494430542,1.326277494430542,1.326277494430542,1.326277494430542,0.0,,,,,,,,,,,
2026-09-30T23:55:00+00:00,GBPUSD=X,FX,currency,1.326277494430542,1.326277494430542,1.326277494430542,1.326277494430542,0.0,,,,,,,,,,,
2026-09-30T23:56:00+00:00,BTC-USD,CRYPTO,crypto,83537.2,83537.5,83533.5,83537.4,0.22569068,,,,,,,46.0,,,,
2026-09-30T23:56:00+00:00,ETH-USD,CRYPTO,crypto,2683.02,2683.33,2683.02,2683.31,3.91234231,,,,,,,20.0,,,,
2026-09-30T23:54:00+00:00,BA,US,equity,186.674,186.6794,186.674,186.6794,0.0,,,,,,,,,,,
2026-09-30T23:55:00+00:00,BA,US,equity,186.6791,186.6791,186.6791,186.6791,0.0,,,,,,,,,,,
2026-09-30T23:55:00+00:00,NKE,US,equity,35.36,35.36,35.35,35.35,0.0,,,,,,,,,,,
2026-09-30T23:56:00+00:00,NKE,US,equity,35.36,35.39,35.35,35.39,0.0,,,,,,,,,,,
2026-09-30T23:57:00+00:00,AAPL,US,equity,334.45,334.45,334.255,334.32,0.0,,,,,,,,,,,
2026-09-30T23:56:00+00:00,MSFT,US,equity,514.75,514.8356,514.7,514.7,0.0,,,,,,,,,,,
2026-09-30T23:57:00+00:00,MSFT,US,equity,514.8,514.88,514.3925,514.4766,0.0,,,,,,,,,,,
2026-09-30T23:57:00+00:00,NVDA,US,equity,229.6988,229.7,229.65,229.6712,0.0,,,,,,,,,,,
2026-09-30T23:57:00+00:00,AMZN,US,equity,250.07,250.15,250.07,250.12,0.0,,,,,,,,,,,
2026-09-30T23:57:00+00:00,GOOGL,US,equity,349.183,349.3,349.183,349.25,0.0,,,,,,,,,,,
2026-09-30T23:56:00+00:00,GOOG,US,equity,346.49,346.5,346.49,346.49,0.0,,,,,,,,,,,
2026-09-30T23:57:00+00:00,GOOG,US,equity,346.5,346.5,346.495,346.495,0.0,,,,,,,,,,,
2026-09-30T23:57:00+00:00,TSLA,US,equity,354.991,355.0,354.99,354.9906,0.0,,,,,,,,,,,
2026-09-30T23:57:00+00:00,AVGO,US,equity,352.93,353.01,352.7662,352.962,0.0,,,,,,,,,,,
2026-09-30T23:56:49+00:00,COST,US,equity,912.34,912.34,912.34,912.34,0.0,,,,,,,,,,,
2026-09-30T23:57:00+00:00,AMD,US,equity,613.79,613.89,613.79,613.8433,0.0,,,,,,,,,,,
2026-09-30T23:57:00+00:00,INTC,US,equity,120.4885,120.53,120.48,120.51,0.0,,,,,,,,,,,
2026-09-30T23:56:00+00:00,QCOM,US,equity,184.2,184.2,184.2,184.2,0.0,,,,,,,,,,,
2026-09-30T23:57:00+00:00,QCOM,US,equity,184.29,184.29,184.29,184.29,0.0,,,,,,,,,,,
2026-09-30T23:56:29+00:00,CSCO,US,equity,107.7,107.7,107.7,107.7,0.0,,,,,,,,,,,
2026-09-30T23:56:00+00:00,AMAT,US,equity,517.0,517.0,517.0,517.0,0.0,,,,,,,,,,,
2026-09-30T23:57:00+00:00,AMAT,US,equity,516.0,516.0,516.0,516.0,0.0,,,,,,,,,,,
2026-09-30T23:57:00+00:00,MU,US,equity,1067.782,1069.0,1067.77,1069.0,0.0,,,,,,,,,,,
2026-09-30T23:56:46+00:00,KLAC,US,equity,196.42,196.42,196.42,196.42,0.0,,,,,,,,,,,
2026-09-30T23:56:00+00:00,LRCX,US,equity,331.57,331.9349,331.57,331.58,0.0,,,,,,,,,,,
2026-09-30T23:57:00+00:00,LRCX,US,equity,331.6421,331.6421,331.6,331.6,0.0,,,,,,,,,,,
2026-09-30T23:38:00+00:00,REGN,US,equity,750.7083,750.7083,750.7083,750.7083,0.0,,,,,,,,,,,
2026-09-30T23:55:00+00:00,PANW,US,equity,398.6,398.6,398.6,398.6,0.0,,,,,,,,,,,
2026-09-30T23:47:00+00:00,HD,US,equity,284.9305,284.9305,284.9305,284.9305,0.0,,,,,,,,,,,
2026-09-30T23:56:00+00:00,MDB,US,equity,349.9999,349.9999,349.2817,349.99,0.0,,,,,,,,,,,
2026-09-30T23:57:00+00:00,PEP,US,equity,126.95,126.95,126.88,126.95,0.0,,,,,,,,,,,
2026-09-30T23:54:00+00:00,MCD,US,equity,231.34,231.3807,231.34,231.3807,0.0,,,,,,,,,,,
2026-09-30T23:57:11+00:00,MCD,US,equity,231.39,231.39,231.39,231.39,0.0,,,,,,,,,,,
2026-09-30T23:56:00+00:00,LULU,US,equity,96.3718,96.3718,96.23,96.23,0.0,,,,,,,,,,,
2026-09-30T23:42:08+00:00,JPM,US,equity,331.8,331.8,331.8,331.8,0.0,,,,,,,,,,,
2026-09-30T23:56:00+00:00,WMT,US,equity,104.97,104.97,104.9699,104.9699,0.0,,,,,,,,,,,
2026-09-30T23:55:00+00:00,UNH,US,equity,367.9361,367.9361,367.8,367.8,0.0,,,,,,,,,,,
2026-09-30T23:46:00+00:00,GS,US,equity,902.5,902.5,902.5,902.5,0.0,,,,,,,,,,,
2026-09-30T23:55:00+00:00,SPY,US,index_etf,765.5416,765.5416,765.5297,765.5297,0.0,,,,,,,,,,,
2026-09-30T23:57:00+00:00,SPY,US,index_etf,765.5,765.5,765.5,765.5,0.0,,,,,,,,,,,
2026-09-30T23:57:00+00:00,QQQ,US,index_etf,742.76,742.82,742.71,742.79,0.0,,,,,,,,,,,
2026-09-30T23:48:00+00:00,ES=F,CME,index_future,7743.0,7743.75,7743.0,7743.25,0.0,,,,,,,,,,,
2026-09-30T23:48:09+00:00,ES=F,CME,index_future,7743.25,7743.25,7743.25,7743.25,0.0,,,,,,,,,,,
2026-09-30T23:48:00+00:00,NQ=F,CME,index_future,30823.25,30825.25,30822.25,30823.75,0.0,,,,,,,,,,,
2026-09-30T23:48:09+00:00,NQ=F,CME,index_future,30825.0,30825.0,30825.0,30825.0,0.0,,,,,,,,,,,
2026-09-30T23:47:00+00:00,GC=F,COMEX,commodity_future,4185.89990234375,4186.0,4185.5,4185.7001953125,0.0,,,,,,,,,,,
2026-09-30T23:47:57+00:00,GC=F,COMEX,commodity_future,4185.7001953125,4185.7001953125,4185.7001953125,4185.7001953125,0.0,,,,,,,,,,,
2026-09-30T23:47:59+00:00,SI=F,COMEX,commodity_future,60.70000076293945,60.70000076293945,60.70000076293945,60.70000076293945,0.0,,,,,,,,,,,
2026-09-30T23:48:00+00:00,CL=F,NYMEX,commodity_future,89.91000366210938,89.91999816894531,89.9000015258789,89.91000366210938,0.0,,,,,,,,,,,
2026-09-30T23:48:06+00:00,CL=F,NYMEX,commodity_future,89.91000366210938,89.91000366210938,89.91000366210938,89.91000366210938,0.0,,,,,,,,,,,
2026-09-30T23:47:00+00:00,HG=F,COMEX,commodity_future,6.631499767303467,6.631499767303467,6.631499767303467,6.631499767303467,0.0,,,,,,,,,,,
2026-09-30T23:56:00+00:00,EURUSD=X,FX,currency,1.1328877210617063,1.1328877210617063,1.1328877210617063,1.1328877210617063,0.0,,,,,,,,,,,
2026-09-30T23:57:00+00:00,KRW=X,FX,currency,1357.5799560546875,1358.0799560546875,1357.010009765625,1357.760009765625,0.0,,,,,,,,,,,
2026-09-30T23:57:00+00:00,JPY=X,FX,currency,157.56900024414062,157.58099365234375,157.54400634765625,157.56700134277344,0.0,,,,,,,,,,,
2026-09-30T23:56:00+00:00,GBPUSD=X,FX,currency,1.3262951374053955,1.3262951374053955,1.3262951374053955,1.3262951374053955,0.0,,,,,,,,,,,
2026-09-30T23:57:00+00:00,BTC-USD,CRYPTO,crypto,83537.5,83542.1,83520.1,83534.5,1.10454233,,,,,,,84.0,,,,
2026-09-30T23:57:00+00:00,ETH-USD,CRYPTO,crypto,2683.32,2683.62,2683.06,2683.49,11.80504466,,,,,,,24.0,,,,
2026-09-30T23:58:00+00:00,AAPL,US,equity,334.26,334.3999,334.26,334.3,0.0,,,,,,,,,,,
2026-09-30T23:58:00+00:00,MSFT,US,equity,514.7855,514.88,514.3812,514.88,0.0,,,,,,,,,,,
2026-09-30T23:58:00+00:00,NVDA,US,equity,229.6746,229.6967,229.6246,229.655,0.0,,,,,,,,,,,
2026-09-30T23:58:00+00:00,AMZN,US,equity,250.12,250.5,250.12,250.35,0.0,,,,,,,,,,,
2026-09-30T23:58:00+00:00,GOOGL,US,equity,349.25,349.47,349.1932,349.3076,0.0,,,,,,,,,,,
2026-09-30T23:58:00+00:00,GOOG,US,equity,346.45,346.5,346.4,346.4984,0.0,,,,,,,,,,,
2026-09-30T23:58:00+00:00,TSLA,US,equity,355.0,355.0,354.99,354.99,0.0,,,,,,,,,,,
2026-09-30T23:56:00+00:00,COST,US,equity,912.34,912.34,912.34,912.34,0.0,,,,,,,,,,,
2026-09-30T23:58:00+00:00,COST,US,equity,912.66,912.66,912.66,912.66,0.0,,,,,,,,,,,
2026-09-30T23:57:00+00:00,NFLX,US,equity,69.9781,69.99,69.93,69.93,0.0,,,,,,,,,,,
2026-09-30T23:58:00+00:00,NFLX,US,equity,69.9351,69.9393,69.9303,69.9393,0.0,,,,,,,,,,,
2026-09-30T23:58:00+00:00,AMD,US,equity,613.8487,613.85,613.79,613.79,0.0,,,,,,,,,,,
2026-09-30T23:58:00+00:00,INTC,US,equity,120.51,120.51,120.46,120.468,0.0,,,,,,,,,,,
2026-09-30T23:58:00+00:00,QCOM,US,equity,184.4901,184.4901,184.4901,184.4901,0.0,,,,,,,,,,,
2026-09-30T23:55:00+00:00,ADBE,US,equity,240.1,240.1,240.1,240.1,0.0,,,,,,,,,,,
2026-09-30T23:58:05+00:00,AMAT,US,equity,516.0,516.0,516.0,516.0,0.0,,,,,,,,,,,
2026-09-30T23:58:00+00:00,MU,US,equity,1068.7,1069.0,1068.59,1068.8159,0.0,,,,,,,,,,,
2026-09-30T23:57:00+00:00,ASML,US,equity,1818.2207,1818.77,1818.2207,1818.7632,0.0,,,,,,,,,,,
2026-09-30T23:45:00+00:00,VRTX,US,equity,525.0,525.0,525.0,525.0,0.0,,,,,,,,,,,
2026-09-30T23:55:00+00:00,PYPL,US,equity,53.4,53.4,53.4,53.4,0.0,,,,,,,,,,,
2026-09-30T23:57:00+00:00,PANW,US,equity,397.6737,397.6737,397.6737,397.6737,0.0,,,,,,,,,,,
2026-09-30T23:57:29+00:00,HD,US,equity,284.94,284.94,284.94,284.94,0.0,,,,,,,,,,,
2026-09-30T23:57:00+00:00,MDB,US,equity,349.9,349.9,349.9,349.9,0.0,,,,,,,,,,,
2026-09-30T23:58:00+00:00,MDB,US,equity,349.2817,349.2817,349.2817,349.2817,0.0,,,,,,,,,,,
2026-09-30T23:42:00+00:00,KO,US,equity,86.23,86.23,86.23,86.23,0.0,,,,,,,,,,,
2026-09-30T23:57:16+00:00,KO,US,equity,86.2,86.2,86.2,86.2,0.0,,,,,,,,,,,
2026-09-30T23:58:00+00:00,PEP,US,equity,126.93,126.973,126.897,126.973,0.0,,,,,,,,,,,
2026-09-30T23:57:00+00:00,MCD,US,equity,231.39,231.39,231.39,231.39,0.0,,,,,,,,,,,
2026-09-30T23:58:00+00:00,MCD,US,equity,231.388,231.3885,231.3815,231.3815,0.0,,,,,,,,,,,
2026-09-30T23:54:00+00:00,MELI,US,equity,1735.7157,1735.7157,1735.7157,1735.7157,0.0,,,,,,,,,,,
2026-09-30T23:58:06+00:00,LULU,US,equity,96.3585,96.3585,96.3585,96.3585,0.0,,,,,,,,,,,
2026-09-30T23:39:00+00:00,KDP,US,equity,30.36,30.36,30.36,30.36,0.0,,,,,,,,,,,
2026-09-30T23:57:00+00:00,WMT,US,equity,104.94,104.99,104.94,104.99,0.0,,,,,,,,,,,
2026-09-30T23:42:00+00:00,UNH,US,equity,367.7922,367.8,367.7922,367.8,0.0,,,,,,,,,,,
2026-09-30T23:57:42+00:00,UNH,US,equity,367.92,367.92,367.92,367.92,0.0,,,,,,,,,,,
2026-09-30T23:57:56+00:00,GS,US,equity,902.5913,902.5913,902.5913,902.5913,0.0,,,,,,,,,,,
2026-09-30T23:58:03+00:00,SPY,US,index_etf,765.49,765.49,765.49,765.49,0.0,,,,,,,,,,,
2026-09-30T23:58:00+00:00,QQQ,US,index_etf,742.7193,742.809,742.7193,742.77,0.0,,,,,,,,,,,
2026-09-30T23:49:00+00:00,ES=F,CME,index_future,7743.25,7744.25,7743.0,7744.0,0.0,,,,,,,,,,,
2026-09-30T23:49:09+00:00,ES=F,CME,index_future,7743.25,7743.25,7743.25,7743.25,0.0,,,,,,,,,,,
2026-09-30T23:49:00+00:00,NQ=F,CME,index_future,30825.0,30825.5,30821.25,30824.0,0.0,,,,,,,,,,,
2026-09-30T23:49:11+00:00,NQ=F,CME,index_future,30822.25,30822.25,30822.25,30822.25,0.0,,,,,,,,,,,
2026-09-30T23:48:00+00:00,GC=F,COMEX,commodity_future,4185.89990234375,4186.0,4185.7001953125,4185.7998046875,8.0,,,,,,,,,,,
2026-09-30T23:49:00+00:00,GC=F,COMEX,commodity_future,4186.0,4186.2998046875,4185.89990234375,4186.2998046875,0.0,,,,,,,,,,,
2026-09-30T23:49:06+00:00,GC=F,COMEX,commodity_future,4185.89990234375,4185.89990234375,4185.89990234375,4185.89990234375,0.0,,,,,,,,,,,
2026-09-30T23:49:00+00:00,CL=F,NYMEX,commodity_future,89.91999816894531,89.94000244140625,89.91999816894531,89.94000244140625,0.0,,,,,,,,,,,
2026-09-30T23:49:02+00:00,CL=F,NYMEX,commodity_future,89.91999816894531,89.91999816894531,89.91999816894531,89.91999816894531,0.0,,,,,,,,,,,
2026-09-30T23:57:00+00:00,EURUSD=X,FX,currency,1.1330161094665527,1.1330161094665527,1.1330161094665527,1.1330161094665527,0.0,,,,,,,,,,,
2026-09-30T23:58:00+00:00,KRW=X,FX,currency,1357.449951171875,1357.8800048828125,1357.27001953125,1357.4300537109375,0.0,,,,,,,,,,,
2026-09-30T23:58:00+00:00,JPY=X,FX,currency,157.55799865722656,157.56900024414062,157.53399658203125,157.552001953125,0.0,,,,,,,,,,,
2026-09-30T23:57:00+00:00,GBPUSD=X,FX,currency,1.326383113861084,1.326383113861084,1.326383113861084,1.326383113861084,0.0,,,,,,,,,,,
2026-09-30T23:58:00+00:00,BTC-USD,CRYPTO,crypto,83534.5,83552.5,83534.5,83552.5,0.06513232,,,,,,,46.0,,,,
2026-09-30T23:58:00+00:00,ETH-USD,CRYPTO,crypto,2683.48,2683.97,2683.23,2683.97,10.94902787,,,,,,,25.0,,,,
2026-09-30T23:49:00+00:00,TSM,US,equity,457.48,457.48,457.48,457.48,0.0,,,,,,,,,,,
2026-09-30T23:29:00+00:00,ABBV,US,equity,262.55,262.55,262.55,262.55,0.0,,,,,,,,,,,
2026-09-30T23:57:59+00:00,BA,US,equity,186.6801,186.6801,186.6801,186.6801,0.0,,,,,,,,,,,
2026-09-30T23:57:00+00:00,NKE,US,equity,35.3838,35.3838,35.3669,35.3669,0.0,,,,,,,,,,,
2026-09-30T23:58:00+00:00,NKE,US,equity,35.36,35.36,35.35,35.36,0.0,,,,,,,,,,,
2026-09-30T23:59:00+00:00,BTC-USD,CRYPTO,crypto,83552.7,83573.0,83552.6,83564.7,0.35367439,,,,,,,49.0,,,,
2026-09-30T23:59:00+00:00,ETH-USD,CRYPTO,crypto,2683.98,2684.91,2683.98,2684.11,13.44469536,,,,,,,52.0,,,,
2026-09-30T23:58:00+00:00,AVGO,US,equity,353.01,353.01,352.7508,353.0,0.0,,,,,,,,,,,
2026-09-30T23:59:07+00:00,COST,US,equity,912.66,912.66,912.66,912.66,0.0,,,,,,,,,,,
2026-09-30T23:58:00+00:00,ADBE,US,equity,240.2,240.2,240.02,240.02,0.0,,,,,,,,,,,
2026-09-30T23:58:00+00:00,AMAT,US,equity,516.0,516.0,516.0,516.0,0.0,,,,,,,,,,,
2026-09-30T23:58:00+00:00,LRCX,US,equity,331.6704,331.95,331.6704,331.8,0.0,,,,,,,,,,,
2026-09-30T23:58:00+00:00,ASML,US,equity,1818.77,1818.77,1818.5,1818.75,0.0,,,,,,,,,,,
2026-09-30T23:50:00+00:00,BKNG,US,equity,163.99,163.99,163.99,163.99,0.0,,,,,,,,,,,
2026-09-30T23:55:00+00:00,PDD,US,equity,78.0,78.01,78.0,78.01,0.0,,,,,,,,,,,
2026-09-30T23:58:20+00:00,VRTX,US,equity,523.5,523.5,523.5,523.5,0.0,,,,,,,,,,,
2026-09-30T23:55:00+00:00,GILD,US,equity,150.0,150.0,150.0,150.0,0.0,,,,,,,,,,,
2026-09-30T23:58:36+00:00,PYPL,US,equity,53.2,53.2,53.2,53.2,0.0,,,,,,,,,,,
2026-09-30T23:47:19+00:00,JNJ,US,equity,265.09,265.09,265.09,265.09,0.0,,,,,,,,,,,
2026-09-30T23:57:00+00:00,KO,US,equity,86.2,86.2,86.2,86.2,0.0,,,,,,,,,,,
2026-09-30T23:58:06+00:00,TEAM,US,equity,179.5,179.5,179.5,179.5,0.0,,,,,,,,,,,
2026-09-30T23:56:53+00:00,ORLY,US,equity,85.68,85.68,85.68,85.68,0.0,,,,,,,,,,,
2026-09-30T23:53:01+00:00,HON,US,equity,211.1043,211.1043,211.1043,211.1043,0.0,,,,,,,,,,,
2026-09-30T23:49:22+00:00,IBM,US,equity,219.9,219.9,219.9,219.9,0.0,,,,,,,,,,,
2026-09-30T23:58:00+00:00,WMT,US,equity,104.95,104.95,104.95,104.95,0.0,,,,,,,,,,,
2026-09-30T23:35:00+00:00,CVX,US,equity,204.49,204.49,204.49,204.49,0.0,,,,,,,,,,,
2026-09-30T23:58:00+00:00,SPY,US,index_etf,765.49,765.49,765.49,765.49,0.0,,,,,,,,,,,
2026-09-30T23:50:00+00:00,ES=F,CME,index_future,7743.75,7743.75,7743.0,7743.5,0.0,,,,,,,,,,,
2026-09-30T23:50:12+00:00,ES=F,CME,index_future,7743.5,7743.5,7743.5,7743.5,0.0,,,,,,,,,,,
2026-09-30T23:50:00+00:00,NQ=F,CME,index_future,30821.5,30824.5,30820.75,30823.75,0.0,,,,,,,,,,,
2026-09-30T23:50:14+00:00,NQ=F,CME,index_future,30823.75,30823.75,30823.75,30823.75,0.0,,,,,,,,,,,
2026-09-30T23:50:00+00:00,GC=F,COMEX,commodity_future,4186.2998046875,4186.7998046875,4186.2001953125,4186.7998046875,0.0,,,,,,,,,,,
2026-09-30T23:50:08+00:00,GC=F,COMEX,commodity_future,4186.2998046875,4186.2998046875,4186.2998046875,4186.2998046875,0.0,,,,,,,,,,,
2026-09-30T23:49:00+00:00,SI=F,COMEX,commodity_future,60.70000076293945,60.709999084472656,60.70000076293945,60.709999084472656,0.0,,,,,,,,,,,
2026-09-30T23:49:23+00:00,SI=F,COMEX,commodity_future,60.709999084472656,60.709999084472656,60.709999084472656,60.709999084472656,0.0,,,,,,,,,,,
2026-09-30T23:50:00+00:00,CL=F,NYMEX,commodity_future,89.93000030517578,89.94000244140625,89.93000030517578,89.94000244140625,0.0,,,,,,,,,,,
2026-09-30T23:50:10+00:00,CL=F,NYMEX,commodity_future,89.94000244140625,89.94000244140625,89.94000244140625,89.94000244140625,0.0,,,,,,,,,,,
2026-09-30T23:49:00+00:00,HG=F,COMEX,commodity_future,6.631999969482422,6.631999969482422,6.631999969482422,6.631999969482422,0.0,,,,,,,,,,,
2026-09-30T23:58:00+00:00,EURUSD=X,FX,currency,1.1330161094665527,1.1330161094665527,1.1330161094665527,1.1330161094665527,0.0,,,,,,,,,,,
2026-09-30T23:59:00+00:00,KRW=X,FX,currency,1357.4200439453125,1358.1800537109375,1357.0400390625,1357.52001953125,0.0,,,,,,,,,,,
2026-09-30T23:59:00+00:00,JPY=X,FX,currency,157.54800415039062,157.5679931640625,157.5449981689453,157.5659942626953,0.0,,,,,,,,,,,
2026-09-30T23:58:00+00:00,GBPUSD=X,FX,currency,1.326470971107483,1.326470971107483,1.326470971107483,1.326470971107483,0.0,,,,,,,,,,,
2026-09-30T23:59:00+00:00,TSM,US,equity,457.42,457.42,457.42,457.42,0.0,,,,,,,,,,,
2026-09-30T23:57:50+00:00,ABBV,US,equity,262.9766,262.9766,262.9766,262.9766,0.0,,,,,,,,,,,
2026-09-30T23:52:25+00:00,PFE,US,equity,28.59,28.59,28.59,28.59,0.0,,,,,,,,,,,
2026-09-30T23:47:42+00:00,MRK,US,equity,145.3103,145.3103,145.3103,145.3103,0.0,,,,,,,,,,,
2026-09-30T23:43:47+00:00,DHR,US,equity,221.5,221.5,221.5,221.5,0.0,,,,,,,,,,,
2026-09-30T23:52:31+00:00,BMY,US,equity,62.4487,62.4487,62.4487,62.4487,0.0,,,,,,,,,,,
2026-09-30T23:57:00+00:00,BA,US,equity,186.6899,186.6899,186.6801,186.6801,0.0,,,,,,,,,,,
2026-09-30T23:52:22+00:00,DE,US,equity,676.8655,676.8655,676.8655,676.8655,0.0,,,,,,,,,,,
2026-09-30T23:47:34+00:00,LOW,US,equity,184.9953,184.9953,184.9953,184.9953,0.0,,,,,,,,,,,
2026-09-30T23:38:11+00:00,V,US,equity,359.95,359.95,359.95,359.95,0.0,,,,,,,,,,,
2026-10-01T00:00:00+00:00,BTC-USD,CRYPTO,crypto,83564.7,83599.7,83520.0,83520.0,0.87843889,,,,,,,261.0,,,,
2026-10-01T00:00:00+00:00,ETH-USD,CRYPTO,crypto,2684.11,2684.91,2682.16,2682.16,29.93482274,,,,,,,121.0,,,,
2026-10-01T00:00:00+00:00,034020.KS,KRX,equity,84000.0,84000.0,82800.0,83300.0,193564.0,83300.0,83300.0,,,64288.0,129276.0,1458.0,,,,
2026-10-01T00:00:00+00:00,000660.KS,KRX,equity,1762000.0,1771000.0,1758000.0,1760000.0,85172.0,1760000.0,1760000.0,,,62777.0,22395.0,739.0,,,,
2026-10-01T00:00:00+00:00,103590.KS,KRX,equity,81600.0,81800.0,81050.0,81500.0,7865.0,81400.0,81500.0,,,1812.0,6053.0,73.0,,,,
2026-10-01T00:00:00+00:00,005380.KS,KRX,equity,348500.0,350500.0,345500.0,346000.0,35617.0,346000.0,346000.0,,,14300.0,21317.0,368.0,,,,
2026-10-01T00:00:00+00:00,011200.KS,KRX,equity,20900.0,20900.0,20800.0,20850.0,8611.0,20850.0,20850.0,,,6780.0,1831.0,31.0,,,,
2026-10-01T00:00:00+00:00,028050.KS,KRX,equity,48100.0,48850.0,48050.0,48450.0,30895.0,48450.0,48550.0,,,23565.0,7330.0,180.0,,,,
2026-10-01T00:00:00+00:00,030200.KS,KRX,equity,52300.0,52300.0,51800.0,51800.0,4331.0,51900.0,51900.0,,,1520.0,2811.0,118.0,,,,
2026-10-01T00:00:00+00:00,043260.KQ,KOSDAQ,equity,26650.0,26650.0,26150.0,26300.0,121698.0,26350.0,26450.0,,,52905.0,68793.0,641.0,,,,
2026-10-01T00:00:00+00:00,046970.KQ,KOSDAQ,equity,7430.0,7450.0,7340.0,7340.0,9235.0,7340.0,7360.0,,,3712.0,5523.0,26.0,,,,
2026-10-01T00:00:00+00:00,067310.KQ,KOSDAQ,equity,47200.0,47650.0,47200.0,47650.0,13882.0,47600.0,47650.0,,,11848.0,2034.0,116.0,,,,
2026-10-01T00:00:00+00:00,403870.KQ,KOSDAQ,equity,63600.0,64300.0,63000.0,63600.0,47774.0,63600.0,63700.0,,,32984.0,14790.0,348.0,,,,
2026-10-01T00:00:00+00:00,001440.KS,KRX,equity,29650.0,29650.0,29250.0,29250.0,32827.0,29250.0,29300.0,,,19188.0,13639.0,126.0,,,,
2026-10-01T00:00:00+00:00,393210.KQ,KOSDAQ,equity,3435.0,3460.0,3390.0,3400.0,18196.0,3395.0,3400.0,,,11926.0,6270.0,38.0,,,,
2026-10-01T00:00:00+00:00,012330.KS,KRX,equity,382500.0,389500.0,374500.0,375500.0,52102.0,376000.0,376500.0,,,18645.0,33457.0,1117.0,,,,
2026-10-01T00:00:00+00:00,0010S0.KQ,KOSDAQ,equity,19820.0,19990.0,19710.0,19990.0,22286.0,19950.0,19960.0,,,16133.0,6153.0,104.0,,,,
2026-10-01T00:00:00+00:00,003670.KS,KRX,equity,178500.0,179300.0,177600.0,177800.0,2551.0,178100.0,178300.0,,,1667.0,884.0,88.0,,,,
2026-10-01T00:00:00+00:00,005930.KS,KRX,equity,266500.0,268000.0,266000.0,266500.0,497965.0,266500.0,266500.0,,,390350.0,107615.0,846.0,,,,
2026-10-01T00:00:00+00:00,009150.KS,KRX,equity,1495000.0,1499000.0,1471000.0,1473000.0,32189.0,1473000.0,1474000.0,,,8152.0,24037.0,792.0,,,,
2026-10-01T00:00:00+00:00,009830.KS,KRX,equity,33200.0,33200.0,32550.0,32800.0,80298.0,32800.0,32850.0,,,41703.0,38595.0,391.0,,,,
2026-10-01T00:00:00+00:00,033780.KS,KRX,equity,176600.0,176900.0,175700.0,176500.0,2029.0,176600.0,176800.0,,,1651.0,378.0,96.0,,,,
2026-10-01T00:00:00+00:00,035420.KS,KRX,equity,193700.0,193700.0,192000.0,192200.0,18348.0,192200.0,192200.0,,,3926.0,14422.0,309.0,,,,
2026-10-01T00:00:00+00:00,042660.KS,KRX,equity,78800.0,79100.0,78500.0,78600.0,20289.0,78600.0,78700.0,,,6411.0,13878.0,123.0,,,,
2026-10-01T00:00:00+00:00,047040.KS,KRX,equity,18200.0,18200.0,18000.0,18050.0,262280.0,18020.0,18040.0,,,128798.0,133482.0,830.0,,,,
2026-10-01T00:00:00+00:00,093370.KS,KRX,equity,14880.0,14880.0,14560.0,14590.0,162777.0,14570.0,14590.0,,,56296.0,106481.0,684.0,,,,
2026-10-01T00:00:00+00:00,105560.KS,KRX,equity,167100.0,169400.0,164900.0,167800.0,85942.0,167800.0,167900.0,,,66888.0,19054.0,395.0,,,,
2026-10-01T00:00:00+00:00,272210.KS,KRX,equity,75000.0,75300.0,74600.0,75000.0,10768.0,75000.0,75100.0,,,8526.0,2242.0,101.0,,,,
2026-10-01T00:00:00+00:00,950260.KQ,KOSDAQ,equity,26050.0,26900.0,26000.0,26900.0,17251.0,26750.0,26800.0,,,13747.0,3504.0,158.0,,,,
2026-10-01T00:00:00+00:00,005935.KS,KRX,equity,195000.0,195100.0,194100.0,194400.0,72409.0,194400.0,194500.0,,,55365.0,17044.0,369.0,,,,
2026-10-01T00:00:00+00:00,010170.KQ,KOSDAQ,equity,16700.0,16700.0,16490.0,16510.0,76856.0,16500.0,16520.0,,,38462.0,38394.0,235.0,,,,
2026-10-01T00:00:00+00:00,012450.KS,KRX,equity,1027000.0,1041000.0,1026000.0,1038000.0,4928.0,1038000.0,1038000.0,,,3818.0,1110.0,246.0,,,,
2026-10-01T00:00:00+00:00,089970.KQ,KOSDAQ,equity,61600.0,61800.0,61100.0,61300.0,9847.0,61400.0,61500.0,,,3501.0,6346.0,90.0,,,,
2026-10-01T00:00:00+00:00,115440.KQ,KOSDAQ,equity,11610.0,11870.0,11490.0,11790.0,22198.0,11790.0,11860.0,,,16669.0,5529.0,77.0,,,,
2026-10-01T00:00:00+00:00,373220.KS,KRX,equity,355000.0,356500.0,352000.0,352000.0,4183.0,352500.0,352500.0,,,1892.0,2291.0,88.0,,,,
2026-10-01T00:00:00+00:00,0161M0.KQ,KOSDAQ,equity,16890.0,16950.0,16630.0,16640.0,24719.0,16670.0,16720.0,,,14651.0,10068.0,203.0,,,,
2026-10-01T00:00:00+00:00,036930.KQ,KOSDAQ,equity,230000.0,231500.0,227000.0,230750.0,17117.0,230500.0,231000.0,,,10971.0,6146.0,429.0,,,,
2026-10-01T00:00:00+00:00,356680.KQ,KOSDAQ,equity,17660.0,17960.0,17650.0,17890.0,58939.0,17900.0,17920.0,,,45903.0,13036.0,279.0,,,,
2026-10-01T00:00:00+00:00,108490.KQ,KOSDAQ,equity,287500.0,288000.0,283000.0,284000.0,4911.0,283500.0,284500.0,,,1081.0,3830.0,115.0,,,,
2026-10-01T00:00:00+00:00,035720.KS,KRX,equity,33600.0,33700.0,33300.0,33300.0,16293.0,33300.0,33350.0,,,6784.0,9509.0,117.0,,,,
2026-10-01T00:00:00+00:00,052690.KS,KRX,equity,129000.0,129000.0,127600.0,128000.0,30832.0,127900.0,128000.0,,,8835.0,21997.0,583.0,,,,
2026-10-01T00:00:00+00:00,086790.KS,KRX,equity,130600.0,130900.0,129600.0,129900.0,8966.0,129900.0,130000.0,,,6877.0,2089.0,119.0,,,,
2026-10-01T00:00:00+00:00,180640.KS,KRX,equity,133500.0,133800.0,132400.0,132400.0,2728.0,132400.0,132800.0,,,2289.0,439.0,52.0,,,,
2026-10-01T00:00:00+00:00,240810.KQ,KOSDAQ,equity,131500.0,132300.0,131000.0,131800.0,8984.0,131500.0,131800.0,,,5405.0,3579.0,103.0,,,,
2026-10-01T00:00:00+00:00,402340.KS,KRX,equity,1116000.0,1129000.0,1100000.0,1112000.0,17746.0,1112000.0,1112000.0,,,11736.0,6010.0,381.0,,,,
2026-10-01T00:00:00+00:00,018260.KS,KRX,equity,218500.0,219000.0,218000.0,218000.0,899.0,218000.0,218500.0,,,535.0,364.0,25.0,,,,
2026-10-01T00:00:00+00:00,036540.KQ,KOSDAQ,equity,10780.0,10910.0,10680.0,10910.0,74589.0,10900.0,10910.0,,,56109.0,18480.0,138.0,,,,
2026-10-01T00:00:00+00:00,080220.KQ,KOSDAQ,equity,77700.0,78200.0,77300.0,77700.0,10136.0,77600.0,77700.0,,,5833.0,4303.0,71.0,,,,
2026-10-01T00:00:00+00:00,316140.KS,KRX,equity,33450.0,33850.0,32250.0,32950.0,271524.0,32950.0,33000.0,,,149077.0,122447.0,599.0,,,,
2026-10-01T00:00:00+00:00,001820.KS,KRX,equity,149500.0,150000.0,148100.0,148500.0,7733.0,148300.0,148500.0,,,3895.0,3838.0,134.0,,,,
2026-10-01T00:00:00+00:00,006360.KS,KRX,equity,34450.0,34500.0,34250.0,34450.0,28764.0,34350.0,34450.0,,,14493.0,14271.0,69.0,,,,
2026-10-01T00:00:00+00:00,010140.KS,KRX,equity,19720.0,19820.0,19630.0,19680.0,86765.0,19700.0,19710.0,,,30017.0,56748.0,246.0,,,,
2026-10-01T00:00:00+00:00,058470.KQ,KOSDAQ,equity,73400.0,73800.0,73100.0,73400.0,6866.0,73300.0,73400.0,,,3050.0,3816.0,59.0,,,,
2026-10-01T00:00:00+00:00,072950.KQ,KOSDAQ,equity,14990.0,15170.0,14900.0,15000.0,38056.0,14970.0,15000.0,,,26865.0,11191.0,230.0,,,,
2026-10-01T00:00:00+00:00,353200.KS,KRX,equity,131300.0,132000.0,131200.0,131700.0,5352.0,131700.0,132000.0,,,4694.0,658.0,73.0,,,,
2026-10-01T00:00:00+00:00,095610.KQ,KOSDAQ,equity,168700.0,170400.0,168600.0,170100.0,1994.0,170000.0,170000.0,,,1691.0,303.0,76.0,,,,
2026-10-01T00:00:00+00:00,000150.KS,KRX,equity,1390000.0,1409000.0,1390000.0,1403000.0,1272.0,1401000.0,1403000.0,,,918.0,354.0,101.0,,,,
2026-10-01T00:00:00+00:00,000270.KS,KRX,equity,112400.0,113700.0,112300.0,112600.0,33489.0,112500.0,112600.0,,,24742.0,8747.0,167.0,,,,
2026-10-01T00:00:00+00:00,000720.KS,KRX,equity,122100.0,123500.0,121000.0,121700.0,55644.0,121800.0,122000.0,,,46503.0,9141.0,496.0,,,,
2026-10-01T00:00:00+00:00,000810.KS,KRX,equity,636000.0,636000.0,630000.0,631000.0,868.0,631000.0,632000.0,,,685.0,183.0,32.0,,,,
2026-10-01T00:00:00+00:00,007660.KS,KRX,equity,115300.0,115300.0,113400.0,114600.0,7154.0,114600.0,114700.0,,,1892.0,5262.0,126.0,,,,
2026-10-01T00:00:00+00:00,017670.KS,KRX,equity,85500.0,85600.0,85100.0,85200.0,7372.0,85200.0,85300.0,,,5018.0,2354.0,81.0,,,,
2026-10-01T00:00:00+00:00,047810.KS,KRX,equity,127200.0,127800.0,126700.0,127200.0,2666.0,127200.0,127300.0,,,2136.0,530.0,80.0,,,,
2026-10-01T00:00:00+00:00,003230.KS,KRX,equity,1216000.0,1216000.0,1205000.0,1210000.0,578.0,1208000.0,1210000.0,,,108.0,470.0,35.0,,,,
2026-10-01T00:00:00+00:00,003490.KS,KRX,equity,31950.0,31950.0,31750.0,31800.0,24051.0,31750.0,31800.0,,,13884.0,10167.0,71.0,,,,
2026-10-01T00:00:00+00:00,003550.KS,KRX,equity,109800.0,110800.0,109400.0,109500.0,2432.0,109500.0,110000.0,,,1305.0,1127.0,50.0,,,,
2026-10-01T00:00:00+00:00,005490.KS,KRX,equity,308500.0,310000.0,307000.0,307500.0,7819.0,307000.0,307500.0,,,3638.0,4181.0,104.0,,,,
2026-10-01T00:00:00+00:00,005830.KS,KRX,equity,185200.0,185800.0,183600.0,183800.0,2677.0,183800.0,184600.0,,,1357.0,1320.0,89.0,,,,
2026-10-01T00:00:00+00:00,006400.KS,KRX,equity,510000.0,511000.0,506000.0,508000.0,8391.0,507000.0,508000.0,,,3109.0,5282.0,162.0,,,,
2026-10-01T00:00:00+00:00,030530.KQ,KOSDAQ,equity,26200.0,26450.0,26200.0,26250.0,10048.0,26200.0,26250.0,,,8745.0,1303.0,47.0,,,,
2026-10-01T00:00:00+00:00,066570.KS,KRX,equity,211000.0,212500.0,209500.0,209500.0,27798.0,209500.0,210000.0,,,8823.0,18975.0,159.0,,,,
2026-10-01T00:00:00+00:00,010060.KS,KRX,equity,219000.0,219500.0,215000.0,216000.0,6351.0,216000.0,216500.0,,,1328.0,5023.0,154.0,,,,
2026-10-01T00:00:00+00:00,010120.KS,KRX,equity,202500.0,204500.0,202000.0,202000.0,9668.0,202000.0,202500.0,,,4612.0,5056.0,116.0,,,,
2026-10-01T00:00:00+00:00,011070.KS,KRX,equity,557000.0,557000.0,551000.0,552000.0,4226.0,551000.0,552000.0,,,1587.0,2639.0,90.0,,,,
2026-10-01T00:00:00+00:00,015760.KS,KRX,equity,30150.0,30300.0,30050.0,30050.0,69565.0,30050.0,30100.0,,,33963.0,35602.0,103.0,,,,
2026-10-01T00:00:00+00:00,009540.KS,KRX,equity,325500.0,326000.0,323000.0,324500.0,1813.0,325000.0,325500.0,,,1492.0,321.0,68.0,,,,
2026-10-01T00:00:00+00:00,010950.KS,KRX,equity,161800.0,162500.0,160100.0,160700.0,1961.0,160700.0,160700.0,,,930.0,1031.0,76.0,,,,
2026-10-01T00:00:00+00:00,011170.KS,KRX,equity,60100.0,60300.0,59900.0,59900.0,8419.0,59900.0,60000.0,,,6424.0,1995.0,35.0,,,,
2026-10-01T00:00:00+00:00,011780.KS,KRX,equity,115900.0,115900.0,115000.0,115100.0,305.0,115100.0,115300.0,,,242.0,63.0,15.0,,,,
2026-10-01T00:00:00+00:00,055550.KS,KRX,equity,103500.0,106600.0,103500.0,105300.0,101842.0,105300.0,105300.0,,,86697.0,15145.0,471.0,,,,
2026-10-01T00:00:00+00:00,034730.KS,KRX,equity,590000.0,591000.0,579000.0,579000.0,1595.0,579000.0,580000.0,,,705.0,890.0,82.0,,,,
2026-10-01T00:00:00+00:00,021240.KS,KRX,equity,99600.0,99600.0,98200.0,98500.0,1429.0,98800.0,99100.0,,,863.0,566.0,82.0,,,,
2026-10-01T00:00:00+00:00,024110.KS,KRX,equity,20200.0,20200.0,20100.0,20150.0,23839.0,20150.0,20200.0,,,13508.0,10331.0,49.0,,,,
2026-10-01T00:00:00+00:00,028260.KS,KRX,equity,339000.0,341500.0,338000.0,338500.0,5025.0,338500.0,339000.0,,,2891.0,2134.0,108.0,,,,
2026-10-01T00:00:00+00:00,032830.KS,KRX,equity,279500.0,283000.0,279500.0,279500.0,3637.0,279500.0,280000.0,,,2161.0,1476.0,92.0,,,,
2026-10-01T00:00:00+00:00,051910.KS,KRX,equity,250000.0,252000.0,249000.0,249000.0,4398.0,249000.0,249500.0,,,2770.0,1628.0,54.0,,,,
2026-10-01T00:00:00+00:00,419050.KQ,KOSDAQ,equity,1816.0,1823.0,1784.0,1823.0,41134.0,1815.0,1817.0,,,21952.0,19182.0,56.0,,,,
2026-10-01T00:00:00+00:00,068270.KS,KRX,equity,179100.0,179100.0,178000.0,178700.0,5262.0,178700.0,178900.0,,,4575.0,687.0,78.0,,,,
2026-10-01T00:00:00+00:00,096770.KS,KRX,equity,148900.0,149800.0,148300.0,148900.0,7109.0,148900.0,149100.0,,,4186.0,2923.0,129.0,,,,
2026-10-01T00:00:00+00:00,387690.KQ,KOSDAQ,equity,19660.0,19810.0,19660.0,19810.0,10222.0,19780.0,19810.0,,,8890.0,1332.0,46.0,,,,
2026-10-01T00:00:00+00:00,128940.KS,KRX,equity,498000.0,498500.0,493500.0,494000.0,1134.0,494000.0,496000.0,,,216.0,918.0,53.0,,,,
2026-10-01T00:00:00+00:00,207940.KS,KRX,equity,1390000.0,1398000.0,1389000.0,1390000.0,432.0,1390000.0,1390000.0,,,372.0,60.0,31.0,,,,
2026-10-01T00:00:00+00:00,267250.KS,KRX,equity,201000.0,203500.0,200500.0,200500.0,2268.0,201000.0,202000.0,,,1238.0,1030.0,61.0,,,,
2026-10-01T00:00:00+00:00,278470.KS,KRX,equity,367500.0,367500.0,361000.0,362500.0,4296.0,362000.0,362500.0,,,3017.0,1279.0,86.0,,,,
2026-10-01T00:00:00+00:00,298040.KS,KRX,equity,2755000.0,2781000.0,2728000.0,2729000.0,839.0,2728000.0,2729000.0,,,301.0,538.0,149.0,,,,
2026-10-01T00:00:00+00:00,201490.KQ,KOSDAQ,equity,3400.0,3410.0,3375.0,3410.0,21653.0,3390.0,3410.0,,,16887.0,4766.0,45.0,,,,
2026-10-01T00:00:00+00:00,222800.KQ,KOSDAQ,equity,149200.0,149300.0,148000.0,148300.0,7262.0,148400.0,148400.0,,,1890.0,5372.0,160.0,,,,
2026-10-01T00:00:00+00:00,326030.KS,KRX,equity,74400.0,74800.0,74200.0,74300.0,2111.0,74300.0,74500.0,,,1084.0,1027.0,39.0,,,,
2026-10-01T00:00:00+00:00,329180.KS,KRX,equity,434000.0,434000.0,431500.0,431500.0,2819.0,432000.0,432000.0,,,1287.0,1532.0,88.0,,,,
2026-10-01T00:00:00+00:00,386380.KQ,KOSDAQ,equity,18280.0,18280.0,18130.0,18240.0,16682.0,18200.0,18240.0,,,12807.0,3875.0,89.0,,,,
2026-10-01T00:00:00+00:00,319660.KQ,KOSDAQ,equity,147600.0,148100.0,146900.0,147100.0,1692.0,147100.0,147800.0,,,890.0,802.0,93.0,,,,
2026-10-01T00:00:00+00:00,396300.KQ,KOSDAQ,equity,5460.0,5530.0,5430.0,5430.0,32143.0,5430.0,5460.0,,,20787.0,11356.0,67.0,,,,
2026-10-01T00:00:00+00:00,440110.KQ,KOSDAQ,equity,81900.0,83200.0,81900.0,82200.0,3551.0,82200.0,82500.0,,,1928.0,1623.0,103.0,,,,
2026-10-01T00:00:00+00:00,478340.KQ,KOSDAQ,equity,13710.0,13740.0,13580.0,13640.0,5785.0,13580.0,13640.0,,,3957.0,1828.0,41.0,,,,
2026-10-01T00:00:00+00:00,042700.KS,KRX,equity,256500.0,257000.0,254000.0,256500.0,8205.0,256500.0,257000.0,,,6044.0,2161.0,116.0,,,,
2026-10-01T00:00:00+00:00,251270.KS,KRX,equity,34750.0,34800.0,34450.0,34800.0,1467.0,34550.0,34650.0,,,1214.0,253.0,44.0,,,,
2026-09-30T23:59:59+00:00,AAPL,US,equity,334.25,334.25,334.25,334.25,0.0,,,,,,,,,,,
2026-09-30T23:59:26+00:00,MSFT,US,equity,514.38,514.38,514.38,514.38,0.0,,,,,,,,,,,
2026-09-30T23:59:50+00:00,NVDA,US,equity,229.6092,229.6092,229.6092,229.6092,0.0,,,,,,,,,,,
2026-09-30T23:59:50+00:00,AMZN,US,equity,250.2,250.2,250.2,250.2,0.0,,,,,,,,,,,
2026-09-30T23:59:58+00:00,GOOGL,US,equity,349.39,349.39,349.39,349.39,0.0,,,,,,,,,,,
2026-09-30T23:59:54+00:00,GOOG,US,equity,346.4956,346.4956,346.4956,346.4956,0.0,,,,,,,,,,,
2026-09-30T23:59:59+00:00,TSLA,US,equity,354.99,354.99,354.99,354.99,0.0,,,,,,,,,,,
2026-09-30T23:59:56+00:00,AVGO,US,equity,353.0,353.0,353.0,353.0,0.0,,,,,,,,,,,
2026-09-30T23:59:42+00:00,NFLX,US,equity,69.99,69.99,69.99,69.99,0.0,,,,,,,,,,,
2026-09-30T23:59:59+00:00,AMD,US,equity,613.9,613.9,613.9,613.9,0.0,,,,,,,,,,,
2026-09-30T23:59:57+00:00,INTC,US,equity,120.4589,120.4589,120.4589,120.4589,0.0,,,,,,,,,,,
2026-09-30T23:59:23+00:00,QCOM,US,equity,184.5599,184.5599,184.5599,184.5599,0.0,,,,,,,,,,,
2026-09-30T23:59:40+00:00,ADBE,US,equity,240.02,240.02,240.02,240.02,0.0,,,,,,,,,,,
2026-09-30T23:59:58+00:00,AMAT,US,equity,516.7502,516.7502,516.7502,516.7502,0.0,,,,,,,,,,,
2026-09-30T23:59:59+00:00,MU,US,equity,1069.0,1069.0,1069.0,1069.0,0.0,,,,,,,,,,,
2026-09-30T23:59:47+00:00,LRCX,US,equity,331.9136,331.9136,331.9136,331.9136,0.0,,,,,,,,,,,
2026-09-30T23:59:31+00:00,ASML,US,equity,1818.77,1818.77,1818.77,1818.77,0.0,,,,,,,,,,,
2026-09-30T23:59:54+00:00,BKNG,US,equity,163.8,163.8,163.8,163.8,0.0,,,,,,,,,,,
2026-09-30T23:59:41+00:00,PDD,US,equity,77.98,77.98,77.98,77.98,0.0,,,,,,,,,,,
2026-09-30T23:59:32+00:00,GILD,US,equity,150.0,150.0,150.0,150.0,0.0,,,,,,,,,,,
2026-09-30T23:59:32+00:00,PANW,US,equity,397.65,397.65,397.65,397.65,0.0,,,,,,,,,,,
2026-09-30T23:59:30+00:00,MDB,US,equity,349.15,349.15,349.15,349.15,0.0,,,,,,,,,,,
2026-09-30T23:59:42+00:00,KO,US,equity,86.21,86.21,86.21,86.21,0.0,,,,,,,,,,,
2026-09-30T23:59:31+00:00,PEP,US,equity,126.99,126.99,126.99,126.99,0.0,,,,,,,,,,,
2026-09-30T23:59:47+00:00,MCD,US,equity,231.39,231.39,231.39,231.39,0.0,,,,,,,,,,,
2026-09-30T23:59:53+00:00,MELI,US,equity,1730.0,1730.0,1730.0,1730.0,0.0,,,,,,,,,,,
2026-09-30T23:59:54+00:00,WMT,US,equity,104.9754,104.9754,104.9754,104.9754,0.0,,,,,,,,,,,
2026-09-30T23:43:00+00:00,UNH,US,equity,367.95,367.95,367.95,367.95,0.0,,,,,,,,,,,
2026-09-30T23:59:58+00:00,SPY,US,index_etf,765.54,765.54,765.54,765.54,0.0,,,,,,,,,,,
2026-09-30T23:59:50+00:00,QQQ,US,index_etf,742.8,742.8,742.8,742.8,0.0,,,,,,,,,,,
2026-09-30T23:51:00+00:00,ES=F,CME,index_future,7743.5,7744.25,7743.5,7744.0,0.0,,,,,,,,,,,
2026-09-30T23:51:19+00:00,ES=F,CME,index_future,7743.75,7743.75,7743.75,7743.75,0.0,,,,,,,,,,,
2026-09-30T23:51:00+00:00,NQ=F,CME,index_future,30822.0,30825.5,30821.5,30825.25,0.0,,,,,,,,,,,
2026-09-30T23:51:19+00:00,NQ=F,CME,index_future,30823.25,30823.25,30823.25,30823.25,0.0,,,,,,,,,,,
2026-09-30T23:51:00+00:00,GC=F,COMEX,commodity_future,4186.60009765625,4186.60009765625,4186.2001953125,4186.5,0.0,,,,,,,,,,,
2026-09-30T23:51:04+00:00,GC=F,COMEX,commodity_future,4186.39990234375,4186.39990234375,4186.39990234375,4186.39990234375,0.0,,,,,,,,,,,
2026-09-30T23:50:00+00:00,SI=F,COMEX,commodity_future,60.720001220703125,60.720001220703125,60.720001220703125,60.720001220703125,3.0,,,,,,,,,,,
2026-09-30T23:51:00+00:00,SI=F,COMEX,commodity_future,60.709999084472656,60.709999084472656,60.70500183105469,60.70500183105469,0.0,,,,,,,,,,,
2026-09-30T23:51:04+00:00,SI=F,COMEX,commodity_future,60.70500183105469,60.70500183105469,60.70500183105469,60.70500183105469,0.0,,,,,,,,,,,
2026-09-30T23:50:52+00:00,CL=F,NYMEX,commodity_future,89.94000244140625,89.94000244140625,89.94000244140625,89.94000244140625,0.0,,,,,,,,,,,
2026-09-30T23:59:00+00:00,EURUSD=X,FX,currency,1.1330161094665527,1.1330161094665527,1.1330161094665527,1.1330161094665527,0.0,,,,,,,,,,,
2026-10-01T00:00:00+00:00,KRW=X,FX,currency,1357.9599609375,1358.6800537109375,1357.5799560546875,1357.5799560546875,0.0,,,,,,,,,,,
2026-10-01T00:00:00+00:00,JPY=X,FX,currency,157.55799865722656,157.63400268554688,157.5489959716797,157.6300048828125,0.0,,,,,,,,,,,
2026-09-30T23:59:00+00:00,GBPUSD=X,FX,currency,1.326470971107483,1.326470971107483,1.326470971107483,1.326470971107483,0.0,,,,,,,,,,,
2026-09-30T23:59:55+00:00,BA,US,equity,186.6162,186.6162,186.6162,186.6162,0.0,,,,,,,,,,,
2026-09-30T23:59:45+00:00,NKE,US,equity,35.34,35.34,35.34,35.34,0.0,,,,,,,,,,,
2026-09-30T23:59:33+00:00,COP,US,equity,125.155,125.155,125.155,125.155,0.0,,,,,,,,,,,
2026-10-01T00:01:00+00:00,BTC-USD,CRYPTO,crypto,83519.7,83519.7,83500.0,83500.1,0.67609951,,,,,,,80.0,,,,
2026-10-01T00:01:00+00:00,ETH-USD,CRYPTO,crypto,2682.48,2682.91,2682.48,2682.86,0.33618563,,,,,,,12.0,,,,
2026-10-01T00:00:00+00:00,035760.KQ,KOSDAQ,equity,36900.0,37200.0,36750.0,36750.0,317.0,36800.0,36900.0,,,94.0,223.0,9.0,,,,
2026-10-01T00:01:00+00:00,316140.KS,KRX,equity,33000.0,33250.0,32850.0,33150.0,90847.0,33100.0,33150.0,,,43262.0,47585.0,374.0,,,,
2026-10-01T00:01:00+00:00,000660.KS,KRX,equity,1760000.0,1764000.0,1754000.0,1755000.0,27156.0,1755000.0,1755000.0,,,8988.0,18168.0,1045.0,,,,
2026-10-01T00:01:00+00:00,240810.KQ,KOSDAQ,equity,131800.0,135300.0,131800.0,134200.0,14180.0,134100.0,134200.0,,,10577.0,3603.0,388.0,,,,
2026-10-01T00:01:00+00:00,034020.KS,KRX,equity,83200.0,83400.0,82100.0,82300.0,202565.0,82200.0,82300.0,,,42555.0,160010.0,2126.0,,,,
2026-10-01T00:01:00+00:00,373220.KS,KRX,equity,352500.0,355000.0,352500.0,355000.0,1520.0,354000.0,354000.0,,,1295.0,225.0,67.0,,,,
2026-10-01T00:01:00+00:00,010120.KS,KRX,equity,202000.0,202250.0,200500.0,201000.0,9725.0,200500.0,201000.0,,,1014.0,8711.0,161.0,,,,
2026-10-01T00:01:00+00:00,005930.KS,KRX,equity,266500.0,267000.0,266000.0,266500.0,146136.0,266000.0,266500.0,,,65469.0,80667.0,1371.0,,,,
2026-10-01T00:01:00+00:00,030200.KS,KRX,equity,51900.0,52200.0,51700.0,51900.0,2545.0,51900.0,51900.0,,,672.0,1873.0,123.0,,,,
2026-10-01T00:01:00+00:00,052690.KS,KRX,equity,127900.0,128200.0,126300.0,126800.0,20513.0,126800.0,126900.0,,,4327.0,16186.0,875.0,,,,
2026-10-01T00:01:00+00:00,042700.KS,KRX,equity,256500.0,265000.0,256500.0,264000.0,58275.0,263500.0,264000.0,,,49783.0,8492.0,850.0,,,,
2026-10-01T00:01:00+00:00,012330.KS,KRX,equity,376000.0,383000.0,371500.0,376500.0,23483.0,376500.0,378000.0,,,7102.0,16381.0,1070.0,,,,
2026-10-01T00:01:00+00:00,0010S0.KQ,KOSDAQ,equity,19930.0,20350.0,19930.0,20150.0,11301.0,20100.0,20150.0,,,6049.0,5252.0,163.0,,,,
2026-10-01T00:01:00+00:00,072950.KQ,KOSDAQ,equity,14970.0,15060.0,14730.0,14750.0,23594.0,14760.0,14800.0,,,5157.0,18437.0,248.0,,,,
2026-10-01T00:01:00+00:00,103590.KS,KRX,equity,81300.0,81500.0,80600.0,80600.0,8459.0,80600.0,80700.0,,,459.0,8000.0,140.0,,,,
2026-10-01T00:01:00+00:00,387690.KQ,KOSDAQ,equity,19780.0,19860.0,19780.0,19820.0,4314.0,19810.0,19820.0,,,928.0,3386.0,79.0,,,,
2026-10-01T00:01:00+00:00,402340.KS,KRX,equity,1112000.0,1116000.0,1102000.0,1102000.0,9947.0,1102000.0,1103000.0,,,3580.0,6367.0,381.0,,,,
2026-10-01T00:01:00+00:00,403870.KQ,KOSDAQ,equity,63600.0,64200.0,63400.0,63800.0,20092.0,63700.0,63800.0,,,11815.0,8277.0,324.0,,,,
2026-10-01T00:01:00+00:00,478340.KQ,KOSDAQ,equity,13590.0,13670.0,13560.0,13560.0,4921.0,13560.0,13640.0,,,838.0,4083.0,40.0,,,,
2026-10-01T00:01:00+00:00,950260.KQ,KOSDAQ,equity,26800.0,27400.0,26750.0,26850.0,43903.0,26850.0,27000.0,,,27867.0,16036.0,447.0,,,,
2026-10-01T00:01:00+00:00,086790.KS,KRX,equity,130000.0,130600.0,129600.0,130600.0,3788.0,130500.0,130400.0,,,2541.0,1247.0,83.0,,,,
2026-10-01T00:01:00+00:00,005380.KS,KRX,equity,346000.0,346500.0,345000.0,345500.0,10208.0,345000.0,345500.0,,,3516.0,6692.0,298.0,,,,
2026-10-01T00:01:00+00:00,009150.KS,KRX,equity,1474000.0,1482000.0,1471000.0,1473000.0,10418.0,1473000.0,1473000.0,,,4466.0,5952.0,725.0,,,,
2026-10-01T00:01:00+00:00,010060.KS,KRX,equity,216000.0,216500.0,215500.0,216000.0,4246.0,216000.0,216000.0,,,610.0,3636.0,92.0,,,,
2026-10-01T00:01:00+00:00,015760.KS,KRX,equity,30100.0,30250.0,30000.0,30100.0,16825.0,30050.0,30100.0,,,6544.0,10281.0,94.0,,,,
2026-10-01T00:01:00+00:00,093370.KS,KRX,equity,14590.0,14590.0,14390.0,14390.0,127815.0,14390.0,14400.0,,,27119.0,100696.0,603.0,,,,
2026-10-01T00:01:00+00:00,105560.KS,KRX,equity,167800.0,168800.0,167700.0,168700.0,11867.0,168700.0,168800.0,,,8641.0,3226.0,218.0,,,,
2026-10-01T00:01:00+00:00,000270.KS,KRX,equity,112600.0,113200.0,112300.0,113200.0,10222.0,113000.0,113200.0,,,6165.0,4057.0,145.0,,,,
2026-10-01T00:01:00+00:00,035420.KS,KRX,equity,192200.0,192300.0,191300.0,191800.0,10415.0,191800.0,191900.0,,,2031.0,8384.0,286.0,,,,
2026-10-01T00:01:00+00:00,036930.KQ,KOSDAQ,equity,230750.0,234000.0,228000.0,232500.0,15655.0,232000.0,232500.0,,,7296.0,8359.0,365.0,,,,
2026-10-01T00:01:00+00:00,043260.KQ,KOSDAQ,equity,26300.0,26850.0,26250.0,26550.0,46133.0,26550.0,26600.0,,,23720.0,22413.0,500.0,,,,
2026-10-01T00:01:00+00:00,047040.KS,KRX,equity,18050.0,18070.0,17710.0,17740.0,233679.0,17730.0,17740.0,,,53981.0,179698.0,852.0,,,,
2026-10-01T00:01:00+00:00,035720.KS,KRX,equity,33325.0,33450.0,33200.0,33350.0,11264.0,33350.0,33400.0,,,3505.0,7759.0,77.0,,,,
2026-10-01T00:01:00+00:00,108490.KQ,KOSDAQ,equity,284000.0,284500.0,282000.0,283000.0,1814.0,282500.0,283000.0,,,318.0,1496.0,105.0,,,,
2026-10-01T00:01:00+00:00,386380.KQ,KOSDAQ,equity,18240.0,18260.0,18190.0,18190.0,2963.0,18190.0,18200.0,,,1792.0,1171.0,123.0,,,,
2026-10-01T00:01:00+00:00,012450.KS,KRX,equity,1038000.0,1043000.0,1031000.0,1039000.0,2731.0,1039000.0,1040000.0,,,1760.0,971.0,230.0,,,,
2026-10-01T00:01:00+00:00,000720.KS,KRX,equity,121600.0,122000.0,118200.0,118500.0,29531.0,118500.0,118800.0,,,4755.0,24776.0,744.0,,,,
2026-10-01T00:01:00+00:00,006360.KS,KRX,equity,34450.0,34450.0,33850.0,34000.0,24527.0,33950.0,34000.0,,,843.0,23684.0,78.0,,,,
2026-10-01T00:01:00+00:00,006400.KS,KRX,equity,507000.0,510000.0,507000.0,509000.0,2075.0,508000.0,509000.0,,,999.0,1076.0,123.0,,,,
2026-10-01T00:01:00+00:00,010170.KQ,KOSDAQ,equity,16510.0,16570.0,16470.0,16490.0,48831.0,16480.0,16490.0,,,31536.0,17295.0,384.0,,,,
2026-10-01T00:01:00+00:00,011070.KS,KRX,equity,551500.0,555000.0,551000.0,552000.0,3290.0,551000.0,552000.0,,,1284.0,2006.0,148.0,,,,
2026-10-01T00:01:00+00:00,036540.KQ,KOSDAQ,equity,10920.0,10990.0,10860.0,10930.0,105464.0,10920.0,10930.0,,,69134.0,36330.0,322.0,,,,
2026-10-01T00:01:00+00:00,005830.KS,KRX,equity,184600.0,184800.0,183800.0,183800.0,2343.0,183800.0,183900.0,,,1545.0,798.0,118.0,,,,
2026-10-01T00:01:00+00:00,267250.KS,KRX,equity,201500.0,202000.0,200000.0,200500.0,1542.0,200500.0,200500.0,,,498.0,1044.0,67.0,,,,
2026-10-01T00:01:00+00:00,319660.KQ,KOSDAQ,equity,147100.0,150300.0,147100.0,148600.0,1730.0,148600.0,148700.0,,,1074.0,656.0,153.0,,,,
2026-10-01T00:01:00+00:00,000150.KS,KRX,equity,1402000.0,1412000.0,1395000.0,1395000.0,1130.0,1396000.0,1398000.0,,,485.0,645.0,156.0,,,,
2026-10-01T00:01:00+00:00,005935.KS,KRX,equity,194400.0,195300.0,193800.0,193900.0,41791.0,193800.0,193900.0,,,25838.0,15953.0,336.0,,,,
2026-10-01T00:01:00+00:00,067310.KQ,KOSDAQ,equity,47600.0,48000.0,47400.0,47950.0,23314.0,47850.0,47900.0,,,13537.0,9777.0,242.0,,,,
2026-10-01T00:01:00+00:00,017670.KS,KRX,equity,85300.0,85500.0,85100.0,85500.0,6026.0,85300.0,85500.0,,,1414.0,4612.0,80.0,,,,
2026-10-01T00:01:00+00:00,066570.KS,KRX,equity,210000.0,210000.0,207000.0,208000.0,20850.0,207500.0,208000.0,,,5138.0,15712.0,334.0,,,,
2026-10-01T00:01:00+00:00,021240.KS,KRX,equity,99100.0,99200.0,98500.0,98500.0,542.0,98700.0,99000.0,,,263.0,279.0,42.0,,,,
2026-10-01T00:01:00+00:00,028050.KS,KRX,equity,48400.0,48600.0,47650.0,47850.0,27002.0,47800.0,47850.0,,,6859.0,20143.0,269.0,,,,
2026-10-01T00:01:00+00:00,058470.KQ,KOSDAQ,equity,73400.0,73900.0,73400.0,73700.0,3611.0,73600.0,73700.0,,,2325.0,1286.0,85.0,,,,
2026-10-01T00:01:00+00:00,396300.KQ,KOSDAQ,equity,5430.0,5460.0,5420.0,5440.0,4538.0,5440.0,5480.0,,,1834.0,2704.0,32.0,,,,
2026-10-01T00:01:00+00:00,011200.KS,KRX,equity,20850.0,21100.0,20850.0,21100.0,30364.0,21050.0,21100.0,,,27955.0,2409.0,70.0,,,,
2026-10-01T00:01:00+00:00,028260.KS,KRX,equity,339000.0,339500.0,338000.0,339000.0,1109.0,338500.0,339000.0,,,671.0,438.0,60.0,,,,
2026-10-01T00:01:00+00:00,128940.KS,KRX,equity,494000.0,497500.0,493500.0,496000.0,237.0,496000.0,496500.0,,,128.0,109.0,37.0,,,,
2026-10-01T00:01:00+00:00,326030.KS,KRX,equity,74500.0,74800.0,74300.0,74300.0,576.0,74300.0,74500.0,,,319.0,257.0,28.0,,,,
2026-10-01T00:01:00+00:00,329180.KS,KRX,equity,432000.0,434000.0,430500.0,433000.0,4005.0,433000.0,433500.0,,,1041.0,2964.0,85.0,,,,
2026-10-01T00:01:00+00:00,393210.KQ,KOSDAQ,equity,3405.0,3405.0,3360.0,3370.0,6260.0,3365.0,3370.0,,,1155.0,5105.0,49.0,,,,
2026-10-01T00:01:00+00:00,051910.KS,KRX,equity,249500.0,252500.0,248500.0,251500.0,2934.0,251000.0,252000.0,,,1394.0,1540.0,109.0,,,,
2026-10-01T00:01:00+00:00,001440.KS,KRX,equity,29250.0,29300.0,29050.0,29150.0,20670.0,29100.0,29150.0,,,4176.0,16494.0,218.0,,,,
2026-10-01T00:01:00+00:00,005490.KS,KRX,equity,307000.0,307500.0,305500.0,307000.0,5240.0,307000.0,307500.0,,,1858.0,3382.0,105.0,,,,
2026-10-01T00:01:00+00:00,009830.KS,KRX,equity,32850.0,33100.0,32500.0,32700.0,50856.0,32650.0,32700.0,,,17255.0,33601.0,397.0,,,,
2026-10-01T00:01:00+00:00,033780.KS,KRX,equity,176500.0,177300.0,176500.0,177100.0,2306.0,177200.0,177100.0,,,1857.0,449.0,66.0,,,,
2026-10-01T00:01:00+00:00,0161M0.KQ,KOSDAQ,equity,16670.0,16780.0,16640.0,16700.0,12853.0,16700.0,16730.0,,,3858.0,8995.0,174.0,,,,
2026-10-01T00:01:00+00:00,095610.KQ,KOSDAQ,equity,170100.0,172600.0,170000.0,171400.0,6285.0,171400.0,171600.0,,,4803.0,1482.0,246.0,,,,
2026-10-01T00:01:00+00:00,003490.KS,KRX,equity,31750.0,31950.0,31650.0,31750.0,6605.0,31700.0,31750.0,,,1467.0,5138.0,89.0,,,,
2026-10-01T00:01:00+00:00,080220.KQ,KOSDAQ,equity,77800.0,78500.0,77400.0,78300.0,6078.0,78100.0,78300.0,,,4291.0,1787.0,114.0,,,,
2026-10-01T00:01:00+00:00,251270.KS,KRX,equity,34750.0,34850.0,34550.0,34750.0,1207.0,34750.0,34850.0,,,993.0,214.0,37.0,,,,
2026-10-01T00:01:00+00:00,419050.KQ,KOSDAQ,equity,1823.0,1823.0,1787.0,1810.0,28550.0,1810.0,1822.0,,,13207.0,15343.0,62.0,,,,
2026-10-01T00:01:00+00:00,115440.KQ,KOSDAQ,equity,11820.0,11820.0,11600.0,11620.0,6593.0,11620.0,11680.0,,,654.0,5939.0,56.0,,,,
2026-10-01T00:01:00+00:00,042660.KS,KRX,equity,78600.0,78800.0,78000.0,78300.0,16091.0,78200.0,78300.0,,,2788.0,13303.0,174.0,,,,
2026-10-01T00:01:00+00:00,001820.KS,KRX,equity,148300.0,149200.0,148300.0,148800.0,3889.0,148500.0,148900.0,,,1210.0,2679.0,147.0,,,,
2026-10-01T00:01:00+00:00,068270.KS,KRX,equity,178900.0,179500.0,178600.0,178900.0,5258.0,179200.0,179500.0,,,4363.0,895.0,103.0,,,,
2026-10-01T00:01:00+00:00,440110.KQ,KOSDAQ,equity,82200.0,84700.0,81800.0,83900.0,6009.0,83500.0,83900.0,,,3543.0,2466.0,170.0,,,,
2026-10-01T00:01:00+00:00,010140.KS,KRX,equity,19680.0,19800.0,19670.0,19720.0,26541.0,19740.0,19730.0,,,11824.0,14717.0,240.0,,,,
2026-10-01T00:01:00+00:00,018260.KS,KRX,equity,218500.0,219000.0,217000.0,217500.0,2733.0,217000.0,217500.0,,,259.0,2474.0,39.0,,,,
2026-10-01T00:01:00+00:00,055550.KS,KRX,equity,105300.0,106000.0,105000.0,106000.0,8789.0,105900.0,106000.0,,,6881.0,1908.0,110.0,,,,
2026-10-01T00:01:00+00:00,207940.KS,KRX,equity,1390000.0,1394000.0,1390000.0,1390000.0,128.0,1390000.0,1394000.0,,,70.0,58.0,32.0,,,,
2026-10-01T00:01:00+00:00,003230.KS,KRX,equity,1208000.0,1211000.0,1206000.0,1210000.0,81.0,1208000.0,1210000.0,,,39.0,42.0,27.0,,,,
2026-10-01T00:01:00+00:00,034730.KS,KRX,equity,580000.0,581000.0,574000.0,574000.0,1067.0,574000.0,575000.0,,,432.0,635.0,64.0,,,,
2026-10-01T00:01:00+00:00,298040.KS,KRX,equity,2728000.0,2729000.0,2708000.0,2711000.0,527.0,2711000.0,2712000.0,,,173.0,354.0,155.0,,,,
2026-10-01T00:01:00+00:00,007660.KS,KRX,equity,114600.0,115000.0,114200.0,114400.0,4174.0,114300.0,114400.0,,,964.0,3210.0,115.0,,,,
2026-10-01T00:01:00+00:00,356680.KQ,KOSDAQ,equity,17900.0,17990.0,17850.0,17850.0,14901.0,17890.0,17930.0,,,8481.0,6420.0,181.0,,,,
2026-10-01T00:01:00+00:00,089970.KQ,KOSDAQ,equity,61300.0,62300.0,61300.0,62300.0,5080.0,62200.0,62300.0,,,3972.0,1108.0,89.0,,,,
2026-10-01T00:01:00+00:00,222800.KQ,KOSDAQ,equity,148400.0,149600.0,148300.0,148800.0,2809.0,148700.0,148800.0,,,1659.0,1150.0,164.0,,,,
2026-10-01T00:01:00+00:00,032830.KS,KRX,equity,280000.0,281000.0,279000.0,279000.0,1347.0,279000.0,279500.0,,,275.0,1072.0,57.0,,,,
2026-10-01T00:01:00+00:00,046970.KQ,KOSDAQ,equity,7330.0,7330.0,7100.0,7230.0,19469.0,7230.0,7240.0,,,9486.0,9983.0,115.0,,,,
2026-10-01T00:01:00+00:00,278470.KS,KRX,equity,362500.0,367000.0,362500.0,365000.0,1237.0,365000.0,365000.0,,,971.0,266.0,49.0,,,,
2026-10-01T00:01:00+00:00,003670.KS,KRX,equity,177600.0,178100.0,177000.0,177800.0,2411.0,177700.0,177800.0,,,1041.0,1370.0,120.0,,,,
2026-10-01T00:01:00+00:00,003550.KS,KRX,equity,110000.0,110000.0,109400.0,109600.0,698.0,109500.0,109600.0,,,171.0,527.0,44.0,,,,
2026-10-01T00:01:00+00:00,000810.KS,KRX,equity,632000.0,635000.0,630000.0,633000.0,319.0,630000.0,633000.0,,,131.0,188.0,36.0,,,,
2026-10-01T00:01:00+00:00,353200.KS,KRX,equity,132000.0,133100.0,131600.0,132500.0,4098.0,132200.0,132500.0,,,3201.0,897.0,143.0,,,,
2026-10-01T00:01:00+00:00,272210.KS,KRX,equity,75100.0,75500.0,74900.0,75300.0,4862.0,75300.0,75400.0,,,2653.0,2209.0,92.0,,,,
2026-10-01T00:01:00+00:00,180640.KS,KRX,equity,132800.0,133500.0,132400.0,132900.0,402.0,132900.0,133500.0,,,228.0,174.0,32.0,,,,
2026-10-01T00:01:00+00:00,096770.KS,KRX,equity,149100.0,149800.0,148700.0,149100.0,5397.0,149000.0,149100.0,,,2399.0,2998.0,120.0,,,,
2026-10-01T00:01:00+00:00,047810.KS,KRX,equity,127300.0,127800.0,126900.0,127600.0,1713.0,127300.0,127300.0,,,1028.0,685.0,77.0,,,,
2026-10-01T00:01:00+00:00,024110.KS,KRX,equity,20200.0,20200.0,20100.0,20150.0,6772.0,20150.0,20200.0,,,5451.0,1321.0,29.0,,,,
2026-10-01T00:01:00+00:00,009540.KS,KRX,equity,325500.0,326500.0,323000.0,324500.0,1684.0,324500.0,325000.0,,,988.0,696.0,75.0,,,,
2026-10-01T00:01:00+00:00,010950.KS,KRX,equity,160700.0,162000.0,160300.0,161000.0,1113.0,161000.0,161700.0,,,759.0,354.0,62.0,,,,
2026-10-01T00:01:00+00:00,030530.KQ,KOSDAQ,equity,26200.0,26400.0,26100.0,26400.0,7641.0,26250.0,26400.0,,,4306.0,3335.0,58.0,,,,
2026-10-01T00:01:00+00:00,011780.KS,KRX,equity,115500.0,115700.0,114500.0,115200.0,421.0,115100.0,115200.0,,,95.0,326.0,30.0,,,,
2026-10-01T00:01:00+00:00,011170.KS,KRX,equity,59900.0,60000.0,59600.0,59700.0,390.0,59700.0,60100.0,,,97.0,293.0,23.0,,,,
2026-09-30T23:42:00+00:00,ISRG,US,equity,407.3649,407.3649,407.3649,407.3649,0.0,,,,,,,,,,,
2026-09-30T23:42:00+00:00,JPM,US,equity,331.75,331.8,331.75,331.8,0.0,,,,,,,,,,,
2026-09-30T23:46:48+00:00,JPM,US,equity,331.58,331.58,331.58,331.58,0.0,,,,,,,,,,,
2026-09-30T23:45:00+00:00,SPY,US,index_etf,765.47,765.47,765.44,765.44,0.0,,,,,,,,,,,
2026-09-30T23:52:00+00:00,ES=F,CME,index_future,7743.75,7744.5,7743.5,7744.5,0.0,,,,,,,,,,,
2026-09-30T23:52:26+00:00,ES=F,CME,index_future,7744.25,7744.25,7744.25,7744.25,0.0,,,,,,,,,,,
2026-09-30T23:52:00+00:00,NQ=F,CME,index_future,30821.75,30826.5,30821.75,30825.5,0.0,,,,,,,,,,,
2026-09-30T23:52:26+00:00,NQ=F,CME,index_future,30826.0,30826.0,30826.0,30826.0,0.0,,,,,,,,,,,
2026-09-30T23:52:00+00:00,GC=F,COMEX,commodity_future,4186.2998046875,4186.5,4186.2998046875,4186.39990234375,0.0,,,,,,,,,,,
2026-09-30T23:52:10+00:00,GC=F,COMEX,commodity_future,4186.5,4186.5,4186.5,4186.5,0.0,,,,,,,,,,,
2026-09-30T23:52:00+00:00,SI=F,COMEX,commodity_future,60.70000076293945,60.70000076293945,60.70000076293945,60.70000076293945,0.0,,,,,,,,,,,
2026-09-30T23:51:00+00:00,CL=F,NYMEX,commodity_future,89.93000030517578,89.94000244140625,89.93000030517578,89.94000244140625,0.0,,,,,,,,,,,
2026-09-30T23:51:54+00:00,CL=F,NYMEX,commodity_future,89.94000244140625,89.94000244140625,89.94000244140625,89.94000244140625,0.0,,,,,,,,,,,
2026-10-01T00:00:00+00:00,EURUSD=X,FX,currency,1.1330161094665527,1.1330161094665527,1.1330161094665527,1.1330161094665527,0.0,,,,,,,,,,,
2026-10-01T00:01:00+00:00,KRW=X,FX,currency,1358.0799560546875,1358.47998046875,1357.699951171875,1358.3800048828125,0.0,,,,,,,,,,,
2026-10-01T00:01:00+00:00,JPY=X,FX,currency,157.62899780273438,157.656005859375,157.5970001220703,157.5970001220703,0.0,,,,,,,,,,,
2026-10-01T00:00:00+00:00,GBPUSD=X,FX,currency,1.3262951374053955,1.3262951374053955,1.3262951374053955,1.3262951374053955,0.0,,,,,,,,,,,
2026-10-01T00:01:00+00:00,201490.KQ,KOSDAQ,equity,3390.0,3410.0,3385.0,3390.0,5387.0,3400.0,3410.0,,,1973.0,3414.0,29.0,,,,
2026-10-01T00:01:00+00:00,035760.KQ,KOSDAQ,equity,36650.0,36700.0,36600.0,36600.0,122.0,36700.0,36600.0,,,61.0,61.0,10.0,,,,
2026-10-01T00:02:00+00:00,BTC-USD,CRYPTO,crypto,83500.2,83500.2,83485.0,83485.0,0.18226166,,,,,,,47.0,,,,
2026-10-01T00:02:00+00:00,ETH-USD,CRYPTO,crypto,2682.75,2682.75,2681.96,2681.96,1.95222238,,,,,,,16.0,,,,
2026-10-01T00:02:00+00:00,402340.KS,KRX,equity,1102000.0,1103000.0,1098000.0,1101000.0,6918.0,1101000.0,1102000.0,,,2640.0,4278.0,327.0,,,,
2026-10-01T00:02:00+00:00,047040.KS,KRX,equity,17740.0,17750.0,17610.0,17710.0,89656.0,17710.0,17720.0,,,24819.0,64837.0,480.0,,,,
2026-10-01T00:02:00+00:00,043260.KQ,KOSDAQ,equity,26600.0,26800.0,26400.0,26600.0,38528.0,26500.0,26550.0,,,12562.0,25966.0,440.0,,,,
2026-10-01T00:02:00+00:00,000660.KS,KRX,equity,1754000.0,1755000.0,1750000.0,1751000.0,26747.0,1751000.0,1751000.0,,,5615.0,21132.0,1360.0,,,,
2026-10-01T00:02:00+00:00,440110.KQ,KOSDAQ,equity,83900.0,84500.0,83400.0,84000.0,5545.0,83900.0,84000.0,,,4656.0,889.0,139.0,,,,
2026-10-01T00:02:00+00:00,005930.KS,KRX,equity,266500.0,266500.0,265500.0,265750.0,114561.0,265500.0,266000.0,,,30866.0,83695.0,1336.0,,,,
2026-10-01T00:02:00+00:00,005490.KS,KRX,equity,307500.0,309500.0,307000.0,309500.0,1330.0,309000.0,309500.0,,,978.0,352.0,97.0,,,,
2026-10-01T00:02:00+00:00,005830.KS,KRX,equity,184000.0,184400.0,183500.0,184000.0,1121.0,184000.0,184100.0,,,827.0,294.0,93.0,,,,
2026-10-01T00:02:00+00:00,005935.KS,KRX,equity,193900.0,193900.0,193300.0,193300.0,21930.0,193300.0,193400.0,,,6484.0,15446.0,443.0,,,,
2026-10-01T00:02:00+00:00,006400.KS,KRX,equity,508000.0,511500.0,508000.0,511000.0,1503.0,511000.0,511000.0,,,1033.0,470.0,91.0,,,,
2026-10-01T00:02:00+00:00,007660.KS,KRX,equity,114300.0,114400.0,113900.0,114100.0,2018.0,114100.0,114200.0,,,237.0,1781.0,83.0,,,,
2026-10-01T00:02:00+00:00,011070.KS,KRX,equity,551000.0,553000.0,550000.0,551000.0,2963.0,551000.0,552000.0,,,1001.0,1962.0,114.0,,,,
2026-10-01T00:02:00+00:00,030200.KS,KRX,equity,51900.0,52000.0,51800.0,52000.0,1275.0,51900.0,52000.0,,,431.0,844.0,89.0,,,,
2026-10-01T00:02:00+00:00,034020.KS,KRX,equity,82200.0,82400.0,81800.0,82200.0,116229.0,82100.0,82200.0,,,50494.0,65735.0,1228.0,,,,
2026-10-01T00:02:00+00:00,036540.KQ,KOSDAQ,equity,10930.0,10950.0,10650.0,10850.0,70027.0,10840.0,10850.0,,,23166.0,46861.0,281.0,,,,
2026-10-01T00:02:00+00:00,042700.KS,KRX,equity,263500.0,265000.0,263250.0,265000.0,27406.0,264500.0,265000.0,,,20541.0,6865.0,901.0,,,,
2026-10-01T00:02:00+00:00,067310.KQ,KOSDAQ,equity,47900.0,47950.0,47550.0,47600.0,12881.0,47550.0,47600.0,,,1952.0,10929.0,192.0,,,,
2026-10-01T00:02:00+00:00,072950.KQ,KOSDAQ,equity,14800.0,14840.0,14690.0,14750.0,28557.0,14700.0,14720.0,,,12938.0,15619.0,184.0,,,,
2026-10-01T00:02:00+00:00,005380.KS,KRX,equity,345500.0,346500.0,345000.0,346000.0,6032.0,345500.0,346000.0,,,3442.0,2590.0,229.0,,,,
2026-10-01T00:02:00+00:00,003490.KS,KRX,equity,31750.0,31750.0,31650.0,31650.0,3877.0,31700.0,31750.0,,,324.0,3553.0,92.0,,,,
2026-10-01T00:02:00+00:00,010170.KQ,KOSDAQ,equity,16490.0,16640.0,16480.0,16600.0,47243.0,16590.0,16600.0,,,36576.0,10667.0,262.0,,,,
2026-10-01T00:02:00+00:00,000150.KS,KRX,equity,1397000.0,1399000.0,1386000.0,1388000.0,1546.0,1387000.0,1388000.0,,,611.0,935.0,181.0,,,,
2026-10-01T00:02:00+00:00,003550.KS,KRX,equity,109500.0,109900.0,109500.0,109900.0,278.0,109800.0,109900.0,,,201.0,77.0,27.0,,,,
2026-10-01T00:02:00+00:00,028260.KS,KRX,equity,339000.0,339000.0,337500.0,337500.0,1697.0,337500.0,338000.0,,,641.0,1056.0,71.0,,,,
2026-10-01T00:02:00+00:00,103590.KS,KRX,equity,80600.0,80700.0,80200.0,80300.0,3795.0,80300.0,80400.0,,,1055.0,2740.0,149.0,,,,
2026-10-01T00:02:00+00:00,316140.KS,KRX,equity,33100.0,33300.0,32500.0,33300.0,153572.0,33200.0,33250.0,,,62743.0,90829.0,458.0,,,,
2026-10-01T00:02:00+00:00,000270.KS,KRX,equity,113000.0,113900.0,113000.0,113800.0,10361.0,113800.0,113900.0,,,6460.0,3901.0,162.0,,,,
2026-10-01T00:02:00+00:00,001440.KS,KRX,equity,29150.0,29150.0,29000.0,29050.0,14708.0,29050.0,29100.0,,,4810.0,9898.0,190.0,,,,
2026-10-01T00:02:00+00:00,046970.KQ,KOSDAQ,equity,7230.0,7270.0,7230.0,7270.0,3758.0,7270.0,7280.0,,,1693.0,2065.0,27.0,,,,
2026-10-01T00:02:00+00:00,028050.KS,KRX,equity,47800.0,47900.0,47700.0,47800.0,4624.0,47800.0,47850.0,,,1232.0,3392.0,120.0,,,,
2026-10-01T00:02:00+00:00,033780.KS,KRX,equity,177300.0,178000.0,176700.0,177100.0,1109.0,177100.0,177600.0,,,582.0,527.0,78.0,,,,
2026-10-01T00:02:00+00:00,036930.KQ,KOSDAQ,equity,232500.0,232500.0,229500.0,229500.0,8295.0,229500.0,230000.0,,,2519.0,5776.0,316.0,,,,
2026-10-01T00:02:00+00:00,319660.KQ,KOSDAQ,equity,148600.0,149300.0,148600.0,148800.0,1139.0,148800.0,148900.0,,,618.0,521.0,62.0,,,,
2026-10-01T00:02:00+00:00,387690.KQ,KOSDAQ,equity,19820.0,19820.0,19600.0,19610.0,6646.0,19590.0,19620.0,,,351.0,6295.0,99.0,,,,
2026-10-01T00:02:00+00:00,950260.KQ,KOSDAQ,equity,26900.0,27400.0,26550.0,26750.0,30030.0,26700.0,26750.0,,,17685.0,12345.0,327.0,,,,
2026-10-01T00:02:00+00:00,240810.KQ,KOSDAQ,equity,134200.0,134300.0,132100.0,132100.0,6956.0,132100.0,132500.0,,,3678.0,3278.0,281.0,,,,
2026-10-01T00:02:00+00:00,009150.KS,KRX,equity,1473000.0,1477000.0,1465000.0,1467000.0,11319.0,1466000.0,1467000.0,,,2908.0,8411.0,719.0,,,,
2026-10-01T00:02:00+00:00,066570.KS,KRX,equity,208000.0,208500.0,207500.0,208500.0,4381.0,208000.0,208500.0,,,1213.0,3168.0,178.0,,,,
2026-10-01T00:02:00+00:00,105560.KS,KRX,equity,168800.0,169200.0,168400.0,168700.0,9115.0,168700.0,168800.0,,,7214.0,1901.0,133.0,,,,
2026-10-01T00:02:00+00:00,403870.KQ,KOSDAQ,equity,63800.0,64000.0,63600.0,63700.0,13128.0,63700.0,63800.0,,,7419.0,5709.0,233.0,,,,
2026-10-01T00:02:00+00:00,017670.KS,KRX,equity,85500.0,85600.0,85300.0,85400.0,1455.0,85300.0,85400.0,,,189.0,1266.0,61.0,,,,
2026-10-01T00:02:00+00:00,058470.KQ,KOSDAQ,equity,73700.0,73800.0,73400.0,73400.0,4273.0,73300.0,73400.0,,,3242.0,1031.0,66.0,,,,
2026-10-01T00:02:00+00:00,089970.KQ,KOSDAQ,equity,62200.0,62300.0,61800.0,61900.0,2782.0,61800.0,61900.0,,,355.0,2427.0,51.0,,,,
2026-10-01T00:02:00+00:00,093370.KS,KRX,equity,14400.0,14460.0,14400.0,14450.0,42616.0,14450.0,14460.0,,,13380.0,29236.0,363.0,,,,
2026-10-01T00:02:00+00:00,095610.KQ,KOSDAQ,equity,171400.0,171600.0,170800.0,170900.0,1448.0,170800.0,170900.0,,,622.0,826.0,120.0,,,,
2026-10-01T00:02:00+00:00,108490.KQ,KOSDAQ,equity,283000.0,283000.0,280500.0,280500.0,3293.0,280500.0,281000.0,,,357.0,2936.0,185.0,,,,
2026-10-01T00:02:00+00:00,068270.KS,KRX,equity,179500.0,180800.0,179200.0,180500.0,17847.0,180400.0,180500.0,,,14894.0,2953.0,295.0,,,,
2026-10-01T00:02:00+00:00,015760.KS,KRX,equity,30050.0,30250.0,30050.0,30200.0,3421.0,30200.0,30250.0,,,1634.0,1787.0,50.0,,,,
2026-10-01T00:02:00+00:00,278470.KS,KRX,equity,365000.0,365500.0,364000.0,364000.0,429.0,364000.0,364500.0,,,106.0,323.0,35.0,,,,
2026-10-01T00:02:00+00:00,393210.KQ,KOSDAQ,equity,3365.0,3400.0,3345.0,3390.0,11657.0,3345.0,3390.0,,,5712.0,5945.0,51.0,,,,
2026-10-01T00:02:00+00:00,052690.KS,KRX,equity,126800.0,127000.0,126200.0,126500.0,15318.0,126400.0,126500.0,,,4327.0,10991.0,402.0,,,,
2026-10-01T00:02:00+00:00,006360.KS,KRX,equity,33950.0,34000.0,33500.0,33550.0,9596.0,33550.0,33700.0,,,2515.0,7081.0,92.0,,,,
2026-10-01T00:02:00+00:00,009830.KS,KRX,equity,32650.0,33400.0,32600.0,33200.0,45485.0,33200.0,33300.0,,,34515.0,10970.0,342.0,,,,
2026-10-01T00:02:00+00:00,035720.KS,KRX,equity,33400.0,33650.0,33400.0,33600.0,5334.0,33600.0,33650.0,,,4087.0,1247.0,69.0,,,,
2026-10-01T00:02:00+00:00,298040.KS,KRX,equity,2711000.0,2712000.0,2705000.0,2707000.0,418.0,2706000.0,2707000.0,,,146.0,272.0,145.0,,,,
2026-10-01T00:02:00+00:00,010120.KS,KRX,equity,200500.0,201000.0,200500.0,200500.0,7744.0,200500.0,201000.0,,,2383.0,5361.0,140.0,,,,
2026-10-01T00:02:00+00:00,012330.KS,KRX,equity,377500.0,379500.0,376000.0,377000.0,11820.0,376500.0,377000.0,,,2958.0,8862.0,420.0,,,,
2026-10-01T00:02:00+00:00,251270.KS,KRX,equity,34800.0,35050.0,34800.0,35000.0,1452.0,35000.0,35000.0,,,1250.0,202.0,48.0,,,,
2026-10-01T00:02:00+00:00,009540.KS,KRX,equity,324500.0,327000.0,324500.0,326000.0,508.0,325500.0,326000.0,,,304.0,204.0,47.0,,,,
2026-10-01T00:02:00+00:00,353200.KS,KRX,equity,132200.0,132700.0,131900.0,132100.0,2777.0,131900.0,132100.0,,,889.0,1888.0,104.0,,,,
2026-10-01T00:02:00+00:00,012450.KS,KRX,equity,1039000.0,1040000.0,1033000.0,1035000.0,807.0,1035000.0,1036000.0,,,400.0,407.0,119.0,,,,
2026-10-01T00:02:00+00:00,003670.KS,KRX,equity,177700.0,179700.0,177600.0,179300.0,2191.0,179600.0,179300.0,,,1105.0,1086.0,92.0,,,,
2026-10-01T00:02:00+00:00,001820.KS,KRX,equity,148800.0,148800.0,147300.0,147500.0,5022.0,147500.0,147900.0,,,1413.0,3609.0,174.0,,,,
2026-10-01T00:02:00+00:00,080220.KQ,KOSDAQ,equity,78100.0,78400.0,77700.0,77900.0,2795.0,77800.0,77900.0,,,695.0,2100.0,89.0,,,,
2026-10-01T00:02:00+00:00,356680.KQ,KOSDAQ,equity,17880.0,17930.0,17800.0,17800.0,12862.0,17820.0,17860.0,,,2531.0,10331.0,109.0,,,,
2026-10-01T00:02:00+00:00,478340.KQ,KOSDAQ,equity,13640.0,13640.0,13550.0,13560.0,796.0,13560.0,13630.0,,,67.0,729.0,24.0,,,,
2026-10-01T00:02:00+00:00,010140.KS,KRX,equity,19730.0,19800.0,19690.0,19720.0,16090.0,19720.0,19730.0,,,7678.0,8412.0,152.0,,,,
2026-10-01T00:02:00+00:00,326030.KS,KRX,equity,74500.0,74800.0,74300.0,74500.0,330.0,74500.0,74800.0,,,281.0,49.0,20.0,,,,
2026-10-01T00:02:00+00:00,373220.KS,KRX,equity,354500.0,357000.0,354000.0,357000.0,922.0,356500.0,357000.0,,,802.0,120.0,60.0,,,,
2026-10-01T00:02:00+00:00,180640.KS,KRX,equity,132900.0,134800.0,132900.0,133800.0,1110.0,134000.0,134200.0,,,807.0,303.0,57.0,,,,
2026-10-01T00:02:00+00:00,267250.KS,KRX,equity,200500.0,201000.0,200000.0,200500.0,746.0,200500.0,201000.0,,,680.0,66.0,33.0,,,,
2026-10-01T00:02:00+00:00,272210.KS,KRX,equity,75300.0,75300.0,74900.0,75000.0,2326.0,75100.0,75100.0,,,987.0,1339.0,84.0,,,,
2026-10-01T00:02:00+00:00,096770.KS,KRX,equity,149000.0,149500.0,149000.0,149300.0,3742.0,149200.0,149300.0,,,2478.0,1264.0,92.0,,,,
2026-10-01T00:02:00+00:00,010950.KS,KRX,equity,161000.0,161800.0,161000.0,161200.0,511.0,161200.0,161600.0,,,101.0,410.0,33.0,,,,
2026-10-01T00:02:00+00:00,086790.KS,KRX,equity,130700.0,130700.0,130000.0,130100.0,1783.0,130200.0,130100.0,,,950.0,833.0,59.0,,,,
2026-10-01T00:02:00+00:00,0161M0.KQ,KOSDAQ,equity,16700.0,16720.0,16420.0,16420.0,23783.0,16420.0,16430.0,,,2399.0,21384.0,163.0,,,,
2026-10-01T00:02:00+00:00,035420.KS,KRX,equity,191800.0,193000.0,191800.0,192400.0,1762.0,192400.0,192500.0,,,1333.0,429.0,115.0,,,,
2026-10-01T00:02:00+00:00,042660.KS,KRX,equity,78200.0,78500.0,78000.0,78200.0,6529.0,78200.0,78300.0,,,650.0,5879.0,112.0,,,,
2026-10-01T00:02:00+00:00,047810.KS,KRX,equity,127300.0,127500.0,127200.0,127200.0,828.0,127200.0,127300.0,,,234.0,594.0,52.0,,,,
2026-10-01T00:02:00+00:00,051910.KS,KRX,equity,252000.0,256000.0,251000.0,255000.0,4784.0,254500.0,255000.0,,,3418.0,1366.0,148.0,,,,
2026-10-01T00:02:00+00:00,055550.KS,KRX,equity,106100.0,106300.0,105600.0,105600.0,7724.0,105600.0,105700.0,,,5443.0,2281.0,85.0,,,,
2026-10-01T00:02:00+00:00,222800.KQ,KOSDAQ,equity,148800.0,148800.0,148100.0,148100.0,2909.0,148100.0,148200.0,,,558.0,2351.0,122.0,,,,
2026-10-01T00:02:00+00:00,396300.KQ,KOSDAQ,equity,5440.0,5470.0,5370.0,5400.0,43175.0,5400.0,5420.0,,,18620.0,24555.0,47.0,,,,
2026-10-01T00:02:00+00:00,024110.KS,KRX,equity,20150.0,20200.0,20150.0,20150.0,1401.0,20150.0,20200.0,,,16.0,1385.0,19.0,,,,
2026-10-01T00:02:00+00:00,032830.KS,KRX,equity,279500.0,279500.0,278500.0,279000.0,832.0,278500.0,279000.0,,,86.0,746.0,32.0,,,,
2026-10-01T00:02:00+00:00,034730.KS,KRX,equity,574000.0,574000.0,570000.0,571000.0,947.0,571000.0,572000.0,,,423.0,524.0,60.0,,,,
2026-10-01T00:02:00+00:00,018260.KS,KRX,equity,217500.0,218500.0,217500.0,217500.0,479.0,217500.0,218500.0,,,215.0,264.0,34.0,,,,
2026-10-01T00:02:00+00:00,021240.KS,KRX,equity,99000.0,99600.0,98700.0,99200.0,404.0,99200.0,99400.0,,,182.0,222.0,31.0,,,,
2026-10-01T00:02:00+00:00,207940.KS,KRX,equity,1390000.0,1400000.0,1389000.0,1392000.0,278.0,1392000.0,1395000.0,,,180.0,98.0,78.0,,,,
2026-10-01T00:02:00+00:00,011200.KS,KRX,equity,21100.0,21150.0,21000.0,21050.0,27749.0,21050.0,21100.0,,,20937.0,6812.0,93.0,,,,
2026-10-01T00:02:00+00:00,386380.KQ,KOSDAQ,equity,18190.0,18200.0,17870.0,17910.0,13064.0,17920.0,17930.0,,,4410.0,8654.0,154.0,,,,
2026-10-01T00:02:00+00:00,000810.KS,KRX,equity,631000.0,634000.0,631000.0,631000.0,48.0,631000.0,633000.0,,,25.0,23.0,19.0,,,,
2026-10-01T00:02:00+00:00,419050.KQ,KOSDAQ,equity,1821.0,1822.0,1809.0,1810.0,11773.0,1808.0,1810.0,,,8190.0,3583.0,38.0,,,,
2026-10-01T00:02:00+00:00,010060.KS,KRX,equity,216000.0,217000.0,216000.0,217000.0,988.0,216500.0,217500.0,,,334.0,654.0,60.0,,,,
2026-10-01T00:02:00+00:00,000720.KS,KRX,equity,118600.0,120100.0,113800.0,118400.0,23650.0,118400.0,120100.0,,,7283.0,16367.0,677.0,,,,
2026-10-01T00:02:00+00:00,011170.KS,KRX,equity,60000.0,60900.0,59700.0,60700.0,1702.0,60700.0,60800.0,,,1504.0,198.0,25.0,,,,
2026-10-01T00:02:00+00:00,030530.KQ,KOSDAQ,equity,26350.0,26450.0,26350.0,26400.0,3541.0,26350.0,26400.0,,,963.0,2578.0,32.0,,,,
2026-10-01T00:02:00+00:00,0010S0.KQ,KOSDAQ,equity,20200.0,20300.0,20050.0,20150.0,5561.0,20150.0,20200.0,,,2531.0,3030.0,88.0,,,,
2026-10-01T00:02:00+00:00,115440.KQ,KOSDAQ,equity,11620.0,11620.0,11500.0,11530.0,6688.0,11540.0,11580.0,,,2656.0,4032.0,87.0,,,,
2026-10-01T00:02:00+00:00,003230.KS,KRX,equity,1211000.0,1216000.0,1209000.0,1216000.0,62.0,1212000.0,1214000.0,,,60.0,2.0,18.0,,,,
2026-10-01T00:02:00+00:00,329180.KS,KRX,equity,433000.0,434000.0,432000.0,433500.0,482.0,433500.0,434000.0,,,269.0,213.0,42.0,,,,
2026-10-01T00:02:00+00:00,201490.KQ,KOSDAQ,equity,3395.0,3395.0,3380.0,3390.0,2114.0,3390.0,3400.0,,,181.0,1933.0,17.0,,,,
2026-10-01T00:02:00+00:00,128940.KS,KRX,equity,496500.0,504000.0,496500.0,498500.0,355.0,498500.0,499000.0,,,242.0,113.0,57.0,,,,
2026-10-01T00:02:00+00:00,011780.KS,KRX,equity,115100.0,115400.0,115100.0,115100.0,13.0,115100.0,115400.0,,,8.0,5.0,9.0,,,,
2026-09-30T23:53:00+00:00,ES=F,CME,index_future,7744.5,7745.0,7744.5,7745.0,0.0,,,,,,,,,,,
2026-09-30T23:53:22+00:00,ES=F,CME,index_future,7744.5,7744.5,7744.5,7744.5,0.0,,,,,,,,,,,
2026-09-30T23:53:00+00:00,NQ=F,CME,index_future,30825.25,30828.75,30824.75,30827.25,0.0,,,,,,,,,,,
2026-09-30T23:53:26+00:00,NQ=F,CME,index_future,30827.0,30827.0,30827.0,30827.0,0.0,,,,,,,,,,,
2026-09-30T23:53:00+00:00,GC=F,COMEX,commodity_future,4186.39990234375,4186.39990234375,4185.7998046875,4185.89990234375,0.0,,,,,,,,,,,
2026-09-30T23:53:03+00:00,GC=F,COMEX,commodity_future,4186.0,4186.0,4186.0,4186.0,0.0,,,,,,,,,,,
2026-09-30T23:53:00+00:00,CL=F,NYMEX,commodity_future,89.93000030517578,89.94999694824219,89.91000366210938,89.94000244140625,0.0,,,,,,,,,,,
2026-09-30T23:53:22+00:00,CL=F,NYMEX,commodity_future,89.94999694824219,89.94999694824219,89.94999694824219,89.94999694824219,0.0,,,,,,,,,,,
2026-09-30T23:52:00+00:00,HG=F,COMEX,commodity_future,6.630499839782715,6.630499839782715,6.630499839782715,6.630499839782715,0.0,,,,,,,,,,,
2026-10-01T00:01:00+00:00,EURUSD=X,FX,currency,1.1332728862762451,1.1332728862762451,1.1332728862762451,1.1332728862762451,0.0,,,,,,,,,,,
2026-10-01T00:02:00+00:00,KRW=X,FX,currency,1358.47998046875,1358.6800537109375,1358.3299560546875,1358.5799560546875,0.0,,,,,,,,,,,
2026-10-01T00:02:00+00:00,JPY=X,FX,currency,157.61199951171875,157.63900756835938,157.5959930419922,157.61000061035156,0.0,,,,,,,,,,,
2026-10-01T00:01:00+00:00,GBPUSD=X,FX,currency,1.326453447341919,1.326453447341919,1.326453447341919,1.326453447341919,0.0,,,,,,,,,,,
2026-10-01T00:02:00+00:00,035760.KQ,KOSDAQ,equity,36900.0,36900.0,36900.0,36900.0,43.0,36700.0,36900.0,,,43.0,0.0,1.0,,,,
2026-10-01T00:03:00+00:00,BTC-USD,CRYPTO,crypto,83484.2,83490.0,83474.9,83490.0,14.99212765,,,,,,,64.0,,,,
2026-10-01T00:03:00+00:00,ETH-USD,CRYPTO,crypto,2681.94,2682.52,2681.7,2682.52,5.17882126,,,,,,,39.0,,,,
2026-10-01T00:03:00+00:00,042700.KS,KRX,equity,265000.0,269000.0,263000.0,268500.0,51966.0,268500.0,269000.0,,,40010.0,11956.0,1039.0,,,,
2026-10-01T00:03:00+00:00,000720.KS,KRX,equity,118400.0,120400.0,118400.0,119200.0,6527.0,119200.0,119300.0,,,2287.0,4240.0,240.0,,,,
2026-10-01T00:03:00+00:00,009540.KS,KRX,equity,325500.0,326500.0,325000.0,326500.0,199.0,326000.0,326500.0,,,109.0,90.0,34.0,,,,
2026-10-01T00:03:00+00:00,000270.KS,KRX,equity,113800.0,113900.0,113500.0,113900.0,7306.0,113900.0,113900.0,,,4034.0,3272.0,150.0,,,,
2026-10-01T00:03:00+00:00,000660.KS,KRX,equity,1751000.0,1758000.0,1749000.0,1756000.0,17269.0,1756000.0,1757000.0,,,4799.0,12470.0,907.0,,,,
2026-10-01T00:03:00+00:00,001440.KS,KRX,equity,29050.0,29250.0,29000.0,29250.0,9055.0,29200.0,29250.0,,,5110.0,3945.0,145.0,,,,
2026-10-01T00:03:00+00:00,010170.KQ,KOSDAQ,equity,16620.0,16780.0,16590.0,16720.0,43657.0,16720.0,16750.0,,,26979.0,16678.0,227.0,,,,
2026-10-01T00:03:00+00:00,030530.KQ,KOSDAQ,equity,26400.0,26400.0,26150.0,26150.0,6462.0,26150.0,26200.0,,,220.0,6242.0,43.0,,,,
2026-10-01T00:03:00+00:00,034020.KS,KRX,equity,82200.0,82600.0,82000.0,82500.0,66330.0,82400.0,82500.0,,,25761.0,40569.0,858.0,,,,
2026-10-01T00:03:00+00:00,043260.KQ,KOSDAQ,equity,26550.0,27000.0,26450.0,26925.0,39770.0,26900.0,26950.0,,,23737.0,16033.0,422.0,,,,
2026-10-01T00:03:00+00:00,047040.KS,KRX,equity,17720.0,17900.0,17710.0,17890.0,46670.0,17870.0,17890.0,,,22371.0,24299.0,373.0,,,,
2026-10-01T00:03:00+00:00,052690.KS,KRX,equity,126500.0,127000.0,126200.0,126500.0,11521.0,126600.0,126600.0,,,3338.0,8183.0,407.0,,,,
2026-10-01T00:03:00+00:00,067310.KQ,KOSDAQ,equity,47550.0,48050.0,47450.0,48050.0,19087.0,48000.0,48050.0,,,15919.0,3168.0,165.0,,,,
2026-10-01T00:03:00+00:00,086790.KS,KRX,equity,130300.0,130300.0,129900.0,130100.0,3078.0,130000.0,130100.0,,,784.0,2294.0,62.0,,,,
2026-10-01T00:03:00+00:00,093370.KS,KRX,equity,14460.0,14670.0,14450.0,14570.0,53619.0,14560.0,14570.0,,,34585.0,19034.0,383.0,,,,
2026-10-01T00:03:00+00:00,036540.KQ,KOSDAQ,equity,10850.0,11140.0,10840.0,11040.0,188338.0,11040.0,11060.0,,,153104.0,35234.0,533.0,,,,
2026-10-01T00:03:00+00:00,478340.KQ,KOSDAQ,equity,13620.0,13820.0,13560.0,13800.0,3721.0,13790.0,13820.0,,,2947.0,774.0,40.0,,,,
2026-10-01T00:03:00+00:00,003490.KS,KRX,equity,31700.0,31900.0,31650.0,31800.0,4493.0,31800.0,31850.0,,,2325.0,2168.0,94.0,,,,
2026-10-01T00:03:00+00:00,003670.KS,KRX,equity,179400.0,180300.0,178500.0,180000.0,2862.0,179700.0,180000.0,,,1646.0,1216.0,118.0,,,,
2026-10-01T00:03:00+00:00,005930.KS,KRX,equity,265500.0,266000.0,265500.0,265500.0,70467.0,265500.0,266000.0,,,12671.0,57796.0,1152.0,,,,
2026-10-01T00:03:00+00:00,011070.KS,KRX,equity,552000.0,558000.0,551000.0,555000.0,1109.0,555000.0,556000.0,,,785.0,324.0,94.0,,,,
2026-10-01T00:03:00+00:00,012330.KS,KRX,equity,377000.0,378000.0,372000.0,374500.0,14856.0,373500.0,374500.0,,,4271.0,10585.0,398.0,,,,
2026-10-01T00:03:00+00:00,0161M0.KQ,KOSDAQ,equity,16420.0,16430.0,16100.0,16260.0,22210.0,16270.0,16280.0,,,6035.0,16175.0,247.0,,,,
2026-10-01T00:03:00+00:00,028050.KS,KRX,equity,47850.0,48100.0,47800.0,47950.0,6026.0,47900.0,47950.0,,,2879.0,3147.0,119.0,,,,
2026-10-01T00:03:00+00:00,035720.KS,KRX,equity,33650.0,33650.0,33400.0,33450.0,5962.0,33450.0,33500.0,,,955.0,5007.0,48.0,,,,
2026-10-01T00:03:00+00:00,128940.KS,KRX,equity,498500.0,499500.0,498000.0,499500.0,238.0,499000.0,499500.0,,,102.0,136.0,29.0,,,,
2026-10-01T00:03:00+00:00,267250.KS,KRX,equity,200500.0,201500.0,200000.0,201000.0,1278.0,201000.0,201500.0,,,616.0,662.0,45.0,,,,
2026-10-01T00:03:00+00:00,402340.KS,KRX,equity,1102000.0,1103000.0,1098000.0,1102000.0,3491.0,1101000.0,1102000.0,,,1635.0,1856.0,284.0,,,,
2026-10-01T00:03:00+00:00,000810.KS,KRX,equity,631000.0,634000.0,631000.0,631000.0,96.0,631000.0,632000.0,,,28.0,68.0,22.0,,,,
2026-10-01T00:03:00+00:00,000150.KS,KRX,equity,1388000.0,1396000.0,1384000.0,1396000.0,759.0,1392000.0,1394000.0,,,571.0,188.0,94.0,,,,
2026-10-01T00:03:00+00:00,009830.KS,KRX,equity,33250.0,34250.0,33200.0,34200.0,134428.0,34100.0,34200.0,,,111213.0,23215.0,671.0,,,,
2026-10-01T00:03:00+00:00,010120.KS,KRX,equity,201000.0,201000.0,200500.0,201000.0,1626.0,200500.0,201000.0,,,360.0,1266.0,120.0,,,,
2026-10-01T00:03:00+00:00,011200.KS,KRX,equity,21000.0,21200.0,21000.0,21100.0,20799.0,21100.0,21150.0,,,18812.0,1987.0,82.0,,,,
2026-10-01T00:03:00+00:00,103590.KS,KRX,equity,80300.0,80900.0,80200.0,80900.0,4439.0,80800.0,80900.0,,,2759.0,1680.0,125.0,,,,
2026-10-01T00:03:00+00:00,316140.KS,KRX,equity,33250.0,33400.0,33100.0,33200.0,48240.0,33200.0,33250.0,,,27790.0,20450.0,386.0,,,,
2026-10-01T00:03:00+00:00,005935.KS,KRX,equity,193300.0,194000.0,193300.0,193700.0,23361.0,193600.0,193700.0,,,15819.0,7542.0,333.0,,,,
2026-10-01T00:03:00+00:00,009150.KS,KRX,equity,1467000.0,1468000.0,1462000.0,1466000.0,10316.0,1465000.0,1466000.0,,,3502.0,6814.0,693.0,,,,
2026-10-01T00:03:00+00:00,035420.KS,KRX,equity,192400.0,192600.0,192100.0,192100.0,2316.0,192100.0,192200.0,,,721.0,1595.0,171.0,,,,
2026-10-01T00:03:00+00:00,066570.KS,KRX,equity,208500.0,208500.0,207500.0,207500.0,4685.0,207500.0,208000.0,,,569.0,4116.0,179.0,,,,
2026-10-01T00:03:00+00:00,096770.KS,KRX,equity,149300.0,149700.0,148700.0,148700.0,4420.0,148800.0,148900.0,,,2374.0,2046.0,136.0,,,,
2026-10-01T00:03:00+00:00,403870.KQ,KOSDAQ,equity,63800.0,64800.0,63700.0,64700.0,42265.0,64700.0,64800.0,,,33631.0,8634.0,551.0,,,,
2026-10-01T00:03:00+00:00,005380.KS,KRX,equity,345750.0,346000.0,345000.0,345500.0,4158.0,345000.0,345500.0,,,2020.0,2138.0,232.0,,,,
2026-10-01T00:03:00+00:00,010060.KS,KRX,equity,217500.0,220500.0,217000.0,219500.0,2434.0,219000.0,220000.0,,,1979.0,455.0,100.0,,,,
2026-10-01T00:03:00+00:00,036930.KQ,KOSDAQ,equity,230000.0,230500.0,228000.0,230000.0,12989.0,229500.0,230000.0,,,4347.0,8642.0,395.0,,,,
2026-10-01T00:03:00+00:00,356680.KQ,KOSDAQ,equity,17800.0,17810.0,17600.0,17620.0,21816.0,17620.0,17640.0,,,6289.0,15527.0,195.0,,,,
2026-10-01T00:03:00+00:00,387690.KQ,KOSDAQ,equity,19610.0,19740.0,19480.0,19700.0,12938.0,19680.0,19700.0,,,7115.0,5823.0,150.0,,,,
2026-10-01T00:03:00+00:00,058470.KQ,KOSDAQ,equity,73400.0,74200.0,73200.0,74100.0,4323.0,74100.0,74200.0,,,2712.0,1611.0,85.0,,,,
2026-10-01T00:03:00+00:00,080220.KQ,KOSDAQ,equity,77900.0,78500.0,77700.0,78400.0,6189.0,78400.0,78500.0,,,4630.0,1559.0,106.0,,,,
2026-10-01T00:03:00+00:00,240810.KQ,KOSDAQ,equity,132300.0,135300.0,132300.0,135100.0,15803.0,135100.0,135200.0,,,13819.0,1984.0,291.0,,,,
2026-10-01T00:03:00+00:00,319660.KQ,KOSDAQ,equity,148800.0,150200.0,148800.0,149700.0,1746.0,149700.0,149800.0,,,1301.0,445.0,103.0,,,,
2026-10-01T00:03:00+00:00,396300.KQ,KOSDAQ,equity,5420.0,5520.0,5420.0,5520.0,10139.0,5460.0,5480.0,,,7435.0,2704.0,74.0,,,,
2026-10-01T00:03:00+00:00,010140.KS,KRX,equity,19730.0,19760.0,19710.0,19740.0,9189.0,19730.0,19740.0,,,4396.0,4793.0,150.0,,,,
2026-10-01T00:03:00+00:00,298040.KS,KRX,equity,2707000.0,2720000.0,2707000.0,2720000.0,156.0,2719000.0,2720000.0,,,77.0,79.0,70.0,,,,
2026-10-01T00:03:00+00:00,001820.KS,KRX,equity,147500.0,149100.0,147400.0,149100.0,2492.0,148600.0,149100.0,,,1752.0,740.0,126.0,,,,
2026-10-01T00:03:00+00:00,012450.KS,KRX,equity,1035000.0,1037000.0,1028000.0,1029000.0,1477.0,1029000.0,1029000.0,,,590.0,887.0,126.0,,,,
2026-10-01T00:03:00+00:00,005490.KS,KRX,equity,309750.0,311500.0,309750.0,311500.0,5434.0,311000.0,311500.0,,,4148.0,1286.0,118.0,,,,
2026-10-01T00:03:00+00:00,222800.KQ,KOSDAQ,equity,148100.0,149900.0,147800.0,149700.0,7108.0,149600.0,149700.0,,,3127.0,3981.0,258.0,,,,
2026-10-01T00:03:00+00:00,0010S0.KQ,KOSDAQ,equity,20200.0,20200.0,19970.0,19990.0,13286.0,19990.0,20000.0,,,6794.0,6492.0,81.0,,,,
2026-10-01T00:03:00+00:00,006400.KS,KRX,equity,511000.0,513000.0,510000.0,513000.0,1876.0,512000.0,513000.0,,,1140.0,736.0,103.0,,,,
2026-10-01T00:03:00+00:00,115440.KQ,KOSDAQ,equity,11530.0,11580.0,11510.0,11510.0,3677.0,11520.0,11530.0,,,2386.0,1291.0,37.0,,,,
2026-10-01T00:03:00+00:00,201490.KQ,KOSDAQ,equity,3380.0,3415.0,3360.0,3415.0,9618.0,3410.0,3415.0,,,6799.0,2819.0,21.0,,,,
2026-10-01T00:03:00+00:00,393210.KQ,KOSDAQ,equity,3390.0,3460.0,3385.0,3460.0,3673.0,3445.0,3450.0,,,3405.0,268.0,49.0,,,,
2026-10-01T00:03:00+00:00,950260.KQ,KOSDAQ,equity,26700.0,27150.0,26700.0,27100.0,22316.0,27000.0,27100.0,,,14532.0,7784.0,197.0,,,,
2026-10-01T00:03:00+00:00,005830.KS,KRX,equity,184000.0,184200.0,182200.0,182300.0,1585.0,182300.0,182600.0,,,589.0,996.0,99.0,,,,
2026-10-01T00:03:00+00:00,072950.KQ,KOSDAQ,equity,14750.0,15000.0,14660.0,14840.0,20119.0,14840.0,14860.0,,,11240.0,8879.0,157.0,,,,
2026-10-01T00:03:00+00:00,353200.KS,KRX,equity,132100.0,133200.0,131900.0,133200.0,3101.0,133000.0,133200.0,,,2610.0,491.0,114.0,,,,
2026-10-01T00:03:00+00:00,373220.KS,KRX,equity,356500.0,357000.0,355000.0,356500.0,2102.0,356500.0,357000.0,,,1522.0,580.0,78.0,,,,
2026-10-01T00:03:00+00:00,419050.KQ,KOSDAQ,equity,1810.0,1850.0,1810.0,1850.0,34308.0,1831.0,1850.0,,,23025.0,11283.0,92.0,,,,
2026-10-01T00:03:00+00:00,003230.KS,KRX,equity,1214000.0,1215000.0,1212000.0,1214000.0,31.0,1214000.0,1215000.0,,,27.0,4.0,14.0,,,,
2026-10-01T00:03:00+00:00,006360.KS,KRX,equity,33650.0,34000.0,33550.0,33950.0,4871.0,33850.0,33950.0,,,3093.0,1778.0,70.0,,,,
2026-10-01T00:03:00+00:00,007660.KS,KRX,equity,114000.0,114900.0,114000.0,114900.0,1825.0,114800.0,114900.0,,,1395.0,430.0,89.0,,,,
2026-10-01T00:03:00+00:00,251270.KS,KRX,equity,35000.0,35500.0,35000.0,35450.0,3115.0,35400.0,35450.0,,,2482.0,633.0,82.0,,,,
2026-10-01T00:03:00+00:00,017670.KS,KRX,equity,85400.0,85400.0,85200.0,85400.0,2052.0,85300.0,85400.0,,,785.0,1267.0,68.0,,,,
2026-10-01T00:03:00+00:00,032830.KS,KRX,equity,278500.0,279500.0,278500.0,279000.0,230.0,279000.0,279500.0,,,184.0,46.0,51.0,,,,
2026-10-01T00:03:00+00:00,034730.KS,KRX,equity,571000.0,572000.0,569000.0,572000.0,906.0,572000.0,573000.0,,,461.0,445.0,44.0,,,,
2026-10-01T00:03:00+00:00,051910.KS,KRX,equity,254500.0,255000.0,253000.0,254000.0,2620.0,254000.0,254500.0,,,1475.0,1145.0,99.0,,,,
2026-10-01T00:03:00+00:00,055550.KS,KRX,equity,105600.0,105800.0,105300.0,105400.0,8134.0,105400.0,105500.0,,,4590.0,3544.0,101.0,,,,
2026-10-01T00:03:00+00:00,105560.KS,KRX,equity,168800.0,168900.0,168400.0,168700.0,6167.0,168700.0,168800.0,,,3794.0,2373.0,115.0,,,,
2026-10-01T00:03:00+00:00,089970.KQ,KOSDAQ,equity,61900.0,63000.0,61800.0,62900.0,4833.0,62900.0,63000.0,,,3855.0,978.0,82.0,,,,
2026-10-01T00:03:00+00:00,028260.KS,KRX,equity,337500.0,339000.0,337500.0,338500.0,913.0,338000.0,338500.0,,,621.0,292.0,75.0,,,,
2026-10-01T00:03:00+00:00,207940.KS,KRX,equity,1392000.0,1395000.0,1392000.0,1394000.0,65.0,1393000.0,1394000.0,,,27.0,38.0,33.0,,,,
2026-10-01T00:03:00+00:00,329180.KS,KRX,equity,432500.0,433500.0,431500.0,433500.0,419.0,433500.0,434000.0,,,213.0,206.0,50.0,,,,
2026-10-01T00:03:00+00:00,272210.KS,KRX,equity,74900.0,75000.0,74300.0,74500.0,6170.0,74400.0,74500.0,,,1452.0,4718.0,106.0,,,,
2026-10-01T00:03:00+00:00,095610.KQ,KOSDAQ,equity,171000.0,172700.0,170700.0,172500.0,5470.0,172500.0,172600.0,,,4770.0,700.0,198.0,,,,
2026-10-01T00:03:00+00:00,010950.KS,KRX,equity,161400.0,161500.0,160200.0,160300.0,993.0,160300.0,160500.0,,,303.0,690.0,68.0,,,,
2026-10-01T00:03:00+00:00,030200.KS,KRX,equity,52000.0,52000.0,51700.0,51800.0,4339.0,51800.0,51900.0,,,118.0,4221.0,94.0,,,,
2026-10-01T00:03:00+00:00,108490.KQ,KOSDAQ,equity,281000.0,282000.0,280000.0,281000.0,1328.0,281000.0,281500.0,,,562.0,766.0,119.0,,,,
2026-10-01T00:03:00+00:00,440110.KQ,KOSDAQ,equity,84000.0,84500.0,83900.0,84200.0,2039.0,84200.0,84400.0,,,1676.0,363.0,108.0,,,,
2026-10-01T00:03:00+00:00,042660.KS,KRX,equity,78200.0,78300.0,78000.0,78100.0,5550.0,78100.0,78200.0,,,1420.0,4130.0,96.0,,,,
2026-10-01T00:03:00+00:00,278470.KS,KRX,equity,364000.0,365000.0,363000.0,364000.0,635.0,364000.0,365000.0,,,476.0,159.0,47.0,,,,
2026-10-01T00:03:00+00:00,011170.KS,KRX,equity,60700.0,61500.0,60700.0,61500.0,1858.0,61300.0,61500.0,,,1682.0,176.0,48.0,,,,
2026-10-01T00:03:00+00:00,047810.KS,KRX,equity,127200.0,127500.0,126900.0,127400.0,1207.0,127400.0,127500.0,,,789.0,418.0,74.0,,,,
2026-10-01T00:03:00+00:00,068270.KS,KRX,equity,180500.0,181000.0,180500.0,180800.0,8470.0,180700.0,180800.0,,,4744.0,3726.0,283.0,,,,
2026-10-01T00:03:00+00:00,021240.KS,KRX,equity,99200.0,99700.0,98900.0,99600.0,127.0,99000.0,99600.0,,,79.0,48.0,31.0,,,,
2026-10-01T00:03:00+00:00,386380.KQ,KOSDAQ,equity,17900.0,18110.0,17860.0,17900.0,18140.0,17920.0,17930.0,,,12392.0,5748.0,125.0,,,,
2026-10-01T00:03:00+00:00,011780.KS,KRX,equity,115100.0,115600.0,115100.0,115200.0,36.0,115200.0,115400.0,,,32.0,4.0,15.0,,,,
2026-10-01T00:03:00+00:00,003550.KS,KRX,equity,109800.0,110300.0,109800.0,110000.0,85.0,110000.0,110300.0,,,21.0,64.0,31.0,,,,
2026-10-01T00:03:00+00:00,326030.KS,KRX,equity,74500.0,74800.0,74500.0,74500.0,79.0,74500.0,74700.0,,,46.0,33.0,19.0,,,,
2026-10-01T00:03:00+00:00,180640.KS,KRX,equity,133800.0,134400.0,133000.0,133100.0,278.0,133300.0,133400.0,,,229.0,49.0,27.0,,,,
2026-10-01T00:03:00+00:00,018260.KS,KRX,equity,217500.0,218500.0,217000.0,217500.0,1113.0,217000.0,217500.0,,,124.0,989.0,38.0,,,,
2026-10-01T00:03:00+00:00,033780.KS,KRX,equity,177600.0,177600.0,176500.0,176500.0,159.0,177100.0,177200.0,,,17.0,142.0,36.0,,,,
2026-10-01T00:03:00+00:00,024110.KS,KRX,equity,20150.0,20200.0,20150.0,20150.0,709.0,20150.0,20200.0,,,12.0,697.0,20.0,,,,
2026-10-01T00:03:00+00:00,015760.KS,KRX,equity,30250.0,30350.0,30200.0,30300.0,11361.0,30300.0,30350.0,,,9080.0,2281.0,60.0,,,,
2026-10-01T00:03:00+00:00,046970.KQ,KOSDAQ,equity,7270.0,7300.0,7250.0,7260.0,3572.0,7290.0,7300.0,,,2298.0,1274.0,42.0,,,,
2026-10-01T00:03:00+00:00,035760.KQ,KOSDAQ,equity,36950.0,36950.0,36950.0,36950.0,33.0,36950.0,37000.0,,,31.0,2.0,2.0,,,,
2026-09-30T23:54:00+00:00,ES=F,CME,index_future,7745.25,7745.25,7744.0,7744.25,0.0,,,,,,,,,,,
2026-09-30T23:54:36+00:00,ES=F,CME,index_future,7744.25,7744.25,7744.25,7744.25,0.0,,,,,,,,,,,
2026-09-30T23:54:00+00:00,NQ=F,CME,index_future,30829.0,30829.75,30821.0,30825.0,0.0,,,,,,,,,,,
2026-09-30T23:54:36+00:00,NQ=F,CME,index_future,30822.75,30822.75,30822.75,30822.75,0.0,,,,,,,,,,,
2026-09-30T23:54:00+00:00,GC=F,COMEX,commodity_future,4185.7001953125,4185.7998046875,4185.2998046875,4185.7998046875,0.0,,,,,,,,,,,
2026-09-30T23:54:29+00:00,GC=F,COMEX,commodity_future,4185.2998046875,4185.2998046875,4185.2998046875,4185.2998046875,0.0,,,,,,,,,,,
2026-09-30T23:54:00+00:00,CL=F,NYMEX,commodity_future,89.93000030517578,89.95999908447266,89.93000030517578,89.94999694824219,0.0,,,,,,,,,,,
2026-09-30T23:54:21+00:00,CL=F,NYMEX,commodity_future,89.94999694824219,89.94999694824219,89.94999694824219,89.94999694824219,0.0,,,,,,,,,,,
2026-09-30T23:54:00+00:00,HG=F,COMEX,commodity_future,6.630000114440918,6.630000114440918,6.630000114440918,6.630000114440918,0.0,,,,,,,,,,,
2026-09-30T23:54:35+00:00,HG=F,COMEX,commodity_future,6.630000114440918,6.630000114440918,6.630000114440918,6.630000114440918,0.0,,,,,,,,,,,
2026-10-01T00:02:00+00:00,EURUSD=X,FX,currency,1.1332728862762451,1.1332728862762451,1.1332728862762451,1.1332728862762451,0.0,,,,,,,,,,,
2026-10-01T00:03:00+00:00,KRW=X,FX,currency,1358.5799560546875,1358.97998046875,1358.280029296875,1358.3800048828125,0.0,,,,,,,,,,,
2026-10-01T00:03:00+00:00,JPY=X,FX,currency,157.61000061035156,157.6230010986328,157.59300231933594,157.5970001220703,0.0,,,,,,,,,,,
2026-10-01T00:02:00+00:00,GBPUSD=X,FX,currency,1.326470971107483,1.326470971107483,1.326470971107483,1.326470971107483,0.0,,,,,,,,,,,
2026-10-01T00:04:00+00:00,BTC-USD,CRYPTO,crypto,83490.0,83497.5,83470.0,83479.8,0.32014896,,,,,,,62.0,,,,
2026-10-01T00:04:00+00:00,ETH-USD,CRYPTO,crypto,2682.52,2682.59,2682.18,2682.18,4.47087531,,,,,,,14.0,,,,
2026-10-01T00:04:00+00:00,009150.KS,KRX,equity,1466000.0,1472000.0,1465000.0,1471000.0,5594.0,1470000.0,1471000.0,,,3359.0,2235.0,544.0,,,,
2026-10-01T00:04:00+00:00,034020.KS,KRX,equity,82400.0,82600.0,82300.0,82400.0,51056.0,82300.0,82400.0,,,21090.0,29966.0,835.0,,,,
2026-10-01T00:04:00+00:00,000660.KS,KRX,equity,1757000.0,1758000.0,1754000.0,1756000.0,11119.0,1756000.0,1757000.0,,,4374.0,6745.0,819.0,,,,
2026-10-01T00:04:00+00:00,035720.KS,KRX,equity,33450.0,33450.0,33300.0,33350.0,5739.0,33300.0,33350.0,,,1763.0,3976.0,89.0,,,,
2026-10-01T00:04:00+00:00,005930.KS,KRX,equity,265500.0,266000.0,265500.0,266000.0,60131.0,265500.0,266000.0,,,24726.0,35405.0,1133.0,,,,
2026-10-01T00:04:00+00:00,035420.KS,KRX,equity,192200.0,192200.0,191800.0,191900.0,4362.0,191800.0,191900.0,,,1395.0,2967.0,203.0,,,,
2026-10-01T00:04:00+00:00,042700.KS,KRX,equity,269000.0,269500.0,267000.0,267000.0,29015.0,267000.0,267500.0,,,13704.0,15311.0,1042.0,,,,
2026-10-01T00:04:00+00:00,043260.KQ,KOSDAQ,equity,26900.0,26950.0,26200.0,26250.0,72681.0,26250.0,26300.0,,,13055.0,59626.0,518.0,,,,
2026-10-01T00:04:00+00:00,046970.KQ,KOSDAQ,equity,7260.0,7290.0,7220.0,7220.0,8162.0,7220.0,7240.0,,,1955.0,6207.0,43.0,,,,
2026-10-01T00:04:00+00:00,047040.KS,KRX,equity,17870.0,17900.0,17820.0,17830.0,81754.0,17820.0,17830.0,,,25387.0,56367.0,371.0,,,,
2026-10-01T00:04:00+00:00,093370.KS,KRX,equity,14560.0,14730.0,14530.0,14700.0,72899.0,14700.0,14710.0,,,50481.0,22418.0,368.0,,,,
2026-10-01T00:04:00+00:00,105560.KS,KRX,equity,168800.0,169200.0,168700.0,168700.0,8352.0,168900.0,168800.0,,,4439.0,3913.0,123.0,,,,
2026-10-01T00:04:00+00:00,128940.KS,KRX,equity,499500.0,501000.0,499500.0,501000.0,534.0,500000.0,501000.0,,,475.0,59.0,36.0,,,,
2026-10-01T00:04:00+00:00,222800.KQ,KOSDAQ,equity,149400.0,149700.0,149000.0,149100.0,1581.0,149200.0,149100.0,,,1024.0,557.0,170.0,,,,
2026-10-01T00:04:00+00:00,240810.KQ,KOSDAQ,equity,135100.0,135300.0,134000.0,134400.0,10868.0,134400.0,134500.0,,,5624.0,5244.0,399.0,,,,
2026-10-01T00:04:00+00:00,319660.KQ,KOSDAQ,equity,149700.0,149700.0,148800.0,149200.0,1554.0,149400.0,149500.0,,,536.0,1018.0,87.0,,,,
2026-10-01T00:04:00+00:00,356680.KQ,KOSDAQ,equity,17600.0,17640.0,17410.0,17500.0,54673.0,17450.0,17500.0,,,36518.0,18155.0,257.0,,,,
2026-10-01T00:04:00+00:00,403870.KQ,KOSDAQ,equity,64800.0,64800.0,64200.0,64400.0,34430.0,64300.0,64400.0,,,14421.0,20009.0,505.0,,,,
2026-10-01T00:04:00+00:00,001440.KS,KRX,equity,29250.0,29250.0,29100.0,29150.0,9478.0,29100.0,29150.0,,,4036.0,5442.0,145.0,,,,
2026-10-01T00:04:00+00:00,003490.KS,KRX,equity,31750.0,31800.0,31700.0,31700.0,5818.0,31700.0,31750.0,,,1629.0,4189.0,89.0,,,,
2026-10-01T00:04:00+00:00,005490.KS,KRX,equity,311000.0,311500.0,310000.0,311000.0,3346.0,311000.0,311500.0,,,1425.0,1921.0,111.0,,,,
2026-10-01T00:04:00+00:00,009830.KS,KRX,equity,34150.0,34250.0,33800.0,34150.0,87654.0,34150.0,34200.0,,,63110.0,24544.0,649.0,,,,
2026-10-01T00:04:00+00:00,028050.KS,KRX,equity,47900.0,48000.0,47800.0,47950.0,3107.0,47900.0,47950.0,,,1739.0,1368.0,101.0,,,,
2026-10-01T00:04:00+00:00,032830.KS,KRX,equity,279500.0,279500.0,278500.0,279000.0,430.0,279000.0,279000.0,,,114.0,316.0,63.0,,,,
2026-10-01T00:04:00+00:00,033780.KS,KRX,equity,177200.0,177500.0,176500.0,177400.0,583.0,177100.0,177400.0,,,297.0,286.0,59.0,,,,
2026-10-01T00:04:00+00:00,036930.KQ,KOSDAQ,equity,229500.0,229500.0,225000.0,225500.0,25786.0,225000.0,225500.0,,,6499.0,19287.0,587.0,,,,
2026-10-01T00:04:00+00:00,067310.KQ,KOSDAQ,equity,48000.0,48050.0,47700.0,47800.0,10665.0,47750.0,47800.0,,,3385.0,7280.0,230.0,,,,
2026-10-01T00:04:00+00:00,089970.KQ,KOSDAQ,equity,62900.0,63300.0,62900.0,63200.0,8253.0,63200.0,63300.0,,,4566.0,3687.0,135.0,,,,
2026-10-01T00:04:00+00:00,402340.KS,KRX,equity,1102000.0,1104000.0,1100000.0,1103000.0,2815.0,1102000.0,1103000.0,,,1212.0,1603.0,268.0,,,,
2026-10-01T00:04:00+00:00,012330.KS,KRX,equity,374500.0,376500.0,373500.0,375500.0,12520.0,375500.0,376000.0,,,4619.0,7901.0,560.0,,,,
2026-10-01T00:04:00+00:00,000720.KS,KRX,equity,119200.0,119200.0,117600.0,117900.0,12169.0,118100.0,117900.0,,,4840.0,7329.0,240.0,,,,
2026-10-01T00:04:00+00:00,005935.KS,KRX,equity,193700.0,193800.0,193500.0,193700.0,12910.0,193600.0,193700.0,,,7796.0,5114.0,321.0,,,,
2026-10-01T00:04:00+00:00,108490.KQ,KOSDAQ,equity,281500.0,281500.0,280500.0,281500.0,1628.0,281000.0,281500.0,,,474.0,1154.0,132.0,,,,
2026-10-01T00:04:00+00:00,068270.KS,KRX,equity,180750.0,180900.0,179800.0,180400.0,5327.0,180300.0,180300.0,,,2815.0,2512.0,166.0,,,,
2026-10-01T00:04:00+00:00,006400.KS,KRX,equity,512000.0,514000.0,512000.0,513000.0,1018.0,512000.0,513000.0,,,395.0,623.0,99.0,,,,
2026-10-01T00:04:00+00:00,028260.KS,KRX,equity,338500.0,338500.0,337500.0,338000.0,905.0,337500.0,338000.0,,,599.0,306.0,65.0,,,,
2026-10-01T00:04:00+00:00,251270.KS,KRX,equity,35400.0,35400.0,35200.0,35200.0,1678.0,35200.0,35250.0,,,777.0,901.0,60.0,,,,
2026-10-01T00:04:00+00:00,000270.KS,KRX,equity,113900.0,114500.0,113900.0,114400.0,16481.0,114300.0,114300.0,,,11983.0,4498.0,213.0,,,,
2026-10-01T00:04:00+00:00,0010S0.KQ,KOSDAQ,equity,19990.0,20000.0,19720.0,19720.0,9478.0,19720.0,19730.0,,,1339.0,8139.0,117.0,,,,
2026-10-01T00:04:00+00:00,006360.KS,KRX,equity,33950.0,34050.0,33900.0,34050.0,2007.0,33950.0,34050.0,,,1331.0,676.0,59.0,,,,
2026-10-01T00:04:00+00:00,393210.KQ,KOSDAQ,equity,3445.0,3540.0,3445.0,3500.0,11066.0,3490.0,3500.0,,,6464.0,4602.0,96.0,,,,
2026-10-01T00:04:00+00:00,396300.KQ,KOSDAQ,equity,5470.0,5510.0,5400.0,5450.0,9205.0,5440.0,5450.0,,,2626.0,6579.0,56.0,,,,
2026-10-01T00:04:00+00:00,005380.KS,KRX,equity,345500.0,346000.0,345000.0,346000.0,7259.0,345500.0,346000.0,,,6040.0,1219.0,241.0,,,,
2026-10-01T00:04:00+00:00,017670.KS,KRX,equity,85400.0,85600.0,85300.0,85600.0,1208.0,85500.0,85600.0,,,680.0,528.0,44.0,,,,
2026-10-01T00:04:00+00:00,115440.KQ,KOSDAQ,equity,11520.0,11530.0,11390.0,11400.0,9482.0,11390.0,11430.0,,,1295.0,8187.0,76.0,,,,
2026-10-01T00:04:00+00:00,000150.KS,KRX,equity,1392000.0,1401000.0,1392000.0,1400000.0,490.0,1400000.0,1401000.0,,,275.0,215.0,84.0,,,,
2026-10-01T00:04:00+00:00,052690.KS,KRX,equity,126500.0,126900.0,126200.0,126600.0,6649.0,126700.0,126700.0,,,2988.0,3661.0,341.0,,,,
2026-10-01T00:04:00+00:00,267250.KS,KRX,equity,201500.0,201500.0,201000.0,201500.0,439.0,201000.0,201500.0,,,317.0,122.0,46.0,,,,
2026-10-01T00:04:00+00:00,298040.KS,KRX,equity,2720000.0,2730000.0,2719000.0,2730000.0,171.0,2729000.0,2730000.0,,,142.0,29.0,51.0,,,,
2026-10-01T00:04:00+00:00,095610.KQ,KOSDAQ,equity,172500.0,172900.0,171700.0,172300.0,4967.0,172200.0,172300.0,,,3001.0,1966.0,190.0,,,,
2026-10-01T00:04:00+00:00,003670.KS,KRX,equity,179900.0,180100.0,179000.0,179900.0,1918.0,179800.0,179900.0,,,1086.0,832.0,127.0,,,,
2026-10-01T00:04:00+00:00,010140.KS,KRX,equity,19740.0,19810.0,19730.0,19770.0,14571.0,19750.0,19760.0,,,8663.0,5908.0,168.0,,,,
2026-10-01T00:04:00+00:00,440110.KQ,KOSDAQ,equity,84400.0,84400.0,83600.0,84000.0,5994.0,84000.0,84100.0,,,760.0,5234.0,91.0,,,,
2026-10-01T00:04:00+00:00,072950.KQ,KOSDAQ,equity,14840.0,14840.0,14650.0,14710.0,14202.0,14710.0,14750.0,,,4158.0,10044.0,114.0,,,,
2026-10-01T00:04:00+00:00,015760.KS,KRX,equity,30300.0,30350.0,30250.0,30300.0,6615.0,30250.0,30300.0,,,1777.0,4838.0,53.0,,,,
2026-10-01T00:04:00+00:00,055550.KS,KRX,equity,105500.0,105800.0,105300.0,105500.0,4087.0,105500.0,105600.0,,,2926.0,1161.0,50.0,,,,
2026-10-01T00:04:00+00:00,058470.KQ,KOSDAQ,equity,74100.0,74100.0,73800.0,73900.0,2126.0,73800.0,73900.0,,,1620.0,506.0,106.0,,,,
2026-10-01T00:04:00+00:00,066570.KS,KRX,equity,207500.0,208000.0,207000.0,207500.0,7524.0,207500.0,208000.0,,,2914.0,4610.0,237.0,,,,
2026-10-01T00:04:00+00:00,103590.KS,KRX,equity,80800.0,81000.0,80700.0,80900.0,2084.0,80800.0,80900.0,,,740.0,1344.0,95.0,,,,
2026-10-01T00:04:00+00:00,036540.KQ,KOSDAQ,equity,11050.0,11060.0,10910.0,10950.0,61517.0,10950.0,10960.0,,,28181.0,33336.0,369.0,,,,
2026-10-01T00:04:00+00:00,007660.KS,KRX,equity,114900.0,115100.0,114500.0,114600.0,2691.0,114500.0,114600.0,,,1285.0,1406.0,106.0,,,,
2026-10-01T00:04:00+00:00,011070.KS,KRX,equity,556000.0,559000.0,554000.0,558000.0,1941.0,558000.0,559000.0,,,1202.0,739.0,103.0,,,,
2026-10-01T00:04:00+00:00,096770.KS,KRX,equity,148700.0,149900.0,148300.0,149500.0,5139.0,149500.0,149600.0,,,3311.0,1828.0,150.0,,,,
2026-10-01T00:04:00+00:00,329180.KS,KRX,equity,434000.0,435500.0,433000.0,434000.0,746.0,434000.0,434500.0,,,525.0,221.0,43.0,,,,
2026-10-01T00:04:00+00:00,373220.KS,KRX,equity,357000.0,357500.0,356500.0,357000.0,2133.0,356500.0,357000.0,,,1772.0,361.0,59.0,,,,
2026-10-01T00:04:00+00:00,950260.KQ,KOSDAQ,equity,27050.0,27250.0,26650.0,26700.0,18719.0,26700.0,26800.0,,,7158.0,11561.0,156.0,,,,
2026-10-01T00:04:00+00:00,010120.KS,KRX,equity,200500.0,201500.0,200500.0,201500.0,3778.0,201000.0,201500.0,,,1303.0,2475.0,135.0,,,,
2026-10-01T00:04:00+00:00,010170.KQ,KOSDAQ,equity,16750.0,16750.0,16510.0,16540.0,62649.0,16550.0,16560.0,,,17088.0,45561.0,294.0,,,,
2026-10-01T00:04:00+00:00,316140.KS,KRX,equity,33250.0,33300.0,33000.0,33150.0,90204.0,33100.0,33150.0,,,33112.0,57092.0,320.0,,,,
2026-10-01T00:04:00+00:00,018260.KS,KRX,equity,217500.0,217500.0,217000.0,217000.0,611.0,217000.0,217500.0,,,83.0,528.0,41.0,,,,
2026-10-01T00:04:00+00:00,080220.KQ,KOSDAQ,equity,78400.0,78500.0,77800.0,78200.0,3890.0,78100.0,78200.0,,,1163.0,2727.0,96.0,,,,
2026-10-01T00:04:00+00:00,272210.KS,KRX,equity,74400.0,74900.0,74400.0,74700.0,3187.0,74600.0,74700.0,,,2141.0,1046.0,88.0,,,,
2026-10-01T00:04:00+00:00,009540.KS,KRX,equity,326000.0,327500.0,326000.0,327000.0,636.0,327000.0,327000.0,,,433.0,203.0,36.0,,,,
2026-10-01T00:04:00+00:00,278470.KS,KRX,equity,364500.0,364500.0,363000.0,363000.0,253.0,363000.0,363500.0,,,63.0,190.0,40.0,,,,
2026-10-01T00:04:00+00:00,353200.KS,KRX,equity,133200.0,133300.0,132700.0,132800.0,3358.0,132700.0,132800.0,,,979.0,2379.0,133.0,,,,
2026-10-01T00:04:00+00:00,001820.KS,KRX,equity,148600.0,150000.0,148600.0,149500.0,3148.0,149500.0,149600.0,,,1964.0,1184.0,125.0,,,,
2026-10-01T00:04:00+00:00,024110.KS,KRX,equity,20150.0,20200.0,20100.0,20100.0,3951.0,20100.0,20150.0,,,328.0,3623.0,36.0,,,,
2026-10-01T00:04:00+00:00,419050.KQ,KOSDAQ,equity,1831.0,1858.0,1831.0,1846.0,23113.0,1841.0,1846.0,,,19063.0,4050.0,99.0,,,,
2026-10-01T00:04:00+00:00,086790.KS,KRX,equity,130100.0,130500.0,129900.0,130000.0,2879.0,130000.0,130100.0,,,2037.0,842.0,68.0,,,,
2026-10-01T00:04:00+00:00,012450.KS,KRX,equity,1029000.0,1033000.0,1028000.0,1030000.0,1080.0,1029000.0,1030000.0,,,595.0,485.0,131.0,,,,
2026-10-01T00:04:00+00:00,0161M0.KQ,KOSDAQ,equity,16270.0,16340.0,16220.0,16280.0,14765.0,16280.0,16300.0,,,7748.0,7017.0,158.0,,,,
2026-10-01T00:04:00+00:00,051910.KS,KRX,equity,254000.0,256000.0,254000.0,255500.0,5521.0,255000.0,255500.0,,,3864.0,1657.0,127.0,,,,
2026-10-01T00:04:00+00:00,005830.KS,KRX,equity,182500.0,182900.0,182100.0,182500.0,604.0,182500.0,182900.0,,,363.0,241.0,53.0,,,,
2026-10-01T00:04:00+00:00,030200.KS,KRX,equity,51900.0,51900.0,51700.0,51800.0,2405.0,51700.0,51800.0,,,337.0,2068.0,97.0,,,,
2026-10-01T00:04:00+00:00,030530.KQ,KOSDAQ,equity,26150.0,26250.0,26100.0,26200.0,6960.0,26200.0,26250.0,,,5321.0,1639.0,48.0,,,,
2026-10-01T00:04:00+00:00,003550.KS,KRX,equity,110100.0,110300.0,109600.0,110100.0,772.0,110000.0,110100.0,,,356.0,416.0,61.0,,,,
2026-10-01T00:04:00+00:00,201490.KQ,KOSDAQ,equity,3410.0,3415.0,3400.0,3400.0,3252.0,3415.0,3420.0,,,809.0,2443.0,12.0,,,,
2026-10-01T00:04:00+00:00,326030.KS,KRX,equity,74500.0,74800.0,74500.0,74500.0,235.0,74600.0,74700.0,,,160.0,75.0,23.0,,,,
2026-10-01T00:04:00+00:00,478340.KQ,KOSDAQ,equity,13820.0,13880.0,13790.0,13830.0,4561.0,13830.0,13870.0,,,1823.0,2738.0,66.0,,,,
2026-10-01T00:04:00+00:00,207940.KS,KRX,equity,1393000.0,1398000.0,1390000.0,1397000.0,515.0,1394000.0,1397000.0,,,334.0,181.0,106.0,,,,
2026-10-01T00:04:00+00:00,011780.KS,KRX,equity,115200.0,116300.0,115200.0,116200.0,623.0,116200.0,116300.0,,,567.0,56.0,51.0,,,,
2026-10-01T00:04:00+00:00,387690.KQ,KOSDAQ,equity,19700.0,19770.0,19650.0,19660.0,3984.0,19660.0,19670.0,,,949.0,3035.0,55.0,,,,
2026-10-01T00:04:00+00:00,010060.KS,KRX,equity,220000.0,221000.0,219000.0,220500.0,2180.0,220500.0,221000.0,,,1428.0,752.0,108.0,,,,
2026-10-01T00:04:00+00:00,180640.KS,KRX,equity,133100.0,134000.0,133000.0,133800.0,250.0,133200.0,133800.0,,,155.0,95.0,32.0,,,,
2026-10-01T00:04:00+00:00,386380.KQ,KOSDAQ,equity,17920.0,17930.0,17510.0,17590.0,12139.0,17590.0,17660.0,,,1535.0,10604.0,159.0,,,,
2026-10-01T00:04:00+00:00,011170.KS,KRX,equity,61400.0,61700.0,61100.0,61300.0,3229.0,61400.0,61500.0,,,2744.0,485.0,78.0,,,,
2026-10-01T00:04:00+00:00,042660.KS,KRX,equity,78100.0,78400.0,78100.0,78400.0,5075.0,78300.0,78400.0,,,3129.0,1946.0,106.0,,,,
2026-10-01T00:04:00+00:00,047810.KS,KRX,equity,127500.0,127500.0,127200.0,127300.0,819.0,127300.0,127400.0,,,508.0,311.0,64.0,,,,
2026-10-01T00:04:00+00:00,021240.KS,KRX,equity,99600.0,99600.0,99100.0,99500.0,314.0,99300.0,99500.0,,,256.0,58.0,43.0,,,,
2026-10-01T00:04:00+00:00,034730.KS,KRX,equity,573000.0,574000.0,572000.0,573000.0,622.0,572000.0,573000.0,,,402.0,220.0,47.0,,,,
2026-10-01T00:04:00+00:00,010950.KS,KRX,equity,160300.0,160800.0,160100.0,160700.0,524.0,160700.0,160800.0,,,342.0,182.0,48.0,,,,
2026-10-01T00:04:00+00:00,011200.KS,KRX,equity,21150.0,21200.0,21100.0,21150.0,14149.0,21100.0,21150.0,,,13135.0,1014.0,68.0,,,,
2026-10-01T00:04:00+00:00,000810.KS,KRX,equity,631000.0,632000.0,629000.0,631000.0,212.0,631000.0,633000.0,,,120.0,92.0,34.0,,,,
2026-10-01T00:04:00+00:00,035760.KQ,KOSDAQ,equity,36700.0,37100.0,36700.0,37100.0,160.0,36750.0,37100.0,,,145.0,15.0,7.0,,,,
2026-10-01T00:04:00+00:00,003230.KS,KRX,equity,1215000.0,1215000.0,1211000.0,1211000.0,46.0,1211000.0,1212000.0,,,7.0,39.0,15.0,,,,
2026-09-30T23:55:00+00:00,ES=F,CME,index_future,7744.25,7744.75,7744.0,7744.0,0.0,,,,,,,,,,,
2026-09-30T23:55:44+00:00,ES=F,CME,index_future,7744.25,7744.25,7744.25,7744.25,0.0,,,,,,,,,,,
2026-09-30T23:55:00+00:00,NQ=F,CME,index_future,30824.5,30827.0,30822.5,30822.75,0.0,,,,,,,,,,,
2026-09-30T23:55:39+00:00,NQ=F,CME,index_future,30824.5,30824.5,30824.5,30824.5,0.0,,,,,,,,,,,
2026-09-30T23:55:00+00:00,GC=F,COMEX,commodity_future,4185.89990234375,4186.2998046875,4185.2998046875,4185.2998046875,0.0,,,,,,,,,,,
2026-09-30T23:55:37+00:00,GC=F,COMEX,commodity_future,4186.0,4186.0,4186.0,4186.0,0.0,,,,,,,,,,,
2026-09-30T23:55:00+00:00,CL=F,NYMEX,commodity_future,89.94999694824219,89.94999694824219,89.9000015258789,89.91000366210938,0.0,,,,,,,,,,,
2026-09-30T23:55:40+00:00,CL=F,NYMEX,commodity_future,89.91000366210938,89.91000366210938,89.91000366210938,89.91000366210938,0.0,,,,,,,,,,,
2026-09-30T23:54:51+00:00,HG=F,COMEX,commodity_future,6.630000114440918,6.630000114440918,6.630000114440918,6.630000114440918,0.0,,,,,,,,,,,
2026-10-01T00:03:00+00:00,EURUSD=X,FX,currency,1.1332728862762451,1.1332728862762451,1.1332728862762451,1.1332728862762451,0.0,,,,,,,,,,,
2026-10-01T00:04:00+00:00,KRW=X,FX,currency,1358.280029296875,1358.6800537109375,1358.1800537109375,1358.47998046875,0.0,,,,,,,,,,,
2026-10-01T00:04:00+00:00,JPY=X,FX,currency,157.593994140625,157.63400268554688,157.59300231933594,157.5989990234375,0.0,,,,,,,,,,,
2026-10-01T00:03:00+00:00,GBPUSD=X,FX,currency,1.3264182806015017,1.3264182806015017,1.3264182806015017,1.3264182806015017,0.0,,,,,,,,,,,
2026-10-01T00:05:00+00:00,BTC-USD,CRYPTO,crypto,83479.6,83479.7,83479.6,83479.6,0.06705534,,,,,,,21.0,,,,
2026-10-01T00:05:00+00:00,ETH-USD,CRYPTO,crypto,2682.19,2682.4,2681.62,2681.72,0.46479729,,,,,,,16.0,,,,
2026-10-01T00:05:00+00:00,047040.KS,KRX,equity,17820.0,17860.0,17730.0,17790.0,82177.0,17780.0,17800.0,,,42090.0,40087.0,373.0,,,,
2026-10-01T00:05:00+00:00,009150.KS,KRX,equity,1470000.0,1473000.0,1465000.0,1469000.0,7448.0,1468000.0,1468000.0,,,2652.0,4796.0,597.0,,,,
2026-10-01T00:05:00+00:00,005930.KS,KRX,equity,265500.0,266500.0,265500.0,266000.0,115874.0,266000.0,266000.0,,,78965.0,36909.0,1280.0,,,,
2026-10-01T00:05:00+00:00,006400.KS,KRX,equity,513000.0,513000.0,510000.0,511000.0,832.0,511000.0,512000.0,,,237.0,595.0,88.0,,,,
2026-10-01T00:05:00+00:00,030530.KQ,KOSDAQ,equity,26200.0,26350.0,26200.0,26200.0,3117.0,26250.0,26350.0,,,1851.0,1266.0,36.0,,,,
2026-10-01T00:05:00+00:00,034020.KS,KRX,equity,82400.0,82400.0,81900.0,82200.0,65323.0,82100.0,82200.0,,,12553.0,52770.0,939.0,,,,
2026-10-01T00:05:00+00:00,036540.KQ,KOSDAQ,equity,10960.0,10980.0,10860.0,10940.0,38554.0,10940.0,10960.0,,,17653.0,20901.0,269.0,,,,
2026-10-01T00:05:00+00:00,036930.KQ,KOSDAQ,equity,225000.0,227000.0,224000.0,227000.0,17295.0,226500.0,227000.0,,,7973.0,9322.0,577.0,,,,
2026-10-01T00:05:00+00:00,042700.KS,KRX,equity,267000.0,267500.0,264000.0,265000.0,26523.0,265000.0,265500.0,,,11628.0,14895.0,839.0,,,,
2026-10-01T00:05:00+00:00,043260.KQ,KOSDAQ,equity,26250.0,26350.0,26100.0,26300.0,42519.0,26300.0,26350.0,,,15390.0,27129.0,351.0,,,,
2026-10-01T00:05:00+00:00,103590.KS,KRX,equity,80900.0,81000.0,80500.0,80700.0,2204.0,80500.0,80700.0,,,507.0,1697.0,92.0,,,,
2026-10-01T00:05:00+00:00,128940.KS,KRX,equity,501000.0,502000.0,499500.0,501000.0,260.0,500000.0,501000.0,,,128.0,132.0,41.0,,,,
2026-10-01T00:05:00+00:00,316140.KS,KRX,equity,33150.0,33250.0,33050.0,33200.0,32180.0,33150.0,33200.0,,,20994.0,11186.0,257.0,,,,
2026-10-01T00:05:00+00:00,356680.KQ,KOSDAQ,equity,17500.0,17500.0,17410.0,17410.0,15245.0,17400.0,17410.0,,,2622.0,12623.0,182.0,,,,
2026-10-01T00:05:00+00:00,396300.KQ,KOSDAQ,equity,5440.0,5470.0,5420.0,5470.0,3465.0,5450.0,5470.0,,,2094.0,1371.0,53.0,,,,
2026-10-01T00:05:00+00:00,950260.KQ,KOSDAQ,equity,26700.0,26850.0,26600.0,26850.0,10921.0,26800.0,26850.0,,,6229.0,4692.0,90.0,,,,
2026-10-01T00:05:00+00:00,000270.KS,KRX,equity,114400.0,114600.0,114100.0,114500.0,13304.0,114500.0,114600.0,,,9271.0,4033.0,179.0,,,,
2026-10-01T00:05:00+00:00,001440.KS,KRX,equity,29100.0,29150.0,29050.0,29100.0,13469.0,29100.0,29150.0,,,3624.0,9845.0,154.0,,,,
2026-10-01T00:05:00+00:00,009830.KS,KRX,equity,34100.0,34450.0,34000.0,34350.0,70280.0,34300.0,34350.0,,,50750.0,19530.0,507.0,,,,
2026-10-01T00:05:00+00:00,017670.KS,KRX,equity,85600.0,85700.0,85500.0,85700.0,1535.0,85600.0,85700.0,,,1062.0,473.0,47.0,,,,
2026-10-01T00:05:00+00:00,035420.KS,KRX,equity,191900.0,192400.0,191700.0,192000.0,6478.0,191900.0,192000.0,,,3667.0,2811.0,235.0,,,,
2026-10-01T00:05:00+00:00,093370.KS,KRX,equity,14700.0,14940.0,14670.0,14910.0,74683.0,14910.0,14920.0,,,42367.0,32316.0,432.0,,,,
2026-10-01T00:05:00+00:00,353200.KS,KRX,equity,132800.0,132900.0,132400.0,132500.0,1604.0,132400.0,132500.0,,,538.0,1066.0,93.0,,,,
2026-10-01T00:05:00+00:00,005935.KS,KRX,equity,193700.0,194300.0,193500.0,194200.0,15986.0,194100.0,194200.0,,,10993.0,4993.0,263.0,,,,
2026-10-01T00:05:00+00:00,010170.KQ,KOSDAQ,equity,16540.0,16560.0,16450.0,16455.0,58699.0,16450.0,16460.0,,,6522.0,52177.0,247.0,,,,
2026-10-01T00:05:00+00:00,055550.KS,KRX,equity,105500.0,105900.0,105500.0,105600.0,4748.0,105500.0,105600.0,,,2849.0,1899.0,56.0,,,,
2026-10-01T00:05:00+00:00,072950.KQ,KOSDAQ,equity,14710.0,14750.0,14650.0,14680.0,12518.0,14700.0,14710.0,,,6051.0,6467.0,94.0,,,,
2026-10-01T00:05:00+00:00,240810.KQ,KOSDAQ,equity,134500.0,134700.0,133900.0,134200.0,8479.0,134200.0,134400.0,,,3284.0,5195.0,300.0,,,,
2026-10-01T00:05:00+00:00,052690.KS,KRX,equity,126600.0,126600.0,125500.0,125900.0,13034.0,125900.0,126000.0,,,1945.0,11089.0,397.0,,,,
2026-10-01T00:05:00+00:00,066570.KS,KRX,equity,207500.0,208000.0,207500.0,208000.0,7491.0,208000.0,208500.0,,,2830.0,4661.0,128.0,,,,
2026-10-01T00:05:00+00:00,096770.KS,KRX,equity,149500.0,149700.0,148800.0,148900.0,2712.0,149100.0,149100.0,,,1294.0,1418.0,106.0,,,,
2026-10-01T00:05:00+00:00,393210.KQ,KOSDAQ,equity,3495.0,3495.0,3455.0,3475.0,3152.0,3475.0,3480.0,,,897.0,2255.0,40.0,,,,
2026-10-01T00:05:00+00:00,012330.KS,KRX,equity,375500.0,379500.0,374500.0,379500.0,6439.0,379000.0,379500.0,,,4275.0,2164.0,442.0,,,,
2026-10-01T00:05:00+00:00,012450.KS,KRX,equity,1029000.0,1032000.0,1027000.0,1028000.0,1101.0,1028000.0,1029000.0,,,542.0,559.0,90.0,,,,
2026-10-01T00:05:00+00:00,402340.KS,KRX,equity,1103000.0,1104000.0,1095000.0,1100000.0,7765.0,1099000.0,1100000.0,,,2507.0,5258.0,327.0,,,,
2026-10-01T00:05:00+00:00,003670.KS,KRX,equity,179800.0,179900.0,178800.0,179600.0,1344.0,179600.0,179800.0,,,526.0,818.0,84.0,,,,
2026-10-01T00:05:00+00:00,115440.KQ,KOSDAQ,equity,11430.0,11430.0,11350.0,11360.0,9167.0,11360.0,11370.0,,,2404.0,6763.0,78.0,,,,
2026-10-01T00:05:00+00:00,000720.KS,KRX,equity,117800.0,119000.0,116800.0,117900.0,18181.0,117900.0,117900.0,,,4188.0,13993.0,534.0,,,,
2026-10-01T00:05:00+00:00,000660.KS,KRX,equity,1756000.0,1760000.0,1754000.0,1759000.0,10640.0,1758000.0,1759000.0,,,5786.0,4854.0,692.0,,,,
2026-10-01T00:05:00+00:00,005830.KS,KRX,equity,182500.0,183400.0,182500.0,183200.0,381.0,183200.0,183400.0,,,248.0,133.0,38.0,,,,
2026-10-01T00:05:00+00:00,028050.KS,KRX,equity,47950.0,48050.0,47750.0,48000.0,5281.0,48000.0,48050.0,,,2604.0,2677.0,107.0,,,,
2026-10-01T00:05:00+00:00,047810.KS,KRX,equity,127300.0,127700.0,127200.0,127600.0,2503.0,127500.0,127600.0,,,1583.0,920.0,87.0,,,,
2026-10-01T00:05:00+00:00,068270.KS,KRX,equity,180300.0,181400.0,180100.0,181000.0,8567.0,181000.0,181100.0,,,7516.0,1051.0,160.0,,,,
2026-10-01T00:05:00+00:00,387690.KQ,KOSDAQ,equity,19660.0,19720.0,19640.0,19720.0,1820.0,19720.0,19730.0,,,803.0,1017.0,55.0,,,,
2026-10-01T00:05:00+00:00,403870.KQ,KOSDAQ,equity,64400.0,64400.0,63700.0,63900.0,32530.0,63800.0,63900.0,,,18331.0,14199.0,352.0,,,,
2026-10-01T00:05:00+00:00,001820.KS,KRX,equity,149500.0,149600.0,148900.0,149000.0,3921.0,149000.0,149100.0,,,919.0,3002.0,106.0,,,,
2026-10-01T00:05:00+00:00,010140.KS,KRX,equity,19760.0,19760.0,19740.0,19760.0,18577.0,19760.0,19760.0,,,4645.0,13932.0,150.0,,,,
2026-10-01T00:05:00+00:00,015760.KS,KRX,equity,30250.0,30300.0,30250.0,30250.0,1019.0,30250.0,30300.0,,,113.0,906.0,49.0,,,,
2026-10-01T00:05:00+00:00,095610.KQ,KOSDAQ,equity,172400.0,172500.0,170600.0,170600.0,4032.0,170600.0,170700.0,,,1340.0,2692.0,145.0,,,,
2026-10-01T00:05:00+00:00,373220.KS,KRX,equity,356500.0,357000.0,355000.0,356000.0,1106.0,356000.0,356500.0,,,372.0,734.0,50.0,,,,
2026-10-01T00:05:00+00:00,028260.KS,KRX,equity,338000.0,339500.0,337500.0,339000.0,1076.0,339000.0,339500.0,,,882.0,194.0,78.0,,,,
2026-10-01T00:05:00+00:00,032830.KS,KRX,equity,279500.0,280500.0,279000.0,279500.0,336.0,279500.0,280500.0,,,290.0,46.0,45.0,,,,
2026-10-01T00:05:00+00:00,000810.KS,KRX,equity,631000.0,633000.0,631000.0,633000.0,96.0,633000.0,633000.0,,,18.0,78.0,19.0,,,,
2026-10-01T00:05:00+00:00,003550.KS,KRX,equity,110000.0,110100.0,109900.0,109900.0,75.0,110000.0,110100.0,,,29.0,46.0,29.0,,,,
2026-10-01T00:05:00+00:00,267250.KS,KRX,equity,201500.0,202000.0,200500.0,201500.0,338.0,201500.0,202000.0,,,252.0,86.0,44.0,,,,
2026-10-01T00:05:00+00:00,000150.KS,KRX,equity,1401000.0,1401000.0,1396000.0,1399000.0,194.0,1399000.0,1399000.0,,,113.0,81.0,58.0,,,,
2026-10-01T00:05:00+00:00,005380.KS,KRX,equity,346000.0,347000.0,345500.0,347000.0,2746.0,346500.0,347000.0,,,2066.0,680.0,126.0,,,,
2026-10-01T00:05:00+00:00,005490.KS,KRX,equity,311000.0,311000.0,309500.0,310000.0,2185.0,310000.0,310000.0,,,409.0,1776.0,92.0,,,,
2026-10-01T00:05:00+00:00,007660.KS,KRX,equity,114800.0,114900.0,114500.0,114800.0,911.0,114700.0,114800.0,,,278.0,633.0,62.0,,,,
2026-10-01T00:05:00+00:00,009540.KS,KRX,equity,327000.0,328000.0,327000.0,328000.0,937.0,328000.0,328000.0,,,811.0,126.0,42.0,,,,
2026-10-01T00:05:00+00:00,010950.KS,KRX,equity,160700.0,160700.0,160100.0,160300.0,608.0,160300.0,160300.0,,,119.0,489.0,50.0,,,,
2026-10-01T00:05:00+00:00,011070.KS,KRX,equity,558000.0,559000.0,557000.0,558000.0,772.0,558000.0,559000.0,,,597.0,175.0,77.0,,,,
2026-10-01T00:05:00+00:00,011200.KS,KRX,equity,21100.0,21300.0,21100.0,21300.0,31670.0,21250.0,21300.0,,,26872.0,4798.0,98.0,,,,
2026-10-01T00:05:00+00:00,011780.KS,KRX,equity,116200.0,116500.0,116000.0,116400.0,173.0,116400.0,116500.0,,,134.0,39.0,36.0,,,,
2026-10-01T00:05:00+00:00,018260.KS,KRX,equity,217500.0,217500.0,216500.0,217000.0,891.0,217000.0,217500.0,,,251.0,640.0,36.0,,,,
2026-10-01T00:05:00+00:00,021240.KS,KRX,equity,99500.0,99600.0,99300.0,99500.0,128.0,99300.0,99500.0,,,108.0,20.0,39.0,,,,
2026-10-01T00:05:00+00:00,033780.KS,KRX,equity,177400.0,177500.0,176800.0,177500.0,609.0,177400.0,177500.0,,,343.0,266.0,71.0,,,,
2026-10-01T00:05:00+00:00,034730.KS,KRX,equity,572000.0,576000.0,572000.0,576000.0,678.0,574000.0,576000.0,,,434.0,244.0,32.0,,,,
2026-10-01T00:05:00+00:00,086790.KS,KRX,equity,130000.0,130500.0,130000.0,130200.0,1047.0,130200.0,130300.0,,,732.0,315.0,31.0,,,,
2026-10-01T00:05:00+00:00,105560.KS,KRX,equity,168800.0,169200.0,168700.0,169000.0,6836.0,169000.0,169000.0,,,5451.0,1385.0,128.0,,,,
2026-10-01T00:05:00+00:00,180640.KS,KRX,equity,133000.0,133400.0,132600.0,132800.0,414.0,132800.0,133000.0,,,180.0,234.0,39.0,,,,
2026-10-01T00:05:00+00:00,207940.KS,KRX,equity,1397000.0,1400000.0,1393000.0,1396000.0,406.0,1397000.0,1399000.0,,,240.0,166.0,75.0,,,,
2026-10-01T00:05:00+00:00,278470.KS,KRX,equity,363000.0,364500.0,362500.0,363000.0,823.0,363000.0,363500.0,,,488.0,335.0,39.0,,,,
2026-10-01T00:05:00+00:00,298040.KS,KRX,equity,2731000.0,2731000.0,2725000.0,2730000.0,307.0,2726000.0,2730000.0,,,124.0,183.0,80.0,,,,
2026-10-01T00:05:00+00:00,329180.KS,KRX,equity,434000.0,434500.0,433000.0,434500.0,684.0,434500.0,434500.0,,,464.0,220.0,48.0,,,,
2026-10-01T00:05:00+00:00,011170.KS,KRX,equity,61400.0,61800.0,61100.0,61600.0,2423.0,61600.0,61600.0,,,1292.0,1131.0,54.0,,,,
2026-10-01T00:05:00+00:00,251270.KS,KRX,equity,35200.0,35400.0,35100.0,35200.0,2036.0,35200.0,35250.0,,,917.0,1119.0,54.0,,,,
2026-10-01T00:05:00+00:00,003490.KS,KRX,equity,31700.0,31750.0,31550.0,31550.0,25582.0,31550.0,31600.0,,,4287.0,21295.0,99.0,,,,
2026-10-01T00:05:00+00:00,051910.KS,KRX,equity,255000.0,257000.0,254000.0,254500.0,4294.0,254500.0,255000.0,,,3036.0,1258.0,96.0,,,,
2026-10-01T00:05:00+00:00,006360.KS,KRX,equity,33950.0,34000.0,33850.0,34000.0,6461.0,33950.0,34000.0,,,125.0,6336.0,41.0,,,,
2026-10-01T00:05:00+00:00,0161M0.KQ,KOSDAQ,equity,16280.0,16290.0,16140.0,16140.0,16884.0,16140.0,16150.0,,,2766.0,14118.0,125.0,,,,
2026-10-01T00:05:00+00:00,419050.KQ,KOSDAQ,equity,1841.0,1862.0,1841.0,1849.0,48337.0,1856.0,1857.0,,,39452.0,8885.0,128.0,,,,
2026-10-01T00:05:00+00:00,0010S0.KQ,KOSDAQ,equity,19720.0,19850.0,19720.0,19770.0,10678.0,19750.0,19770.0,,,3445.0,7233.0,120.0,,,,
2026-10-01T00:05:00+00:00,042660.KS,KRX,equity,78350.0,78400.0,78100.0,78200.0,3961.0,78300.0,78400.0,,,1440.0,2521.0,116.0,,,,
2026-10-01T00:05:00+00:00,046970.KQ,KOSDAQ,equity,7230.0,7230.0,7200.0,7210.0,10438.0,7200.0,7210.0,,,4822.0,5616.0,52.0,,,,
2026-10-01T00:05:00+00:00,067310.KQ,KOSDAQ,equity,47750.0,47850.0,47550.0,47550.0,7593.0,47550.0,47650.0,,,2016.0,5577.0,123.0,,,,
2026-10-01T00:05:00+00:00,010060.KS,KRX,equity,220500.0,221000.0,219000.0,220000.0,1116.0,219500.0,220000.0,,,334.0,782.0,62.0,,,,
2026-10-01T00:05:00+00:00,326030.KS,KRX,equity,74700.0,75000.0,74500.0,74900.0,4356.0,74900.0,74900.0,,,4331.0,25.0,34.0,,,,
2026-10-01T00:05:00+00:00,003230.KS,KRX,equity,1212000.0,1213000.0,1211000.0,1213000.0,20.0,1211000.0,1213000.0,,,16.0,4.0,8.0,,,,
2026-10-01T00:05:00+00:00,319660.KQ,KOSDAQ,equity,149100.0,149400.0,148500.0,148800.0,3227.0,148600.0,148800.0,,,1047.0,2180.0,125.0,,,,
2026-10-01T00:05:00+00:00,030200.KS,KRX,equity,51800.0,51800.0,51700.0,51800.0,392.0,51700.0,51800.0,,,248.0,144.0,102.0,,,,
2026-10-01T00:05:00+00:00,108490.KQ,KOSDAQ,equity,281500.0,282000.0,281000.0,282000.0,664.0,281500.0,282000.0,,,365.0,299.0,99.0,,,,
2026-10-01T00:05:00+00:00,386380.KQ,KOSDAQ,equity,17600.0,17700.0,17510.0,17690.0,9166.0,17660.0,17690.0,,,3993.0,5173.0,117.0,,,,
2026-10-01T00:05:00+00:00,010120.KS,KRX,equity,201500.0,201500.0,200500.0,200500.0,2710.0,200500.0,201000.0,,,775.0,1935.0,137.0,,,,
2026-10-01T00:05:00+00:00,272210.KS,KRX,equity,74500.0,74800.0,74400.0,74700.0,2675.0,74600.0,74700.0,,,1555.0,1120.0,80.0,,,,
2026-10-01T00:05:00+00:00,089970.KQ,KOSDAQ,equity,63200.0,63300.0,62700.0,63000.0,6263.0,62900.0,62900.0,,,1708.0,4555.0,90.0,,,,
2026-10-01T00:05:00+00:00,222800.KQ,KOSDAQ,equity,149000.0,149500.0,148700.0,148800.0,3679.0,148800.0,149100.0,,,1014.0,2665.0,139.0,,,,
2026-10-01T00:05:00+00:00,080220.KQ,KOSDAQ,equity,78200.0,78400.0,77800.0,78000.0,5092.0,77900.0,78000.0,,,1657.0,3435.0,104.0,,,,
2026-10-01T00:05:00+00:00,024110.KS,KRX,equity,20150.0,20150.0,20100.0,20150.0,5286.0,20100.0,20150.0,,,4456.0,830.0,59.0,,,,
2026-10-01T00:05:00+00:00,035720.KS,KRX,equity,33350.0,33400.0,33300.0,33350.0,2076.0,33350.0,33400.0,,,840.0,1236.0,51.0,,,,
2026-10-01T00:05:00+00:00,035760.KQ,KOSDAQ,equity,37150.0,37150.0,37150.0,37150.0,16.0,36800.0,37150.0,,,16.0,0.0,1.0,,,,
2026-10-01T00:05:00+00:00,058470.KQ,KOSDAQ,equity,73900.0,74100.0,73800.0,73800.0,1647.0,73800.0,73900.0,,,744.0,903.0,62.0,,,,
2026-10-01T00:05:00+00:00,478340.KQ,KOSDAQ,equity,13870.0,13890.0,13800.0,13800.0,3366.0,13870.0,13880.0,,,1291.0,2075.0,59.0,,,,
2026-10-01T00:05:00+00:00,440110.KQ,KOSDAQ,equity,84000.0,84000.0,83200.0,83400.0,3049.0,83400.0,83500.0,,,728.0,2321.0,70.0,,,,
2026-10-01T00:05:00+00:00,201490.KQ,KOSDAQ,equity,3410.0,3430.0,3400.0,3430.0,3477.0,3415.0,3430.0,,,3376.0,101.0,14.0,,,,
2026-09-30T23:56:00+00:00,ES=F,CME,index_future,7744.0,7744.0,7743.25,7743.5,0.0,,,,,,,,,,,
2026-09-30T23:56:52+00:00,ES=F,CME,index_future,7743.75,7743.75,7743.75,7743.75,0.0,,,,,,,,,,,
2026-09-30T23:56:00+00:00,NQ=F,CME,index_future,30822.5,30823.0,30818.5,30818.5,0.0,,,,,,,,,,,
2026-09-30T23:56:56+00:00,NQ=F,CME,index_future,30820.25,30820.25,30820.25,30820.25,0.0,,,,,,,,,,,
2026-09-30T23:56:00+00:00,GC=F,COMEX,commodity_future,4185.10009765625,4185.7998046875,4185.10009765625,4185.60009765625,0.0,,,,,,,,,,,
2026-09-30T23:56:54+00:00,GC=F,COMEX,commodity_future,4185.60009765625,4185.60009765625,4185.60009765625,4185.60009765625,0.0,,,,,,,,,,,
2026-09-30T23:56:00+00:00,CL=F,NYMEX,commodity_future,89.91999816894531,89.98999786376953,89.91999816894531,89.97000122070312,0.0,,,,,,,,,,,
2026-09-30T23:56:43+00:00,CL=F,NYMEX,commodity_future,89.98999786376953,89.98999786376953,89.98999786376953,89.98999786376953,0.0,,,,,,,,,,,
2026-09-30T23:56:00+00:00,HG=F,COMEX,commodity_future,6.629000186920166,6.629000186920166,6.629000186920166,6.629000186920166,0.0,,,,,,,,,,,
2026-10-01T00:04:00+00:00,EURUSD=X,FX,currency,1.133144497871399,1.133144497871399,1.133144497871399,1.133144497871399,0.0,,,,,,,,,,,
2026-10-01T00:05:00+00:00,KRW=X,FX,currency,1358.3800048828125,1358.780029296875,1358.0799560546875,1358.239990234375,0.0,,,,,,,,,,,
2026-10-01T00:05:00+00:00,JPY=X,FX,currency,157.59500122070312,157.6230010986328,157.59500122070312,157.6219940185547,0.0,,,,,,,,,,,
2026-10-01T00:04:00+00:00,GBPUSD=X,FX,currency,1.326330304145813,1.326330304145813,1.326330304145813,1.326330304145813,0.0,,,,,,,,,,,
2026-10-01T00:06:00+00:00,BTC-USD,CRYPTO,crypto,83479.7,83479.7,83452.8,83461.8,0.12892961,,,,,,,63.0,,,,
2026-10-01T00:06:00+00:00,ETH-USD,CRYPTO,crypto,2681.62,2681.76,2680.81,2681.61,18.60929715,,,,,,,34.0,,,,
2026-10-01T00:06:00+00:00,009150.KS,KRX,equity,1469000.0,1469000.0,1464000.0,1467000.0,7470.0,1466000.0,1467000.0,,,2016.0,5454.0,471.0,,,,
2026-10-01T00:06:00+00:00,093370.KS,KRX,equity,14920.0,15080.0,14830.0,15060.0,79079.0,15040.0,15060.0,,,54709.0,24370.0,440.0,,,,
2026-10-01T00:06:00+00:00,222800.KQ,KOSDAQ,equity,149100.0,149300.0,148200.0,148500.0,3082.0,148400.0,148400.0,,,1277.0,1805.0,176.0,,,,
2026-10-01T00:06:00+00:00,009830.KS,KRX,equity,34350.0,34650.0,34150.0,34600.0,83986.0,34550.0,34600.0,,,61471.0,22515.0,662.0,,,,
2026-10-01T00:06:00+00:00,030200.KS,KRX,equity,51800.0,51800.0,51600.0,51700.0,3544.0,51700.0,51700.0,,,332.0,3212.0,121.0,,,,
2026-10-01T00:06:00+00:00,043260.KQ,KOSDAQ,equity,26300.0,26350.0,26050.0,26100.0,31759.0,26100.0,26150.0,,,5323.0,26436.0,284.0,,,,
2026-10-01T00:06:00+00:00,095610.KQ,KOSDAQ,equity,170600.0,170600.0,169700.0,169800.0,1827.0,169800.0,169800.0,,,359.0,1468.0,117.0,,,,
2026-10-01T00:06:00+00:00,000660.KS,KRX,equity,1758000.0,1761000.0,1753000.0,1759000.0,11293.0,1758000.0,1759000.0,,,5203.0,6090.0,546.0,,,,
2026-10-01T00:06:00+00:00,000720.KS,KRX,equity,117700.0,117900.0,117100.0,117500.0,8035.0,117400.0,117500.0,,,2466.0,5569.0,237.0,,,,
2026-10-01T00:06:00+00:00,036930.KQ,KOSDAQ,equity,227000.0,227000.0,225000.0,225500.0,13696.0,225000.0,225500.0,,,5031.0,8665.0,406.0,,,,
2026-10-01T00:06:00+00:00,072950.KQ,KOSDAQ,equity,14710.0,14710.0,14470.0,14550.0,30819.0,14540.0,14550.0,,,6870.0,23949.0,180.0,,,,
2026-10-01T00:06:00+00:00,316140.KS,KRX,equity,33200.0,33250.0,33100.0,33200.0,27095.0,33200.0,33250.0,,,9789.0,17306.0,203.0,,,,
2026-10-01T00:06:00+00:00,005930.KS,KRX,equity,266000.0,266500.0,265500.0,266500.0,52901.0,266000.0,266500.0,,,31345.0,21556.0,1052.0,,,,
2026-10-01T00:06:00+00:00,066570.KS,KRX,equity,208000.0,208500.0,208000.0,208000.0,2826.0,208000.0,208500.0,,,574.0,2252.0,118.0,,,,
2026-10-01T00:06:00+00:00,103590.KS,KRX,equity,80700.0,80800.0,80500.0,80800.0,3156.0,80700.0,80800.0,,,1957.0,1199.0,77.0,,,,
2026-10-01T00:06:00+00:00,272210.KS,KRX,equity,74700.0,74700.0,74200.0,74200.0,2050.0,74200.0,74300.0,,,102.0,1948.0,60.0,,,,
2026-10-01T00:06:00+00:00,950260.KQ,KOSDAQ,equity,26850.0,27450.0,26800.0,27125.0,24370.0,27100.0,27150.0,,,20695.0,3675.0,184.0,,,,
2026-10-01T00:06:00+00:00,035420.KS,KRX,equity,192000.0,192600.0,191900.0,192000.0,2680.0,192000.0,192100.0,,,1683.0,997.0,166.0,,,,
2026-10-01T00:06:00+00:00,042700.KS,KRX,equity,265000.0,265500.0,261500.0,262500.0,39147.0,262500.0,263000.0,,,7716.0,31431.0,660.0,,,,
2026-10-01T00:06:00+00:00,403870.KQ,KOSDAQ,equity,63900.0,63900.0,63400.0,63400.0,19802.0,63400.0,63500.0,,,3886.0,15916.0,316.0,,,,
2026-10-01T00:06:00+00:00,003230.KS,KRX,equity,1213000.0,1215000.0,1211000.0,1215000.0,93.0,1212000.0,1215000.0,,,19.0,74.0,15.0,,,,
2026-10-01T00:06:00+00:00,005380.KS,KRX,equity,346500.0,347000.0,345500.0,347000.0,5040.0,346500.0,347000.0,,,2981.0,2059.0,226.0,,,,
2026-10-01T00:06:00+00:00,018260.KS,KRX,equity,217000.0,217000.0,216500.0,216500.0,255.0,216500.0,217000.0,,,130.0,125.0,29.0,,,,
2026-10-01T00:06:00+00:00,096770.KS,KRX,equity,149000.0,149100.0,147800.0,148200.0,3871.0,148200.0,148100.0,,,1388.0,2483.0,144.0,,,,
2026-10-01T00:06:00+00:00,005935.KS,KRX,equity,194100.0,195000.0,193850.0,194900.0,22288.0,194800.0,194900.0,,,12073.0,10215.0,313.0,,,,
2026-10-01T00:06:00+00:00,010060.KS,KRX,equity,220000.0,220500.0,219000.0,220500.0,1509.0,220000.0,220500.0,,,1002.0,507.0,68.0,,,,
2026-10-01T00:06:00+00:00,036540.KQ,KOSDAQ,equity,10940.0,10970.0,10880.0,10880.0,42139.0,10870.0,10880.0,,,18051.0,24088.0,215.0,,,,
2026-10-01T00:06:00+00:00,108490.KQ,KOSDAQ,equity,281500.0,282000.0,281000.0,281000.0,791.0,281000.0,281500.0,,,282.0,509.0,91.0,,,,
2026-10-01T00:06:00+00:00,298040.KS,KRX,equity,2730000.0,2732000.0,2726000.0,2728000.0,145.0,2727000.0,2728000.0,,,61.0,84.0,58.0,,,,
2026-10-01T00:06:00+00:00,115440.KQ,KOSDAQ,equity,11360.0,11380.0,11310.0,11330.0,14862.0,11330.0,11370.0,,,9454.0,5408.0,81.0,,,,
2026-10-01T00:06:00+00:00,058470.KQ,KOSDAQ,equity,73900.0,73900.0,73600.0,73800.0,2906.0,73700.0,73800.0,,,1226.0,1680.0,85.0,,,,
2026-10-01T00:06:00+00:00,080220.KQ,KOSDAQ,equity,78000.0,78000.0,77500.0,77600.0,3740.0,77500.0,77600.0,,,456.0,3284.0,109.0,,,,
2026-10-01T00:06:00+00:00,402340.KS,KRX,equity,1099000.0,1102000.0,1095000.0,1099000.0,4367.0,1099000.0,1098000.0,,,1427.0,2940.0,308.0,,,,
2026-10-01T00:06:00+00:00,003670.KS,KRX,equity,179700.0,180300.0,179500.0,179500.0,2333.0,179700.0,179700.0,,,1384.0,949.0,95.0,,,,
2026-10-01T00:06:00+00:00,010170.KQ,KOSDAQ,equity,16450.0,16460.0,16350.0,16370.0,60483.0,16360.0,16370.0,,,27279.0,33204.0,454.0,,,,
2026-10-01T00:06:00+00:00,034020.KS,KRX,equity,82200.0,82200.0,82000.0,82200.0,19184.0,82100.0,82200.0,,,6591.0,12593.0,505.0,,,,
2026-10-01T00:06:00+00:00,035720.KS,KRX,equity,33400.0,33400.0,33350.0,33350.0,3695.0,33350.0,33400.0,,,2533.0,1162.0,55.0,,,,
2026-10-01T00:06:00+00:00,240810.KQ,KOSDAQ,equity,134200.0,134200.0,133100.0,133200.0,7619.0,133200.0,133300.0,,,2227.0,5392.0,228.0,,,,
2026-10-01T00:06:00+00:00,001440.KS,KRX,equity,29100.0,29150.0,29050.0,29100.0,7240.0,29050.0,29100.0,,,2582.0,4658.0,129.0,,,,
2026-10-01T00:06:00+00:00,012330.KS,KRX,equity,379500.0,382500.0,376000.0,380500.0,9693.0,380500.0,380500.0,,,4423.0,5270.0,371.0,,,,
2026-10-01T00:06:00+00:00,012450.KS,KRX,equity,1028000.0,1030000.0,1022000.0,1022000.0,1996.0,1022000.0,1023000.0,,,306.0,1690.0,89.0,,,,
2026-10-01T00:06:00+00:00,052690.KS,KRX,equity,125900.0,126000.0,125600.0,125700.0,4794.0,125700.0,125800.0,,,1292.0,3502.0,217.0,,,,
2026-10-01T00:06:00+00:00,068270.KS,KRX,equity,181100.0,181100.0,180400.0,180700.0,3840.0,180700.0,180800.0,,,1226.0,2614.0,163.0,,,,
2026-10-01T00:06:00+00:00,393210.KQ,KOSDAQ,equity,3480.0,3480.0,3465.0,3470.0,4131.0,3465.0,3470.0,,,2101.0,2030.0,23.0,,,,
2026-10-01T00:06:00+00:00,010140.KS,KRX,equity,19750.0,19750.0,19650.0,19670.0,29952.0,19670.0,19660.0,,,3360.0,26592.0,206.0,,,,
2026-10-01T00:06:00+00:00,353200.KS,KRX,equity,132500.0,132500.0,131100.0,131100.0,3259.0,131100.0,131200.0,,,320.0,2939.0,148.0,,,,
2026-10-01T00:06:00+00:00,0161M0.KQ,KOSDAQ,equity,16150.0,16180.0,16050.0,16150.0,17747.0,16130.0,16150.0,,,8588.0,9159.0,152.0,,,,
2026-10-01T00:06:00+00:00,105560.KS,KRX,equity,168900.0,169200.0,168700.0,168800.0,6220.0,168700.0,168800.0,,,3511.0,2709.0,108.0,,,,
2026-10-01T00:06:00+00:00,000150.KS,KRX,equity,1399000.0,1399000.0,1393000.0,1394000.0,265.0,1393000.0,1394000.0,,,31.0,234.0,55.0,,,,
2026-10-01T00:06:00+00:00,005490.KS,KRX,equity,310000.0,310500.0,308500.0,309000.0,668.0,309000.0,309000.0,,,163.0,505.0,73.0,,,,
2026-10-01T00:06:00+00:00,278470.KS,KRX,equity,363000.0,364000.0,363000.0,363500.0,233.0,363500.0,364000.0,,,138.0,95.0,24.0,,,,
2026-10-01T00:06:00+00:00,011070.KS,KRX,equity,558000.0,559000.0,556000.0,557000.0,1001.0,557000.0,558000.0,,,487.0,514.0,73.0,,,,
2026-10-01T00:06:00+00:00,128940.KS,KRX,equity,501000.0,501000.0,500000.0,500000.0,202.0,499500.0,500000.0,,,83.0,119.0,31.0,,,,
2026-10-01T00:06:00+00:00,000270.KS,KRX,equity,114500.0,114500.0,114300.0,114300.0,4841.0,114300.0,114400.0,,,2698.0,2143.0,118.0,,,,
2026-10-01T00:06:00+00:00,047810.KS,KRX,equity,127600.0,127600.0,127000.0,127000.0,1583.0,127000.0,127100.0,,,505.0,1078.0,89.0,,,,
2026-10-01T00:06:00+00:00,006400.KS,KRX,equity,511000.0,512000.0,510000.0,511000.0,863.0,511000.0,511000.0,,,46.0,817.0,93.0,,,,
2026-10-01T00:06:00+00:00,001820.KS,KRX,equity,149000.0,149400.0,148500.0,148800.0,5099.0,148700.0,148800.0,,,3209.0,1890.0,104.0,,,,
2026-10-01T00:06:00+00:00,047040.KS,KRX,equity,17790.0,17810.0,17720.0,17730.0,44628.0,17720.0,17730.0,,,5868.0,38760.0,330.0,,,,
2026-10-01T00:06:00+00:00,017670.KS,KRX,equity,85700.0,85700.0,85500.0,85500.0,1190.0,85500.0,85600.0,,,136.0,1054.0,50.0,,,,
2026-10-01T00:06:00+00:00,010120.KS,KRX,equity,201000.0,201500.0,200500.0,201000.0,1506.0,201000.0,201500.0,,,1228.0,278.0,135.0,,,,
2026-10-01T00:06:00+00:00,030530.KQ,KOSDAQ,equity,26250.0,26250.0,26200.0,26250.0,1741.0,26200.0,26250.0,,,224.0,1517.0,37.0,,,,
2026-10-01T00:06:00+00:00,046970.KQ,KOSDAQ,equity,7210.0,7210.0,7110.0,7150.0,16750.0,7120.0,7160.0,,,4573.0,12177.0,80.0,,,,
2026-10-01T00:06:00+00:00,051910.KS,KRX,equity,255000.0,255500.0,254500.0,255500.0,1862.0,254500.0,255500.0,,,1339.0,523.0,71.0,,,,
2026-10-01T00:06:00+00:00,440110.KQ,KOSDAQ,equity,83400.0,83400.0,83000.0,83000.0,1260.0,83000.0,83100.0,,,269.0,991.0,77.0,,,,
2026-10-01T00:06:00+00:00,089970.KQ,KOSDAQ,equity,62900.0,63000.0,62700.0,62800.0,4475.0,62800.0,62900.0,,,2855.0,1620.0,81.0,,,,
2026-10-01T00:06:00+00:00,0010S0.KQ,KOSDAQ,equity,19750.0,20150.0,19750.0,20100.0,3181.0,20050.0,20100.0,,,2564.0,617.0,99.0,,,,
2026-10-01T00:06:00+00:00,011200.KS,KRX,equity,21250.0,21300.0,21150.0,21200.0,5011.0,21200.0,21250.0,,,1092.0,3919.0,79.0,,,,
2026-10-01T00:06:00+00:00,028050.KS,KRX,equity,47950.0,48000.0,47800.0,48000.0,4855.0,47900.0,48000.0,,,2669.0,2186.0,92.0,,,,
2026-10-01T00:06:00+00:00,329180.KS,KRX,equity,434500.0,434500.0,431500.0,433500.0,1489.0,433500.0,433500.0,,,906.0,583.0,59.0,,,,
2026-10-01T00:06:00+00:00,042660.KS,KRX,equity,78400.0,78400.0,78100.0,78200.0,5410.0,78200.0,78300.0,,,1157.0,4253.0,79.0,,,,
2026-10-01T00:06:00+00:00,251270.KS,KRX,equity,35200.0,35250.0,35000.0,35100.0,3728.0,35100.0,35150.0,,,1528.0,2200.0,57.0,,,,
2026-10-01T00:06:00+00:00,009540.KS,KRX,equity,328000.0,328500.0,326500.0,326500.0,744.0,326500.0,327000.0,,,140.0,604.0,46.0,,,,
2026-10-01T00:06:00+00:00,011170.KS,KRX,equity,61600.0,61600.0,61400.0,61400.0,661.0,61400.0,61500.0,,,209.0,452.0,37.0,,,,
2026-10-01T00:06:00+00:00,319660.KQ,KOSDAQ,equity,148600.0,148800.0,148000.0,148050.0,3169.0,148000.0,148100.0,,,165.0,3004.0,80.0,,,,
2026-10-01T00:06:00+00:00,386380.KQ,KOSDAQ,equity,17660.0,17680.0,17610.0,17610.0,7142.0,17610.0,17620.0,,,2074.0,5068.0,101.0,,,,
2026-10-01T00:06:00+00:00,007660.KS,KRX,equity,114700.0,114700.0,114200.0,114400.0,2058.0,114300.0,114400.0,,,167.0,1891.0,99.0,,,,
2026-10-01T00:06:00+00:00,010950.KS,KRX,equity,160300.0,160300.0,159300.0,160000.0,4082.0,160000.0,159800.0,,,1668.0,2414.0,90.0,,,,
2026-10-01T00:06:00+00:00,033780.KS,KRX,equity,177400.0,177400.0,176900.0,176900.0,388.0,177000.0,177200.0,,,177.0,211.0,56.0,,,,
2026-10-01T00:06:00+00:00,419050.KQ,KOSDAQ,equity,1856.0,1856.0,1839.0,1848.0,22209.0,1843.0,1848.0,,,6004.0,16205.0,68.0,,,,
2026-10-01T00:06:00+00:00,356680.KQ,KOSDAQ,equity,17400.0,17420.0,17340.0,17360.0,17137.0,17350.0,17360.0,,,7241.0,9896.0,154.0,,,,
2026-10-01T00:06:00+00:00,180640.KS,KRX,equity,132800.0,132800.0,132000.0,132300.0,196.0,132200.0,132300.0,,,60.0,136.0,34.0,,,,
2026-10-01T00:06:00+00:00,000810.KS,KRX,equity,633000.0,633000.0,631000.0,631000.0,119.0,631000.0,632000.0,,,56.0,63.0,23.0,,,,
2026-10-01T00:06:00+00:00,201490.KQ,KOSDAQ,equity,3425.0,3425.0,3420.0,3425.0,1986.0,3420.0,3425.0,,,767.0,1219.0,13.0,,,,
2026-10-01T00:06:00+00:00,028260.KS,KRX,equity,339000.0,339000.0,338000.0,338500.0,596.0,338000.0,338500.0,,,174.0,422.0,66.0,,,,
2026-10-01T00:06:00+00:00,478340.KQ,KOSDAQ,equity,13860.0,13880.0,13790.0,13860.0,843.0,13860.0,13880.0,,,581.0,262.0,26.0,,,,
2026-10-01T00:06:00+00:00,024110.KS,KRX,equity,20100.0,20200.0,20100.0,20150.0,1416.0,20150.0,20200.0,,,754.0,662.0,31.0,,,,
2026-10-01T00:06:00+00:00,034730.KS,KRX,equity,574000.0,575000.0,573000.0,573000.0,388.0,574000.0,575000.0,,,232.0,156.0,32.0,,,,
2026-10-01T00:06:00+00:00,055550.KS,KRX,equity,105600.0,105700.0,105300.0,105400.0,8831.0,105400.0,105500.0,,,4248.0,4583.0,70.0,,,,
2026-10-01T00:06:00+00:00,005830.KS,KRX,equity,183400.0,183500.0,182500.0,183100.0,383.0,183100.0,183500.0,,,219.0,164.0,44.0,,,,
2026-10-01T00:06:00+00:00,003490.KS,KRX,equity,31600.0,31650.0,31550.0,31550.0,7206.0,31550.0,31600.0,,,1317.0,5889.0,76.0,,,,
2026-10-01T00:06:00+00:00,003550.KS,KRX,equity,109900.0,110300.0,109800.0,109900.0,450.0,109900.0,110100.0,,,243.0,207.0,48.0,,,,
2026-10-01T00:06:00+00:00,015760.KS,KRX,equity,30250.0,30300.0,30200.0,30250.0,3020.0,30200.0,30250.0,,,347.0,2673.0,42.0,,,,
2026-10-01T00:06:00+00:00,086790.KS,KRX,equity,130200.0,130300.0,130100.0,130100.0,829.0,130200.0,130200.0,,,9.0,820.0,28.0,,,,
2026-10-01T00:06:00+00:00,006360.KS,KRX,equity,33950.0,34000.0,33925.0,33950.0,2794.0,33950.0,34000.0,,,792.0,2002.0,28.0,,,,
2026-10-01T00:06:00+00:00,387690.KQ,KOSDAQ,equity,19720.0,19720.0,19610.0,19610.0,3461.0,19620.0,19680.0,,,874.0,2587.0,38.0,,,,
2026-10-01T00:06:00+00:00,267250.KS,KRX,equity,201500.0,202500.0,201500.0,201500.0,334.0,201500.0,202000.0,,,182.0,152.0,34.0,,,,
2026-10-01T00:06:00+00:00,021240.KS,KRX,equity,99300.0,99800.0,99300.0,99800.0,900.0,99600.0,99800.0,,,585.0,315.0,61.0,,,,
2026-10-01T00:06:00+00:00,326030.KS,KRX,equity,74900.0,75000.0,74700.0,74700.0,488.0,74700.0,74900.0,,,86.0,402.0,25.0,,,,
2026-10-01T00:06:00+00:00,373220.KS,KRX,equity,356000.0,356000.0,355500.0,356000.0,1045.0,355500.0,356000.0,,,71.0,974.0,34.0,,,,
2026-10-01T00:06:00+00:00,067310.KQ,KOSDAQ,equity,47550.0,47650.0,47500.0,47500.0,6333.0,47500.0,47600.0,,,1776.0,4557.0,103.0,,,,
2026-10-01T00:06:00+00:00,011780.KS,KRX,equity,116400.0,116400.0,116200.0,116200.0,230.0,116200.0,116300.0,,,120.0,110.0,27.0,,,,
2026-10-01T00:06:00+00:00,032830.KS,KRX,equity,279500.0,280000.0,279000.0,280000.0,311.0,279500.0,280000.0,,,191.0,120.0,39.0,,,,
2026-10-01T00:06:00+00:00,207940.KS,KRX,equity,1396000.0,1400000.0,1394000.0,1395000.0,244.0,1396000.0,1396000.0,,,116.0,128.0,46.0,,,,
2026-10-01T00:06:00+00:00,396300.KQ,KOSDAQ,equity,5470.0,5470.0,5450.0,5470.0,5553.0,5460.0,5470.0,,,1581.0,3972.0,37.0,,,,
2026-10-01T00:06:00+00:00,035760.KQ,KOSDAQ,equity,37000.0,37000.0,36850.0,36850.0,65.0,36850.0,36900.0,,,21.0,44.0,8.0,,,,
2026-09-30T23:57:00+00:00,ES=F,CME,index_future,7743.5,7743.75,7743.25,7743.5,63.0,,,,,,,,,,,
2026-09-30T23:58:00+00:00,ES=F,CME,index_future,7743.25,7743.75,7743.25,7743.75,0.0,,,,,,,,,,,
2026-09-30T23:58:04+00:00,ES=F,CME,index_future,7743.25,7743.25,7743.25,7743.25,0.0,,,,,,,,,,,
2026-09-30T23:57:00+00:00,NQ=F,CME,index_future,30818.25,30820.5,30816.25,30820.5,77.0,,,,,,,,,,,
2026-09-30T23:58:00+00:00,NQ=F,CME,index_future,30818.75,30820.25,30816.75,30820.25,0.0,,,,,,,,,,,
2026-09-30T23:58:05+00:00,NQ=F,CME,index_future,30817.5,30817.5,30817.5,30817.5,0.0,,,,,,,,,,,
2026-09-30T23:57:00+00:00,GC=F,COMEX,commodity_future,4185.89990234375,4186.0,4185.60009765625,4185.60009765625,4.0,,,,,,,,,,,
2026-09-30T23:58:00+00:00,GC=F,COMEX,commodity_future,4185.7998046875,4186.0,4185.7998046875,4186.0,0.0,,,,,,,,,,,
2026-09-30T23:58:03+00:00,GC=F,COMEX,commodity_future,4185.7998046875,4185.7998046875,4185.7998046875,4185.7998046875,0.0,,,,,,,,,,,
2026-09-30T23:57:00+00:00,SI=F,COMEX,commodity_future,60.66999816894531,60.66999816894531,60.66999816894531,60.66999816894531,0.0,,,,,,,,,,,
2026-09-30T23:57:00+00:00,CL=F,NYMEX,commodity_future,89.9800033569336,89.98999786376953,89.97000122070312,89.97000122070312,17.0,,,,,,,,,,,
2026-09-30T23:58:00+00:00,CL=F,NYMEX,commodity_future,89.9800033569336,89.98999786376953,89.97000122070312,89.98999786376953,0.0,,,,,,,,,,,
2026-09-30T23:58:04+00:00,CL=F,NYMEX,commodity_future,89.9800033569336,89.9800033569336,89.9800033569336,89.9800033569336,0.0,,,,,,,,,,,
2026-10-01T00:05:00+00:00,EURUSD=X,FX,currency,1.133144497871399,1.133144497871399,1.133144497871399,1.133144497871399,0.0,,,,,,,,,,,
2026-10-01T00:06:00+00:00,EURUSD=X,FX,currency,1.133144497871399,1.133144497871399,1.133144497871399,1.133144497871399,0.0,,,,,,,,,,,
2026-10-01T00:06:00+00:00,KRW=X,FX,currency,1358.260009765625,1358.280029296875,1357.5799560546875,1357.780029296875,0.0,,,,,,,,,,,
2026-10-01T00:07:00+00:00,KRW=X,FX,currency,1357.8800048828125,1357.97998046875,1357.5799560546875,1357.6199951171875,0.0,,,,,,,,,,,
2026-10-01T00:06:00+00:00,JPY=X,FX,currency,157.61000061035156,157.62399291992188,157.60000610351562,157.61399841308594,0.0,,,,,,,,,,,
2026-10-01T00:07:00+00:00,JPY=X,FX,currency,157.61599731445312,157.65699768066406,157.61300659179688,157.6479949951172,0.0,,,,,,,,,,,
2026-10-01T00:05:00+00:00,GBPUSD=X,FX,currency,1.3263126611709597,1.3263126611709597,1.3263126611709597,1.3263126611709597,0.0,,,,,,,,,,,
2026-10-01T00:06:00+00:00,GBPUSD=X,FX,currency,1.3263126611709597,1.3263126611709597,1.3263126611709597,1.3263126611709597,0.0,,,,,,,,,,,
2026-10-01T00:07:00+00:00,BTC-USD,CRYPTO,crypto,83461.9,83482.6,83461.9,83482.6,2.46640789,,,,,,,54.0,,,,
2026-10-01T00:07:00+00:00,ETH-USD,CRYPTO,crypto,2681.62,2683.13,2681.62,2683.13,6.21603139,,,,,,,51.0,,,,
2026-10-01T00:07:00+00:00,034020.KS,KRX,equity,82200.0,82300.0,82000.0,82200.0,21331.0,82200.0,82300.0,,,8169.0,13162.0,505.0,,,,
2026-10-01T00:07:00+00:00,000720.KS,KRX,equity,117500.0,118000.0,117400.0,117700.0,4016.0,117800.0,117800.0,,,1366.0,2650.0,189.0,,,,
2026-10-01T00:07:00+00:00,000660.KS,KRX,equity,1758000.0,1761000.0,1755000.0,1761000.0,7167.0,1760000.0,1760000.0,,,4089.0,3078.0,470.0,,,,
2026-10-01T00:07:00+00:00,001820.KS,KRX,equity,148800.0,148800.0,148600.0,148800.0,964.0,148700.0,148900.0,,,307.0,657.0,71.0,,,,
2026-10-01T00:07:00+00:00,005930.KS,KRX,equity,266250.0,266500.0,265500.0,266000.0,86500.0,266000.0,266500.0,,,61984.0,24516.0,1055.0,,,,
2026-10-01T00:07:00+00:00,009830.KS,KRX,equity,34600.0,34700.0,34350.0,34500.0,57004.0,34450.0,34500.0,,,26220.0,30784.0,611.0,,,,
2026-10-01T00:07:00+00:00,030200.KS,KRX,equity,51700.0,51800.0,51600.0,51700.0,2033.0,51700.0,51800.0,,,830.0,1203.0,89.0,,,,
2026-10-01T00:07:00+00:00,030530.KQ,KOSDAQ,equity,26200.0,26350.0,26200.0,26300.0,5722.0,26300.0,26350.0,,,4776.0,946.0,34.0,,,,
2026-10-01T00:07:00+00:00,035420.KS,KRX,equity,192000.0,192100.0,191900.0,192100.0,2538.0,192100.0,192100.0,,,1130.0,1408.0,139.0,,,,
2026-10-01T00:07:00+00:00,036930.KQ,KOSDAQ,equity,225250.0,225500.0,224000.0,225000.0,12527.0,225000.0,225500.0,,,3307.0,9220.0,371.0,,,,
2026-10-01T00:07:00+00:00,042700.KS,KRX,equity,262500.0,264000.0,262000.0,262750.0,20096.0,262500.0,263000.0,,,5999.0,14097.0,481.0,,,,
2026-10-01T00:07:00+00:00,043260.KQ,KOSDAQ,equity,26100.0,26300.0,26050.0,26250.0,27397.0,26250.0,26300.0,,,8948.0,18449.0,259.0,,,,
2026-10-01T00:07:00+00:00,047040.KS,KRX,equity,17730.0,17730.0,17680.0,17690.0,37843.0,17690.0,17700.0,,,10967.0,26876.0,260.0,,,,
2026-10-01T00:07:00+00:00,067310.KQ,KOSDAQ,equity,47550.0,47650.0,47500.0,47650.0,6191.0,47600.0,47650.0,,,3854.0,2337.0,93.0,,,,
2026-10-01T00:07:00+00:00,086790.KS,KRX,equity,130200.0,130200.0,130100.0,130100.0,342.0,130100.0,130200.0,,,78.0,264.0,22.0,,,,
2026-10-01T00:07:00+00:00,093370.KS,KRX,equity,15050.0,15090.0,15000.0,15000.0,91571.0,15000.0,15020.0,,,36046.0,55525.0,507.0,,,,
2026-10-01T00:07:00+00:00,108490.KQ,KOSDAQ,equity,281500.0,281500.0,280500.0,280500.0,2148.0,280500.0,281000.0,,,493.0,1655.0,89.0,,,,
2026-10-01T00:07:00+00:00,006360.KS,KRX,equity,33950.0,34000.0,33850.0,33900.0,4623.0,33900.0,33950.0,,,2929.0,1694.0,30.0,,,,
2026-10-01T00:07:00+00:00,010120.KS,KRX,equity,201500.0,202000.0,201000.0,201000.0,718.0,201000.0,201500.0,,,397.0,321.0,90.0,,,,
2026-10-01T00:07:00+00:00,089970.KQ,KOSDAQ,equity,62900.0,62900.0,62600.0,62700.0,2184.0,62700.0,62800.0,,,994.0,1190.0,57.0,,,,
2026-10-01T00:07:00+00:00,353200.KS,KRX,equity,131100.0,131200.0,130700.0,130700.0,7233.0,130700.0,130800.0,,,4986.0,2247.0,199.0,,,,
2026-10-01T00:07:00+00:00,402340.KS,KRX,equity,1098000.0,1099000.0,1095000.0,1097000.0,2218.0,1096000.0,1097000.0,,,825.0,1393.0,284.0,,,,
2026-10-01T00:07:00+00:00,403870.KQ,KOSDAQ,equity,63400.0,64500.0,63200.0,64500.0,19824.0,64400.0,64500.0,,,14811.0,5013.0,352.0,,,,
2026-10-01T00:07:00+00:00,478340.KQ,KOSDAQ,equity,13860.0,14020.0,13850.0,13990.0,6992.0,13990.0,14030.0,,,5095.0,1897.0,57.0,,,,
2026-10-01T00:07:00+00:00,011170.KS,KRX,equity,61400.0,61400.0,61100.0,61100.0,516.0,61100.0,61200.0,,,3.0,513.0,26.0,,,,
2026-10-01T00:07:00+00:00,201490.KQ,KOSDAQ,equity,3425.0,3440.0,3425.0,3440.0,4636.0,3435.0,3440.0,,,3176.0,1460.0,28.0,,,,
2026-10-01T00:07:00+00:00,222800.KQ,KOSDAQ,equity,148300.0,149200.0,148000.0,148400.0,1594.0,148400.0,149000.0,,,779.0,815.0,139.0,,,,
2026-10-01T00:07:00+00:00,003670.KS,KRX,equity,179600.0,179700.0,179100.0,179500.0,797.0,179200.0,179200.0,,,223.0,574.0,75.0,,,,
2026-10-01T00:07:00+00:00,005380.KS,KRX,equity,347000.0,347500.0,346000.0,347500.0,3519.0,347000.0,347500.0,,,2580.0,939.0,173.0,,,,
2026-10-01T00:07:00+00:00,005935.KS,KRX,equity,194900.0,195400.0,194900.0,195400.0,12298.0,195300.0,195400.0,,,10408.0,1890.0,269.0,,,,
2026-10-01T00:07:00+00:00,052690.KS,KRX,equity,125700.0,126000.0,125600.0,125900.0,3805.0,125900.0,126000.0,,,2037.0,1768.0,193.0,,,,
2026-10-01T00:07:00+00:00,003490.KS,KRX,equity,31550.0,31600.0,31550.0,31575.0,9059.0,31550.0,31600.0,,,88.0,8971.0,63.0,,,,
2026-10-01T00:07:00+00:00,005490.KS,KRX,equity,309000.0,309000.0,308500.0,308500.0,969.0,308500.0,309000.0,,,315.0,654.0,60.0,,,,
2026-10-01T00:07:00+00:00,012450.KS,KRX,equity,1023000.0,1023000.0,1019000.0,1019000.0,782.0,1019000.0,1020000.0,,,171.0,611.0,81.0,,,,
2026-10-01T00:07:00+00:00,095610.KQ,KOSDAQ,equity,169700.0,170200.0,169700.0,170000.0,755.0,170000.0,170100.0,,,586.0,169.0,77.0,,,,
2026-10-01T00:07:00+00:00,105560.KS,KRX,equity,168800.0,169000.0,168700.0,168800.0,3282.0,168800.0,168900.0,,,2293.0,989.0,86.0,,,,
2026-10-01T00:07:00+00:00,115440.KQ,KOSDAQ,equity,11370.0,11380.0,11300.0,11330.0,5925.0,11300.0,11330.0,,,3951.0,1974.0,52.0,,,,
2026-10-01T00:07:00+00:00,393210.KQ,KOSDAQ,equity,3465.0,3470.0,3365.0,3390.0,6688.0,3385.0,3390.0,,,232.0,6456.0,48.0,,,,
2026-10-01T00:07:00+00:00,009150.KS,KRX,equity,1467000.0,1467500.0,1464000.0,1466000.0,4259.0,1466000.0,1467000.0,,,2443.0,1816.0,362.0,,,,
2026-10-01T00:07:00+00:00,000270.KS,KRX,equity,114300.0,114500.0,114100.0,114400.0,5109.0,114400.0,114400.0,,,3498.0,1611.0,101.0,,,,
2026-10-01T00:07:00+00:00,096770.KS,KRX,equity,148100.0,148400.0,147900.0,148100.0,2422.0,148100.0,148200.0,,,1338.0,1084.0,130.0,,,,
2026-10-01T00:07:00+00:00,356680.KQ,KOSDAQ,equity,17360.0,17490.0,17340.0,17490.0,6718.0,17490.0,17500.0,,,3732.0,2986.0,116.0,,,,
2026-10-01T00:07:00+00:00,103590.KS,KRX,equity,80800.0,80900.0,80600.0,80800.0,1680.0,80800.0,80900.0,,,534.0,1146.0,73.0,,,,
2026-10-01T00:07:00+00:00,001440.KS,KRX,equity,29100.0,29100.0,29050.0,29050.0,8725.0,29050.0,29100.0,,,1789.0,6936.0,142.0,,,,
2026-10-01T00:07:00+00:00,316140.KS,KRX,equity,33200.0,33250.0,33200.0,33200.0,5721.0,33200.0,33250.0,,,2498.0,3223.0,173.0,,,,
2026-10-01T00:07:00+00:00,419050.KQ,KOSDAQ,equity,1847.0,1847.0,1840.0,1841.0,11368.0,1840.0,1841.0,,,5285.0,6083.0,40.0,,,,
2026-10-01T00:07:00+00:00,047810.KS,KRX,equity,127100.0,127100.0,126700.0,126800.0,1454.0,126800.0,126900.0,,,487.0,967.0,76.0,,,,
2026-10-01T00:07:00+00:00,080220.KQ,KOSDAQ,equity,77600.0,77600.0,77200.0,77300.0,6599.0,77200.0,77400.0,,,1423.0,5176.0,110.0,,,,
2026-10-01T00:07:00+00:00,010140.KS,KRX,equity,19660.0,19670.0,19640.0,19640.0,15279.0,19640.0,19650.0,,,2911.0,12368.0,233.0,,,,
2026-10-01T00:07:00+00:00,018260.KS,KRX,equity,217000.0,217500.0,216500.0,217000.0,359.0,217000.0,217500.0,,,46.0,313.0,43.0,,,,
2026-10-01T00:07:00+00:00,012330.KS,KRX,equity,380500.0,384500.0,380000.0,384000.0,13056.0,384000.0,384500.0,,,8055.0,5001.0,475.0,,,,
2026-10-01T00:07:00+00:00,028260.KS,KRX,equity,338500.0,338500.0,338000.0,338000.0,365.0,338000.0,338500.0,,,218.0,147.0,49.0,,,,
2026-10-01T00:07:00+00:00,036540.KQ,KOSDAQ,equity,10870.0,10880.0,10800.0,10850.0,49762.0,10830.0,10850.0,,,14656.0,35106.0,183.0,,,,
2026-10-01T00:07:00+00:00,042660.KS,KRX,equity,78200.0,78300.0,78100.0,78100.0,2340.0,78100.0,78200.0,,,182.0,2158.0,77.0,,,,
2026-10-01T00:07:00+00:00,066570.KS,KRX,equity,208500.0,208500.0,208000.0,208500.0,3130.0,208500.0,209000.0,,,1988.0,1142.0,135.0,,,,
2026-10-01T00:07:00+00:00,015760.KS,KRX,equity,30250.0,30250.0,30200.0,30200.0,2592.0,30200.0,30250.0,,,86.0,2506.0,36.0,,,,
2026-10-01T00:07:00+00:00,032830.KS,KRX,equity,279500.0,280500.0,279000.0,279000.0,343.0,279000.0,280000.0,,,236.0,107.0,41.0,,,,
2026-10-01T00:07:00+00:00,051910.KS,KRX,equity,255500.0,255500.0,254500.0,254500.0,356.0,254500.0,255000.0,,,186.0,170.0,38.0,,,,
2026-10-01T00:07:00+00:00,072950.KQ,KOSDAQ,equity,14550.0,14600.0,14540.0,14600.0,5099.0,14570.0,14600.0,,,2233.0,2866.0,78.0,,,,
2026-10-01T00:07:00+00:00,0010S0.KQ,KOSDAQ,equity,20100.0,20150.0,19990.0,20050.0,5567.0,20050.0,20100.0,,,2560.0,3007.0,73.0,,,,
2026-10-01T00:07:00+00:00,010060.KS,KRX,equity,220500.0,220500.0,219000.0,219500.0,1837.0,219000.0,219500.0,,,672.0,1165.0,48.0,,,,
2026-10-01T00:07:00+00:00,010950.KS,KRX,equity,160000.0,160000.0,159400.0,159500.0,306.0,159600.0,159900.0,,,80.0,226.0,38.0,,,,
2026-10-01T00:07:00+00:00,010170.KQ,KOSDAQ,equity,16370.0,16370.0,16260.0,16300.0,78945.0,16300.0,16320.0,,,41759.0,37186.0,439.0,,,,
2026-10-01T00:07:00+00:00,024110.KS,KRX,equity,20200.0,20200.0,20150.0,20150.0,1473.0,20150.0,20200.0,,,16.0,1457.0,21.0,,,,
2026-10-01T00:07:00+00:00,240810.KQ,KOSDAQ,equity,133300.0,133600.0,132900.0,133500.0,5423.0,133500.0,133600.0,,,3176.0,2247.0,185.0,,,,
2026-10-01T00:07:00+00:00,298040.KS,KRX,equity,2728000.0,2735000.0,2715000.0,2719000.0,404.0,2725000.0,2719000.0,,,35.0,369.0,75.0,,,,
2026-10-01T00:07:00+00:00,950260.KQ,KOSDAQ,equity,27100.0,27150.0,26850.0,27000.0,6920.0,26950.0,27000.0,,,2901.0,4019.0,126.0,,,,
2026-10-01T00:07:00+00:00,0161M0.KQ,KOSDAQ,equity,16140.0,16260.0,16120.0,16210.0,5786.0,16190.0,16210.0,,,2228.0,3558.0,129.0,,,,
2026-10-01T00:07:00+00:00,058470.KQ,KOSDAQ,equity,73700.0,73800.0,73600.0,73800.0,1996.0,73700.0,73800.0,,,504.0,1492.0,64.0,,,,
2026-10-01T00:07:00+00:00,068270.KS,KRX,equity,180700.0,180700.0,180000.0,180100.0,1299.0,180000.0,180100.0,,,257.0,1042.0,110.0,,,,
2026-10-01T00:07:00+00:00,387690.KQ,KOSDAQ,equity,19620.0,19620.0,19530.0,19580.0,5330.0,19530.0,19580.0,,,2075.0,3255.0,52.0,,,,
2026-10-01T00:07:00+00:00,011200.KS,KRX,equity,21200.0,21250.0,21150.0,21200.0,12314.0,21200.0,21250.0,,,6739.0,5575.0,70.0,,,,
2026-10-01T00:07:00+00:00,035720.KS,KRX,equity,33400.0,33400.0,33350.0,33350.0,624.0,33350.0,33400.0,,,169.0,455.0,49.0,,,,
2026-10-01T00:07:00+00:00,000150.KS,KRX,equity,1394000.0,1397000.0,1388000.0,1390000.0,329.0,1388000.0,1390000.0,,,146.0,183.0,62.0,,,,
2026-10-01T00:07:00+00:00,034730.KS,KRX,equity,575000.0,575000.0,574000.0,574000.0,341.0,574000.0,575000.0,,,58.0,283.0,35.0,,,,
2026-10-01T00:07:00+00:00,251270.KS,KRX,equity,35150.0,35300.0,35100.0,35150.0,1332.0,35150.0,35150.0,,,561.0,771.0,33.0,,,,
2026-10-01T00:07:00+00:00,319660.KQ,KOSDAQ,equity,148050.0,148800.0,147900.0,148800.0,1778.0,148700.0,148800.0,,,538.0,1240.0,84.0,,,,
2026-10-01T00:07:00+00:00,017670.KS,KRX,equity,85600.0,85800.0,85400.0,85400.0,5117.0,85400.0,85500.0,,,938.0,4179.0,66.0,,,,
2026-10-01T00:07:00+00:00,278470.KS,KRX,equity,363500.0,365000.0,363000.0,363000.0,532.0,363500.0,364000.0,,,269.0,263.0,30.0,,,,
2026-10-01T00:07:00+00:00,326030.KS,KRX,equity,74700.0,74700.0,74600.0,74600.0,252.0,74600.0,74700.0,,,1.0,251.0,17.0,,,,
2026-10-01T00:07:00+00:00,007660.KS,KRX,equity,114400.0,114400.0,114100.0,114100.0,1517.0,114200.0,114300.0,,,151.0,1366.0,89.0,,,,
2026-10-01T00:07:00+00:00,272210.KS,KRX,equity,74300.0,74300.0,74000.0,74000.0,4794.0,74000.0,74100.0,,,325.0,4469.0,77.0,,,,
2026-10-01T00:07:00+00:00,440110.KQ,KOSDAQ,equity,83000.0,83150.0,82500.0,82600.0,2630.0,82700.0,82800.0,,,492.0,2138.0,65.0,,,,
2026-10-01T00:07:00+00:00,006400.KS,KRX,equity,511000.0,511000.0,508000.0,509000.0,1852.0,509000.0,510000.0,,,81.0,1771.0,71.0,,,,
2026-10-01T00:07:00+00:00,011780.KS,KRX,equity,116300.0,116300.0,116000.0,116000.0,108.0,116000.0,116000.0,,,10.0,98.0,19.0,,,,
2026-10-01T00:07:00+00:00,386380.KQ,KOSDAQ,equity,17610.0,17620.0,17550.0,17620.0,6753.0,17580.0,17620.0,,,3406.0,3347.0,100.0,,,,
2026-10-01T00:07:00+00:00,011070.KS,KRX,equity,557000.0,559000.0,557000.0,558000.0,672.0,557000.0,558000.0,,,531.0,141.0,46.0,,,,
2026-10-01T00:07:00+00:00,000810.KS,KRX,equity,631000.0,632000.0,629000.0,632000.0,113.0,630000.0,632000.0,,,51.0,62.0,32.0,,,,
2026-10-01T00:07:00+00:00,028050.KS,KRX,equity,48000.0,48000.0,47850.0,47900.0,2432.0,47900.0,47950.0,,,709.0,1723.0,60.0,,,,
2026-10-01T00:07:00+00:00,009540.KS,KRX,equity,326500.0,327000.0,325500.0,326000.0,495.0,326000.0,326500.0,,,202.0,293.0,36.0,,,,
2026-10-01T00:07:00+00:00,021240.KS,KRX,equity,99800.0,99800.0,99500.0,99600.0,136.0,99600.0,99700.0,,,69.0,67.0,35.0,,,,
2026-10-01T00:07:00+00:00,207940.KS,KRX,equity,1395000.0,1396000.0,1389000.0,1396000.0,311.0,1391000.0,1394000.0,,,152.0,159.0,42.0,,,,
2026-10-01T00:07:00+00:00,329180.KS,KRX,equity,433500.0,434500.0,432500.0,432500.0,947.0,433000.0,433500.0,,,355.0,592.0,50.0,,,,
2026-10-01T00:07:00+00:00,396300.KQ,KOSDAQ,equity,5460.0,5460.0,5420.0,5420.0,2671.0,5420.0,5450.0,,,123.0,2548.0,23.0,,,,
2026-10-01T00:07:00+00:00,055550.KS,KRX,equity,105400.0,105600.0,105200.0,105500.0,2056.0,105500.0,105600.0,,,1181.0,875.0,53.0,,,,
2026-10-01T00:07:00+00:00,005830.KS,KRX,equity,183100.0,184700.0,183100.0,183400.0,424.0,183400.0,184100.0,,,252.0,172.0,33.0,,,,
2026-10-01T00:07:00+00:00,046970.KQ,KOSDAQ,equity,7160.0,7200.0,7120.0,7150.0,7984.0,7150.0,7180.0,,,5863.0,2121.0,52.0,,,,
2026-10-01T00:07:00+00:00,003230.KS,KRX,equity,1216000.0,1216000.0,1212000.0,1215000.0,41.0,1215000.0,1216000.0,,,25.0,16.0,14.0,,,,
2026-10-01T00:07:00+00:00,373220.KS,KRX,equity,355500.0,356000.0,355500.0,355500.0,256.0,355500.0,356000.0,,,91.0,165.0,30.0,,,,
2026-10-01T00:07:00+00:00,003550.KS,KRX,equity,109900.0,110500.0,109900.0,110100.0,294.0,110200.0,110300.0,,,125.0,169.0,40.0,,,,
2026-10-01T00:07:00+00:00,180640.KS,KRX,equity,132100.0,132200.0,131900.0,132000.0,209.0,132000.0,132200.0,,,103.0,106.0,25.0,,,,
2026-10-01T00:07:00+00:00,267250.KS,KRX,equity,201500.0,201500.0,201000.0,201000.0,115.0,201000.0,201500.0,,,0.0,115.0,18.0,,,,
2026-10-01T00:07:00+00:00,033780.KS,KRX,equity,177000.0,177100.0,176800.0,176800.0,248.0,176900.0,177100.0,,,83.0,165.0,52.0,,,,
2026-10-01T00:07:00+00:00,128940.KS,KRX,equity,499500.0,500000.0,497500.0,497500.0,173.0,497500.0,498000.0,,,63.0,110.0,34.0,,,,
2026-10-01T00:07:00+00:00,035760.KQ,KOSDAQ,equity,36850.0,36950.0,36800.0,36950.0,508.0,36850.0,36950.0,,,169.0,339.0,14.0,,,,
2026-09-30T23:58:51+00:00,ES=F,CME,index_future,7743.75,7743.75,7743.75,7743.75,0.0,,,,,,,,,,,
2026-09-30T23:58:51+00:00,NQ=F,CME,index_future,30819.75,30819.75,30819.75,30819.75,0.0,,,,,,,,,,,
2026-09-30T23:58:18+00:00,GC=F,COMEX,commodity_future,4186.0,4186.0,4186.0,4186.0,0.0,,,,,,,,,,,
2026-09-30T23:58:52+00:00,CL=F,NYMEX,commodity_future,89.9800033569336,89.9800033569336,89.9800033569336,89.9800033569336,0.0,,,,,,,,,,,
2026-10-01T00:08:00+00:00,BTC-USD,CRYPTO,crypto,83482.6,83485.8,83482.6,83485.7,0.31841717,,,,,,,39.0,,,,
2026-10-01T00:08:00+00:00,ETH-USD,CRYPTO,crypto,2683.14,2683.47,2682.23,2682.23,3.63565349,,,,,,,23.0,,,,
2026-10-01T00:08:00+00:00,012330.KS,KRX,equity,385000.0,385500.0,384000.0,385000.0,1348.0,385000.0,385000.0,,,688.0,660.0,58.0,,,,
2026-10-01T00:08:00+00:00,000660.KS,KRX,equity,1767000.0,1767000.0,1762000.0,1763000.0,2979.0,1764000.0,1764000.0,,,324.0,2655.0,71.0,,,,
2026-10-01T00:08:00+00:00,005930.KS,KRX,equity,266500.0,266500.0,266000.0,266500.0,2637.0,266000.0,266500.0,,,2486.0,151.0,101.0,,,,
2026-10-01T00:08:00+00:00,009830.KS,KRX,equity,34050.0,34150.0,34050.0,34150.0,4035.0,34050.0,34100.0,,,2612.0,1423.0,37.0,,,,
2026-10-01T00:08:00+00:00,030200.KS,KRX,equity,51800.0,51800.0,51700.0,51800.0,22.0,51700.0,51800.0,,,9.0,13.0,7.0,,,,
2026-10-01T00:08:00+00:00,032830.KS,KRX,equity,281000.0,281500.0,281000.0,281000.0,138.0,281500.0,281500.0,,,13.0,125.0,4.0,,,,
2026-10-01T00:08:00+00:00,036540.KQ,KOSDAQ,equity,10960.0,10970.0,10950.0,10960.0,6020.0,10970.0,10980.0,,,5377.0,643.0,18.0,,,,
2026-10-01T00:08:00+00:00,043260.KQ,KOSDAQ,equity,26450.0,26450.0,26400.0,26400.0,2066.0,26400.0,26450.0,,,925.0,1141.0,23.0,,,,
2026-10-01T00:08:00+00:00,046970.KQ,KOSDAQ,equity,7230.0,7230.0,7190.0,7190.0,22.0,7190.0,7230.0,,,2.0,20.0,2.0,,,,
2026-10-01T00:08:00+00:00,052690.KS,KRX,equity,126700.0,126900.0,126700.0,126900.0,544.0,126900.0,126900.0,,,522.0,22.0,28.0,,,,
2026-10-01T00:08:00+00:00,067310.KQ,KOSDAQ,equity,48050.0,48100.0,48050.0,48100.0,520.0,48050.0,48100.0,,,513.0,7.0,18.0,,,,
2026-10-01T00:08:00+00:00,103590.KS,KRX,equity,80500.0,80500.0,80500.0,80500.0,94.0,80500.0,80600.0,,,0.0,94.0,3.0,,,,
2026-10-01T00:08:00+00:00,105560.KS,KRX,equity,169100.0,169100.0,169000.0,169000.0,554.0,169000.0,169000.0,,,382.0,172.0,13.0,,,,
2026-10-01T00:08:00+00:00,356680.KQ,KOSDAQ,equity,17550.0,17560.0,17520.0,17520.0,1304.0,17540.0,17560.0,,,708.0,596.0,12.0,,,,
2026-10-01T00:08:00+00:00,009150.KS,KRX,equity,1474000.0,1474000.0,1472000.0,1473000.0,562.0,1472000.0,1473000.0,,,416.0,146.0,79.0,,,,
2026-10-01T00:08:00+00:00,028260.KS,KRX,equity,341000.0,341000.0,340500.0,341000.0,32.0,340500.0,341000.0,,,14.0,18.0,8.0,,,,
2026-10-01T00:08:00+00:00,030530.KQ,KOSDAQ,equity,26550.0,26600.0,26550.0,26550.0,242.0,26500.0,26550.0,,,52.0,190.0,6.0,,,,
2026-10-01T00:08:00+00:00,222800.KQ,KOSDAQ,equity,149700.0,149700.0,149600.0,149700.0,135.0,149600.0,149700.0,,,113.0,22.0,9.0,,,,
2026-10-01T00:08:00+00:00,402340.KS,KRX,equity,1101000.0,1102000.0,1097000.0,1099000.0,1809.0,1100000.0,1099000.0,,,249.0,1560.0,58.0,,,,
2026-10-01T00:08:00+00:00,001820.KS,KRX,equity,150000.0,150200.0,149900.0,150200.0,787.0,150000.0,150200.0,,,771.0,16.0,14.0,,,,
2026-10-01T00:08:00+00:00,034020.KS,KRX,equity,82300.0,82500.0,82300.0,82400.0,979.0,82300.0,82500.0,,,655.0,324.0,35.0,,,,
2026-10-01T00:08:00+00:00,047040.KS,KRX,equity,17780.0,17790.0,17760.0,17780.0,1210.0,17780.0,17790.0,,,734.0,476.0,9.0,,,,
2026-10-01T00:08:00+00:00,005935.KS,KRX,equity,196000.0,196100.0,195900.0,196000.0,995.0,196000.0,196100.0,,,670.0,325.0,29.0,,,,
2026-10-01T00:08:00+00:00,012450.KS,KRX,equity,1017000.0,1018000.0,1017000.0,1017000.0,56.0,1017000.0,1018000.0,,,23.0,33.0,10.0,,,,
2026-10-01T00:08:00+00:00,066570.KS,KRX,equity,209000.0,209000.0,208500.0,208500.0,294.0,208500.0,209000.0,,,25.0,269.0,10.0,,,,
2026-10-01T00:08:00+00:00,086790.KS,KRX,equity,130400.0,130400.0,130400.0,130400.0,7.0,130400.0,130200.0,,,0.0,7.0,1.0,,,,
2026-10-01T00:08:00+00:00,251270.KS,KRX,equity,35150.0,35150.0,35100.0,35150.0,1225.0,35150.0,35200.0,,,93.0,1132.0,8.0,,,,
2026-10-01T00:08:00+00:00,005380.KS,KRX,equity,347500.0,347500.0,347000.0,347500.0,281.0,347000.0,347500.0,,,277.0,4.0,11.0,,,,
2026-10-01T00:08:00+00:00,021240.KS,KRX,equity,99300.0,99300.0,99300.0,99300.0,2.0,99300.0,99400.0,,,0.0,2.0,1.0,,,,
2026-10-01T00:08:00+00:00,010170.KQ,KOSDAQ,equity,16320.0,16330.0,16320.0,16330.0,2551.0,16320.0,16330.0,,,1242.0,1309.0,26.0,,,,
2026-10-01T00:08:00+00:00,093370.KS,KRX,equity,15160.0,15230.0,15160.0,15190.0,27229.0,15190.0,15220.0,,,17220.0,10009.0,88.0,,,,
2026-10-01T00:08:00+00:00,108490.KQ,KOSDAQ,equity,282000.0,282000.0,281500.0,281500.0,32.0,281500.0,282000.0,,,12.0,20.0,12.0,,,,
2026-10-01T00:08:00+00:00,000720.KS,KRX,equity,117850.0,117900.0,117800.0,117900.0,24.0,117800.0,117900.0,,,10.0,14.0,7.0,,,,
2026-10-01T00:08:00+00:00,001440.KS,KRX,equity,29050.0,29100.0,29050.0,29050.0,738.0,29050.0,29100.0,,,149.0,589.0,12.0,,,,
2026-10-01T00:08:00+00:00,042700.KS,KRX,equity,262500.0,263000.0,262000.0,262500.0,1567.0,262000.0,262500.0,,,210.0,1357.0,33.0,,,,
2026-10-01T00:08:00+00:00,316140.KS,KRX,equity,33300.0,33300.0,33250.0,33250.0,523.0,33250.0,33300.0,,,41.0,482.0,22.0,,,,
2026-10-01T00:08:00+00:00,440110.KQ,KOSDAQ,equity,82900.0,82900.0,82800.0,82800.0,35.0,82800.0,82900.0,,,32.0,3.0,3.0,,,,
2026-10-01T00:08:00+00:00,000270.KS,KRX,equity,114500.0,114600.0,114500.0,114500.0,10.0,114500.0,114600.0,,,1.0,9.0,3.0,,,,
2026-10-01T00:08:00+00:00,095610.KQ,KOSDAQ,equity,170100.0,170100.0,170000.0,170000.0,40.0,170000.0,170100.0,,,7.0,33.0,4.0,,,,
2026-10-01T00:08:00+00:00,403870.KQ,KOSDAQ,equity,64600.0,64700.0,64600.0,64700.0,578.0,64600.0,64700.0,,,334.0,244.0,34.0,,,,
2026-10-01T00:08:00+00:00,478340.KQ,KOSDAQ,equity,14030.0,14030.0,14020.0,14030.0,1090.0,14000.0,14030.0,,,541.0,549.0,7.0,,,,
2026-10-01T00:08:00+00:00,0010S0.KQ,KOSDAQ,equity,20400.0,20400.0,20300.0,20350.0,514.0,20300.0,20350.0,,,425.0,89.0,12.0,,,,
2026-10-01T00:08:00+00:00,007660.KS,KRX,equity,114900.0,114900.0,114800.0,114900.0,307.0,114900.0,115000.0,,,128.0,179.0,9.0,,,,
2026-10-01T00:08:00+00:00,240810.KQ,KOSDAQ,equity,134000.0,134200.0,133900.0,133900.0,165.0,133900.0,134000.0,,,99.0,66.0,19.0,,,,
2026-10-01T00:08:00+00:00,353200.KS,KRX,equity,131000.0,131300.0,131000.0,131300.0,243.0,131200.0,131300.0,,,233.0,10.0,9.0,,,,
2026-10-01T00:08:00+00:00,036930.KQ,KOSDAQ,equity,227500.0,228000.0,227000.0,227500.0,1369.0,227000.0,227500.0,,,730.0,639.0,38.0,,,,
2026-10-01T00:08:00+00:00,000150.KS,KRX,equity,1391000.0,1391000.0,1390000.0,1390000.0,11.0,1389000.0,1390000.0,,,10.0,1.0,3.0,,,,
2026-10-01T00:08:00+00:00,011070.KS,KRX,equity,559000.0,560000.0,559000.0,559000.0,399.0,559000.0,559000.0,,,39.0,360.0,9.0,,,,
2026-10-01T00:08:00+00:00,035420.KS,KRX,equity,192100.0,192100.0,192000.0,192100.0,467.0,192000.0,192100.0,,,389.0,78.0,11.0,,,,
2026-10-01T00:08:00+00:00,386380.KQ,KOSDAQ,equity,17850.0,17870.0,17830.0,17860.0,233.0,17830.0,17860.0,,,172.0,61.0,11.0,,,,
2026-10-01T00:08:00+00:00,011200.KS,KRX,equity,21300.0,21300.0,21250.0,21300.0,5447.0,21300.0,21300.0,,,5433.0,14.0,9.0,,,,
2026-10-01T00:08:00+00:00,319660.KQ,KOSDAQ,equity,150500.0,150500.0,150400.0,150400.0,8.0,150300.0,150700.0,,,7.0,1.0,2.0,,,,
2026-10-01T00:08:00+00:00,010140.KS,KRX,equity,19650.0,19650.0,19640.0,19650.0,1906.0,19650.0,19660.0,,,1175.0,731.0,19.0,,,,
2026-10-01T00:08:00+00:00,010060.KS,KRX,equity,218500.0,218500.0,218000.0,218000.0,810.0,218000.0,218500.0,,,327.0,483.0,8.0,,,,
2026-10-01T00:08:00+00:00,010950.KS,KRX,equity,158700.0,158700.0,158700.0,158700.0,25.0,158700.0,159000.0,,,0.0,25.0,4.0,,,,
2026-10-01T00:08:00+00:00,006400.KS,KRX,equity,510000.0,511000.0,510000.0,510000.0,31.0,510000.0,510000.0,,,9.0,22.0,11.0,,,,
2026-10-01T00:08:00+00:00,003670.KS,KRX,equity,178600.0,178800.0,178600.0,178700.0,13.0,178800.0,178700.0,,,0.0,13.0,4.0,,,,
2026-10-01T00:08:00+00:00,010120.KS,KRX,equity,201500.0,201500.0,201000.0,201500.0,107.0,201000.0,201500.0,,,104.0,3.0,5.0,,,,
2026-10-01T00:08:00+00:00,096770.KS,KRX,equity,147900.0,147900.0,147800.0,147800.0,213.0,147800.0,148000.0,,,174.0,39.0,6.0,,,,
2026-10-01T00:08:00+00:00,068270.KS,KRX,equity,180300.0,180300.0,180200.0,180200.0,49.0,180200.0,180300.0,,,31.0,18.0,5.0,,,,
2026-10-01T00:08:00+00:00,005830.KS,KRX,equity,183600.0,183600.0,183600.0,183600.0,43.0,183600.0,183700.0,,,0.0,43.0,3.0,,,,
2026-10-01T00:08:00+00:00,000810.KS,KRX,equity,632000.0,632000.0,632000.0,632000.0,1.0,632000.0,632000.0,,,0.0,1.0,1.0,,,,
2026-10-01T00:08:00+00:00,042660.KS,KRX,equity,78300.0,78400.0,78300.0,78400.0,58.0,78300.0,78400.0,,,36.0,22.0,8.0,,,,
2026-10-01T00:08:00+00:00,047810.KS,KRX,equity,126700.0,126800.0,126700.0,126800.0,8.0,126700.0,126800.0,,,6.0,2.0,2.0,,,,
2026-10-01T00:08:00+00:00,115440.KQ,KOSDAQ,equity,11450.0,11450.0,11450.0,11450.0,1.0,11410.0,11450.0,,,1.0,0.0,1.0,,,,
2026-10-01T00:08:00+00:00,396300.KQ,KOSDAQ,equity,5420.0,5420.0,5410.0,5420.0,1257.0,5420.0,5430.0,,,156.0,1101.0,6.0,,,,
2026-10-01T00:08:00+00:00,373220.KS,KRX,equity,354500.0,355000.0,354500.0,355000.0,3.0,355000.0,355000.0,,,1.0,2.0,2.0,,,,
2026-10-01T00:08:00+00:00,0161M0.KQ,KOSDAQ,equity,16340.0,16340.0,16330.0,16330.0,120.0,16300.0,16330.0,,,25.0,95.0,8.0,,,,
2026-10-01T00:08:00+00:00,018260.KS,KRX,equity,217500.0,217500.0,217000.0,217000.0,11.0,217000.0,217500.0,,,6.0,5.0,4.0,,,,
2026-10-01T00:08:00+00:00,058470.KQ,KOSDAQ,equity,74100.0,74100.0,74000.0,74100.0,143.0,74000.0,74100.0,,,107.0,36.0,7.0,,,,
2026-10-01T00:08:00+00:00,003490.KS,KRX,equity,31550.0,31550.0,31550.0,31550.0,265.0,31550.0,31600.0,,,0.0,265.0,4.0,,,,
2026-10-01T00:08:00+00:00,329180.KS,KRX,equity,433500.0,433500.0,433500.0,433500.0,2.0,433500.0,434000.0,,,1.0,1.0,2.0,,,,
2026-10-01T00:08:00+00:00,272210.KS,KRX,equity,74100.0,74300.0,74100.0,74100.0,659.0,74200.0,74200.0,,,477.0,182.0,9.0,,,,
2026-10-01T00:08:00+00:00,051910.KS,KRX,equity,254500.0,255000.0,254000.0,254000.0,51.0,254000.0,255000.0,,,50.0,1.0,3.0,,,,
2026-10-01T00:08:00+00:00,207940.KS,KRX,equity,1392000.0,1394000.0,1392000.0,1394000.0,17.0,1392000.0,1394000.0,,,9.0,8.0,4.0,,,,
2026-10-01T00:08:00+00:00,072950.KQ,KOSDAQ,equity,14700.0,14710.0,14700.0,14710.0,328.0,14710.0,14750.0,,,282.0,46.0,7.0,,,,
2026-10-01T00:08:00+00:00,028050.KS,KRX,equity,48050.0,48050.0,48000.0,48050.0,90.0,48000.0,48050.0,,,29.0,61.0,4.0,,,,
2026-10-01T00:08:00+00:00,326030.KS,KRX,equity,74600.0,74600.0,74500.0,74600.0,150.0,74500.0,74600.0,,,101.0,49.0,5.0,,,,
2026-10-01T00:08:00+00:00,015760.KS,KRX,equity,30100.0,30150.0,30100.0,30150.0,32.0,30150.0,30150.0,,,22.0,10.0,3.0,,,,
2026-10-01T00:08:00+00:00,080220.KQ,KOSDAQ,equity,78100.0,78300.0,78100.0,78200.0,383.0,78100.0,78200.0,,,301.0,82.0,9.0,,,,
2026-10-01T00:08:00+00:00,009540.KS,KRX,equity,326500.0,326500.0,326500.0,326500.0,10.0,326500.0,326500.0,,,8.0,2.0,3.0,,,,
2026-10-01T00:08:00+00:00,005490.KS,KRX,equity,308500.0,308500.0,308000.0,308500.0,12.0,308000.0,308500.0,,,4.0,8.0,6.0,,,,
2026-10-01T00:08:00+00:00,024110.KS,KRX,equity,20150.0,20150.0,20100.0,20150.0,93.0,20150.0,20150.0,,,75.0,18.0,4.0,,,,
2026-10-01T00:08:00+00:00,003550.KS,KRX,equity,110100.0,110100.0,110100.0,110100.0,4.0,110100.0,110300.0,,,0.0,4.0,2.0,,,,
2026-10-01T00:08:00+00:00,055550.KS,KRX,equity,105500.0,105500.0,105500.0,105500.0,117.0,105500.0,105600.0,,,0.0,117.0,4.0,,,,
2026-10-01T00:08:00+00:00,089970.KQ,KOSDAQ,equity,63200.0,63200.0,63100.0,63200.0,193.0,63100.0,63200.0,,,178.0,15.0,9.0,,,,
2026-10-01T00:08:00+00:00,950260.KQ,KOSDAQ,equity,26800.0,26850.0,26800.0,26850.0,128.0,26800.0,26850.0,,,10.0,118.0,3.0,,,,
2026-10-01T00:08:00+00:00,035720.KS,KRX,equity,33375.0,33375.0,33350.0,33350.0,15.0,33350.0,33400.0,,,0.0,15.0,3.0,,,,
2026-10-01T00:08:00+00:00,017670.KS,KRX,equity,85500.0,85700.0,85500.0,85700.0,61.0,85700.0,85700.0,,,10.0,51.0,6.0,,,,
2026-10-01T00:08:00+00:00,180640.KS,KRX,equity,131700.0,131700.0,131700.0,131700.0,2.0,131800.0,132100.0,,,0.0,2.0,1.0,,,,
2026-10-01T00:08:00+00:00,011780.KS,KRX,equity,115500.0,115700.0,115500.0,115500.0,6.0,115500.0,115500.0,,,3.0,3.0,5.0,,,,
2026-10-01T00:08:00+00:00,267250.KS,KRX,equity,201000.0,201000.0,201000.0,201000.0,8.0,201000.0,201500.0,,,0.0,8.0,2.0,,,,
2026-10-01T00:08:00+00:00,034730.KS,KRX,equity,577000.0,577000.0,577000.0,577000.0,36.0,577000.0,578000.0,,,0.0,36.0,2.0,,,,
2026-10-01T00:08:00+00:00,419050.KQ,KOSDAQ,equity,1839.0,1839.0,1839.0,1839.0,501.0,1839.0,1844.0,,,0.0,501.0,2.0,,,,
2026-10-01T00:08:00+00:00,033780.KS,KRX,equity,176700.0,176700.0,176600.0,176700.0,40.0,176800.0,176800.0,,,8.0,32.0,5.0,,,,
2026-10-01T00:08:00+00:00,201490.KQ,KOSDAQ,equity,3440.0,3440.0,3440.0,3440.0,472.0,3435.0,3440.0,,,472.0,0.0,3.0,,,,
2026-10-01T00:08:00+00:00,128940.KS,KRX,equity,497000.0,497000.0,497000.0,497000.0,1.0,497000.0,497500.0,,,0.0,1.0,1.0,,,,
2026-10-01T00:08:00+00:00,278470.KS,KRX,equity,362000.0,362000.0,362000.0,362000.0,7.0,362000.0,362500.0,,,0.0,7.0,3.0,,,,
2026-10-01T00:08:00+00:00,387690.KQ,KOSDAQ,equity,19540.0,19560.0,19530.0,19560.0,832.0,19530.0,19560.0,,,344.0,488.0,10.0,,,,
2026-10-01T00:08:00+00:00,011170.KS,KRX,equity,60900.0,60900.0,60900.0,60900.0,2.0,60900.0,61000.0,,,0.0,2.0,2.0,,,,
2026-10-01T00:08:00+00:00,393210.KQ,KOSDAQ,equity,3385.0,3385.0,3385.0,3385.0,100.0,3380.0,3385.0,,,100.0,0.0,1.0,,,,
2026-10-01T00:08:00+00:00,003230.KS,KRX,equity,1217000.0,1218000.0,1217000.0,1218000.0,4.0,1217000.0,1218000.0,,,1.0,3.0,3.0,,,,
2026-09-30T23:59:00+00:00,ES=F,CME,index_future,7744.0,7744.25,7743.5,7743.75,87.0,,,,,,,,,,,
2026-10-01T00:00:00+00:00,ES=F,CME,index_future,7743.5,7744.0,7742.25,7742.75,0.0,,,,,,,,,,,
2026-10-01T00:00:01+00:00,ES=F,CME,index_future,7743.75,7743.75,7743.75,7743.75,0.0,,,,,,,,,,,
2026-09-30T23:59:00+00:00,NQ=F,CME,index_future,30820.75,30822.0,30817.75,30819.0,43.0,,,,,,,,,,,
2026-10-01T00:00:00+00:00,NQ=F,CME,index_future,30819.25,30825.0,30811.25,30816.25,0.0,,,,,,,,,,,
2026-10-01T00:00:03+00:00,NQ=F,CME,index_future,30822.5,30822.5,30822.5,30822.5,0.0,,,,,,,,,,,
2026-09-30T23:59:00+00:00,GC=F,COMEX,commodity_future,4186.39990234375,4187.0,4186.2001953125,4186.2001953125,38.0,,,,,,,,,,,
2026-10-01T00:00:00+00:00,GC=F,COMEX,commodity_future,4186.10009765625,4186.2001953125,4183.7001953125,4183.7001953125,0.0,,,,,,,,,,,
2026-10-01T00:00:02+00:00,GC=F,COMEX,commodity_future,4185.7998046875,4185.7998046875,4185.7998046875,4185.7998046875,0.0,,,,,,,,,,,
2026-09-30T23:59:00+00:00,SI=F,COMEX,commodity_future,60.70000076293945,60.720001220703125,60.70000076293945,60.720001220703125,2.0,,,,,,,,,,,
2026-10-01T00:00:00+00:00,SI=F,COMEX,commodity_future,60.69499969482422,60.69499969482422,60.65999984741211,60.67499923706055,0.0,,,,,,,,,,,
2026-10-01T00:00:02+00:00,SI=F,COMEX,commodity_future,60.685001373291016,60.685001373291016,60.685001373291016,60.685001373291016,0.0,,,,,,,,,,,
2026-09-30T23:59:00+00:00,CL=F,NYMEX,commodity_future,89.9800033569336,90.0199966430664,89.9800033569336,90.01000213623047,28.0,,,,,,,,,,,
2026-10-01T00:00:00+00:00,CL=F,NYMEX,commodity_future,90.0199966430664,90.02999877929688,89.91000366210938,89.91000366210938,0.0,,,,,,,,,,,
2026-10-01T00:00:01+00:00,CL=F,NYMEX,commodity_future,90.0199966430664,90.0199966430664,90.0199966430664,90.0199966430664,0.0,,,,,,,,,,,
2026-09-30T23:59:00+00:00,HG=F,COMEX,commodity_future,6.629499912261963,6.629499912261963,6.629499912261963,6.629499912261963,2.0,,,,,,,,,,,
2026-10-01T00:00:00+00:00,HG=F,COMEX,commodity_future,6.629499912261963,6.630000114440918,6.624000072479248,6.625500202178955,0.0,,,,,,,,,,,
2026-10-01T00:00:02+00:00,HG=F,COMEX,commodity_future,6.627999782562256,6.627999782562256,6.627999782562256,6.627999782562256,0.0,,,,,,,,,,,
2026-10-01T00:07:00+00:00,EURUSD=X,FX,currency,1.133144497871399,1.133144497871399,1.133144497871399,1.133144497871399,0.0,,,,,,,,,,,
2026-10-01T00:08:00+00:00,EURUSD=X,FX,currency,1.1332728862762451,1.1332728862762451,1.1332728862762451,1.1332728862762451,0.0,,,,,,,,,,,
2026-10-01T00:08:00+00:00,KRW=X,FX,currency,1357.6500244140625,1358.280029296875,1357.6500244140625,1358.1700439453125,0.0,,,,,,,,,,,
2026-10-01T00:09:00+00:00,KRW=X,FX,currency,1358.18994140625,1359.1800537109375,1358.0799560546875,1359.1800537109375,0.0,,,,,,,,,,,
2026-10-01T00:08:00+00:00,JPY=X,FX,currency,157.6490020751953,157.677001953125,157.64199829101562,157.65499877929688,0.0,,,,,,,,,,,
2026-10-01T00:09:00+00:00,JPY=X,FX,currency,157.65199279785156,157.70399475097656,157.65199279785156,157.68899536132812,0.0,,,,,,,,,,,
2026-10-01T00:07:00+00:00,GBPUSD=X,FX,currency,1.3262423276901243,1.3262423276901243,1.3262423276901243,1.3262423276901243,0.0,,,,,,,,,,,
2026-10-01T00:08:00+00:00,GBPUSD=X,FX,currency,1.3262423276901243,1.3262423276901243,1.3262423276901243,1.3262423276901243,0.0,,,,,,,,,,,
2026-10-01T00:09:00+00:00,BTC-USD,CRYPTO,crypto,83485.7,83485.7,83429.4,83429.4,0.99319267,,,,,,,118.0,,,,
2026-10-01T00:09:00+00:00,ETH-USD,CRYPTO,crypto,2682.22,2682.22,2680.94,2681.0,2.71242593,,,,,,,23.0,,,,
2026-10-01T00:09:00+00:00,005935.KS,KRX,equity,196100.0,196200.0,196000.0,196200.0,9801.0,196100.0,196200.0,,,5900.0,3901.0,320.0,,,,
2026-10-01T00:09:00+00:00,010140.KS,KRX,equity,19650.0,19660.0,19530.0,19540.0,61459.0,19540.0,19540.0,,,14047.0,47412.0,372.0,,,,
2026-10-01T00:09:00+00:00,012330.KS,KRX,equity,384500.0,391000.0,384000.0,390500.0,18651.0,390000.0,390500.0,,,12777.0,5874.0,649.0,,,,
2026-10-01T00:09:00+00:00,034020.KS,KRX,equity,82400.0,82600.0,81900.0,82000.0,50049.0,82000.0,82000.0,,,12992.0,37057.0,605.0,,,,
2026-10-01T00:09:00+00:00,030200.KS,KRX,equity,51800.0,51800.0,51600.0,51600.0,1809.0,51600.0,51700.0,,,217.0,1592.0,88.0,,,,
2026-10-01T00:09:00+00:00,005930.KS,KRX,equity,266500.0,267000.0,265500.0,266000.0,68657.0,266000.0,266000.0,,,28173.0,40484.0,900.0,,,,
2026-10-01T00:09:00+00:00,005490.KS,KRX,equity,308000.0,308500.0,308000.0,308000.0,1246.0,308000.0,308500.0,,,91.0,1155.0,61.0,,,,
2026-10-01T00:09:00+00:00,005830.KS,KRX,equity,183600.0,183600.0,183300.0,183400.0,123.0,183300.0,183400.0,,,10.0,113.0,23.0,,,,
2026-10-01T00:09:00+00:00,006400.KS,KRX,equity,510000.0,511000.0,509000.0,510000.0,1828.0,510000.0,511000.0,,,1089.0,739.0,79.0,,,,
2026-10-01T00:09:00+00:00,007660.KS,KRX,equity,114900.0,115000.0,114500.0,114900.0,940.0,114900.0,114900.0,,,248.0,692.0,93.0,,,,
2026-10-01T00:09:00+00:00,017670.KS,KRX,equity,85600.0,85800.0,85500.0,85500.0,837.0,85600.0,85500.0,,,379.0,458.0,50.0,,,,
2026-10-01T00:09:00+00:00,030530.KQ,KOSDAQ,equity,26550.0,26700.0,26500.0,26600.0,6749.0,26600.0,26650.0,,,2630.0,4119.0,66.0,,,,
2026-10-01T00:09:00+00:00,042700.KS,KRX,equity,262500.0,264000.0,262000.0,263500.0,11012.0,263000.0,263500.0,,,6013.0,4999.0,320.0,,,,
2026-10-01T00:09:00+00:00,066570.KS,KRX,equity,208500.0,209000.0,208000.0,208000.0,3337.0,208000.0,208500.0,,,1031.0,2306.0,136.0,,,,
2026-10-01T00:09:00+00:00,068270.KS,KRX,equity,180250.0,180800.0,180200.0,180700.0,3425.0,180600.0,180800.0,,,2398.0,1027.0,94.0,,,,
2026-10-01T00:09:00+00:00,086790.KS,KRX,equity,130200.0,130400.0,130100.0,130200.0,1107.0,130100.0,130200.0,,,56.0,1051.0,29.0,,,,
2026-10-01T00:09:00+00:00,240810.KQ,KOSDAQ,equity,134000.0,135200.0,133900.0,135100.0,12870.0,135100.0,135200.0,,,11005.0,1865.0,220.0,,,,
2026-10-01T00:09:00+00:00,319660.KQ,KOSDAQ,equity,150400.0,152000.0,150000.0,152000.0,2221.0,151800.0,152000.0,,,1859.0,362.0,70.0,,,,
2026-10-01T00:09:00+00:00,005380.KS,KRX,equity,347500.0,348000.0,347000.0,348000.0,3681.0,347500.0,348000.0,,,3226.0,455.0,124.0,,,,
2026-10-01T00:09:00+00:00,043260.KQ,KOSDAQ,equity,26400.0,26850.0,26400.0,26800.0,28518.0,26750.0,26800.0,,,16968.0,11550.0,289.0,,,,
2026-10-01T00:09:00+00:00,003230.KS,KRX,equity,1217000.0,1224000.0,1217000.0,1222000.0,362.0,1221000.0,1222000.0,,,320.0,42.0,40.0,,,,
2026-10-01T00:09:00+00:00,003490.KS,KRX,equity,31550.0,31650.0,31500.0,31550.0,5443.0,31550.0,31600.0,,,2166.0,3277.0,57.0,,,,
2026-10-01T00:09:00+00:00,003550.KS,KRX,equity,110100.0,110300.0,110000.0,110100.0,354.0,110200.0,110200.0,,,229.0,125.0,45.0,,,,
2026-10-01T00:09:00+00:00,003670.KS,KRX,equity,178700.0,180100.0,178450.0,179900.0,2595.0,179800.0,179900.0,,,2130.0,465.0,100.0,,,,
2026-10-01T00:09:00+00:00,009830.KS,KRX,equity,34100.0,34400.0,34000.0,34250.0,34019.0,34200.0,34250.0,,,17004.0,17015.0,324.0,,,,
2026-10-01T00:09:00+00:00,032830.KS,KRX,equity,281000.0,281500.0,280000.0,280500.0,1131.0,280000.0,280500.0,,,366.0,765.0,40.0,,,,
2026-10-01T00:09:00+00:00,035720.KS,KRX,equity,33375.0,33400.0,33350.0,33400.0,2103.0,33350.0,33400.0,,,620.0,1483.0,40.0,,,,
2026-10-01T00:09:00+00:00,035760.KQ,KOSDAQ,equity,36900.0,36900.0,36900.0,36900.0,20.0,36900.0,36900.0,,,1.0,19.0,2.0,,,,
2026-10-01T00:09:00+00:00,047040.KS,KRX,equity,17790.0,17790.0,17720.0,17770.0,36540.0,17770.0,17780.0,,,13484.0,23056.0,206.0,,,,
2026-10-01T00:09:00+00:00,058470.KQ,KOSDAQ,equity,74100.0,74600.0,74100.0,74600.0,9563.0,74500.0,74600.0,,,8091.0,1472.0,82.0,,,,
2026-10-01T00:09:00+00:00,067310.KQ,KOSDAQ,equity,48075.0,48400.0,48075.0,48350.0,13814.0,48300.0,48350.0,,,8329.0,5485.0,257.0,,,,
2026-10-01T00:09:00+00:00,000150.KS,KRX,equity,1390000.0,1392000.0,1388000.0,1390000.0,555.0,1389000.0,1390000.0,,,222.0,333.0,72.0,,,,
2026-10-01T00:09:00+00:00,000270.KS,KRX,equity,114600.0,114600.0,114300.0,114600.0,9198.0,114500.0,114500.0,,,4750.0,4448.0,121.0,,,,
2026-10-01T00:09:00+00:00,000660.KS,KRX,equity,1764000.0,1764000.0,1758000.0,1761000.0,9133.0,1761000.0,1762000.0,,,5582.0,3551.0,502.0,,,,
2026-10-01T00:09:00+00:00,000720.KS,KRX,equity,117800.0,117800.0,117500.0,117700.0,4785.0,117700.0,117800.0,,,1826.0,2959.0,137.0,,,,
2026-10-01T00:09:00+00:00,000810.KS,KRX,equity,631000.0,631000.0,630000.0,631000.0,140.0,630000.0,631000.0,,,34.0,106.0,19.0,,,,
2026-10-01T00:09:00+00:00,001440.KS,KRX,equity,29100.0,29100.0,29000.0,29050.0,11916.0,29050.0,29100.0,,,2555.0,9361.0,128.0,,,,
2026-10-01T00:09:00+00:00,052690.KS,KRX,equity,126900.0,127300.0,126500.0,126500.0,10459.0,126700.0,126600.0,,,3524.0,6935.0,404.0,,,,
2026-10-01T00:09:00+00:00,089970.KQ,KOSDAQ,equity,63100.0,63500.0,63100.0,63300.0,6172.0,63200.0,63300.0,,,2945.0,3227.0,88.0,,,,
2026-10-01T00:09:00+00:00,095610.KQ,KOSDAQ,equity,170100.0,170800.0,169900.0,170800.0,694.0,170500.0,170700.0,,,506.0,188.0,74.0,,,,
2026-10-01T00:09:00+00:00,108490.KQ,KOSDAQ,equity,282000.0,282000.0,281500.0,282000.0,368.0,281500.0,282000.0,,,238.0,130.0,72.0,,,,
2026-10-01T00:09:00+00:00,402340.KS,KRX,equity,1100000.0,1100000.0,1095000.0,1100000.0,5577.0,1100000.0,1100000.0,,,2334.0,3243.0,327.0,,,,
2026-10-01T00:09:00+00:00,403870.KQ,KOSDAQ,equity,64700.0,65000.0,64600.0,65000.0,40975.0,64900.0,65000.0,,,33849.0,7126.0,461.0,,,,
2026-10-01T00:09:00+00:00,036930.KQ,KOSDAQ,equity,228000.0,230000.0,227500.0,229500.0,10291.0,229000.0,229500.0,,,6655.0,3636.0,291.0,,,,
2026-10-01T00:09:00+00:00,080220.KQ,KOSDAQ,equity,78200.0,78200.0,78000.0,78100.0,2122.0,78100.0,78200.0,,,662.0,1460.0,66.0,,,,
2026-10-01T00:09:00+00:00,478340.KQ,KOSDAQ,equity,14000.0,14050.0,13990.0,14010.0,2069.0,14010.0,14060.0,,,1220.0,849.0,33.0,,,,
2026-10-01T00:09:00+00:00,011170.KS,KRX,equity,60900.0,61000.0,60900.0,61000.0,152.0,61000.0,61100.0,,,106.0,46.0,15.0,,,,
2026-10-01T00:09:00+00:00,093370.KS,KRX,equity,15210.0,15240.0,15100.0,15110.0,85304.0,15110.0,15150.0,,,51382.0,33922.0,531.0,,,,
2026-10-01T00:09:00+00:00,316140.KS,KRX,equity,33250.0,33350.0,33250.0,33250.0,12300.0,33300.0,33300.0,,,6704.0,5596.0,290.0,,,,
2026-10-01T00:09:00+00:00,001820.KS,KRX,equity,150200.0,151400.0,150200.0,150800.0,7048.0,150800.0,151000.0,,,4648.0,2400.0,301.0,,,,
2026-10-01T00:09:00+00:00,011780.KS,KRX,equity,115700.0,115900.0,115500.0,115800.0,55.0,115800.0,115900.0,,,18.0,37.0,23.0,,,,
2026-10-01T00:09:00+00:00,396300.KQ,KOSDAQ,equity,5420.0,5450.0,5410.0,5440.0,5628.0,5440.0,5450.0,,,3218.0,2410.0,32.0,,,,
2026-10-01T00:09:00+00:00,051910.KS,KRX,equity,254000.0,257000.0,254000.0,256000.0,3125.0,256000.0,256500.0,,,2551.0,574.0,61.0,,,,
2026-10-01T00:09:00+00:00,096770.KS,KRX,equity,147800.0,148900.0,147800.0,148700.0,4208.0,148500.0,148600.0,,,2522.0,1686.0,146.0,,,,
2026-10-01T00:09:00+00:00,105560.KS,KRX,equity,169000.0,169100.0,168500.0,168700.0,5608.0,168700.0,168700.0,,,1874.0,3734.0,97.0,,,,
2026-10-01T00:09:00+00:00,353200.KS,KRX,equity,131400.0,131600.0,131200.0,131400.0,3037.0,131300.0,131400.0,,,1735.0,1302.0,128.0,,,,
2026-10-01T00:09:00+00:00,009150.KS,KRX,equity,1473000.0,1473000.0,1464000.0,1467000.0,6660.0,1467000.0,1467000.0,,,1424.0,5236.0,452.0,,,,
2026-10-01T00:09:00+00:00,028050.KS,KRX,equity,48000.0,48050.0,47750.0,47800.0,12474.0,47750.0,47800.0,,,2002.0,10472.0,90.0,,,,
2026-10-01T00:09:00+00:00,272210.KS,KRX,equity,74100.0,74200.0,74000.0,74100.0,550.0,74100.0,74100.0,,,229.0,321.0,51.0,,,,
2026-10-01T00:09:00+00:00,015760.KS,KRX,equity,30150.0,30250.0,30150.0,30150.0,1816.0,30150.0,30200.0,,,645.0,1171.0,36.0,,,,
2026-10-01T00:09:00+00:00,222800.KQ,KOSDAQ,equity,149700.0,150200.0,149600.0,149900.0,2381.0,150000.0,149900.0,,,1632.0,749.0,158.0,,,,
2026-10-01T00:09:00+00:00,036540.KQ,KOSDAQ,equity,10950.0,11030.0,10950.0,10990.0,64708.0,10980.0,10990.0,,,54000.0,10708.0,250.0,,,,
2026-10-01T00:09:00+00:00,009540.KS,KRX,equity,326500.0,326500.0,324500.0,325500.0,864.0,325000.0,325500.0,,,30.0,834.0,44.0,,,,
2026-10-01T00:09:00+00:00,010170.KQ,KOSDAQ,equity,16330.0,16330.0,16280.0,16290.0,60308.0,16280.0,16300.0,,,26659.0,33649.0,285.0,,,,
2026-10-01T00:09:00+00:00,028260.KS,KRX,equity,340500.0,341000.0,339500.0,340000.0,726.0,340000.0,340000.0,,,384.0,342.0,58.0,,,,
2026-10-01T00:09:00+00:00,010950.KS,KRX,equity,158700.0,158900.0,158000.0,158400.0,1962.0,158200.0,158400.0,,,1116.0,846.0,72.0,,,,
2026-10-01T00:09:00+00:00,298040.KS,KRX,equity,2721000.0,2723000.0,2721000.0,2722000.0,94.0,2722000.0,2723000.0,,,14.0,80.0,34.0,,,,
2026-10-01T00:09:00+00:00,035420.KS,KRX,equity,192000.0,192200.0,192000.0,192200.0,2127.0,192100.0,192100.0,,,1504.0,623.0,104.0,,,,
2026-10-01T00:09:00+00:00,207940.KS,KRX,equity,1392000.0,1395000.0,1392000.0,1394000.0,148.0,1394000.0,1395000.0,,,85.0,63.0,43.0,,,,
2026-10-01T00:09:00+00:00,326030.KS,KRX,equity,74500.0,74600.0,74500.0,74500.0,163.0,74500.0,74600.0,,,26.0,137.0,18.0,,,,
2026-10-01T00:09:00+00:00,329180.KS,KRX,equity,433500.0,433500.0,432250.0,433000.0,385.0,433000.0,433500.0,,,73.0,312.0,36.0,,,,
2026-10-01T00:09:00+00:00,373220.KS,KRX,equity,355000.0,355500.0,354500.0,355000.0,544.0,355000.0,355500.0,,,290.0,254.0,40.0,,,,
2026-10-01T00:09:00+00:00,010120.KS,KRX,equity,201500.0,201500.0,200500.0,201000.0,2241.0,201000.0,201000.0,,,314.0,1927.0,95.0,,,,
2026-10-01T00:09:00+00:00,042660.KS,KRX,equity,78300.0,78400.0,78100.0,78200.0,2068.0,78100.0,78200.0,,,323.0,1745.0,69.0,,,,
2026-10-01T00:09:00+00:00,180640.KS,KRX,equity,131800.0,132100.0,131500.0,131500.0,436.0,131700.0,131600.0,,,6.0,430.0,18.0,,,,
2026-10-01T00:09:00+00:00,251270.KS,KRX,equity,35100.0,35200.0,35100.0,35150.0,1813.0,35150.0,35200.0,,,616.0,1197.0,27.0,,,,
2026-10-01T00:09:00+00:00,267250.KS,KRX,equity,201000.0,201500.0,200500.0,200500.0,282.0,201000.0,201500.0,,,165.0,117.0,29.0,,,,
2026-10-01T00:09:00+00:00,278470.KS,KRX,equity,362250.0,364500.0,362250.0,364000.0,468.0,364000.0,364500.0,,,372.0,96.0,29.0,,,,
2026-10-01T00:09:00+00:00,128940.KS,KRX,equity,497000.0,500000.0,497000.0,499500.0,247.0,499000.0,499500.0,,,190.0,57.0,32.0,,,,
2026-10-01T00:09:00+00:00,387690.KQ,KOSDAQ,equity,19540.0,19580.0,19510.0,19520.0,3741.0,19530.0,19620.0,,,1113.0,2628.0,45.0,,,,
2026-10-01T00:09:00+00:00,034730.KS,KRX,equity,577000.0,578000.0,576000.0,578000.0,397.0,577000.0,578000.0,,,251.0,146.0,34.0,,,,
2026-10-01T00:09:00+00:00,047810.KS,KRX,equity,126800.0,126800.0,126600.0,126700.0,133.0,126700.0,126700.0,,,84.0,49.0,40.0,,,,
2026-10-01T00:09:00+00:00,055550.KS,KRX,equity,105500.0,105600.0,105400.0,105400.0,1780.0,105400.0,105500.0,,,503.0,1277.0,57.0,,,,
2026-10-01T00:09:00+00:00,021240.KS,KRX,equity,99300.0,99500.0,99200.0,99200.0,255.0,99300.0,99400.0,,,162.0,93.0,28.0,,,,
2026-10-01T00:09:00+00:00,024110.KS,KRX,equity,20150.0,20200.0,20100.0,20150.0,1203.0,20150.0,20150.0,,,496.0,707.0,31.0,,,,
2026-10-01T00:09:00+00:00,033780.KS,KRX,equity,176700.0,177100.0,176700.0,176900.0,409.0,176900.0,177000.0,,,280.0,129.0,38.0,,,,
2026-10-01T00:09:00+00:00,011200.KS,KRX,equity,21300.0,21300.0,21200.0,21200.0,9719.0,21200.0,21300.0,,,3506.0,6213.0,68.0,,,,
2026-10-01T00:09:00+00:00,012450.KS,KRX,equity,1017000.0,1018000.0,1013000.0,1018000.0,469.0,1017000.0,1018000.0,,,228.0,241.0,72.0,,,,
2026-10-01T00:09:00+00:00,018260.KS,KRX,equity,217000.0,217500.0,216500.0,217000.0,237.0,217000.0,217000.0,,,31.0,206.0,46.0,,,,
2026-10-01T00:09:00+00:00,011070.KS,KRX,equity,559000.0,560000.0,558000.0,558000.0,499.0,558000.0,558000.0,,,298.0,201.0,53.0,,,,
2026-10-01T00:09:00+00:00,010060.KS,KRX,equity,218500.0,218500.0,217500.0,218000.0,717.0,218000.0,218000.0,,,238.0,479.0,64.0,,,,
2026-10-01T00:09:00+00:00,072950.KQ,KOSDAQ,equity,14710.0,14750.0,14640.0,14640.0,7387.0,14640.0,14650.0,,,2178.0,5209.0,88.0,,,,
2026-10-01T00:09:00+00:00,201490.KQ,KOSDAQ,equity,3440.0,3440.0,3437.0,3440.0,4615.0,3435.0,3440.0,,,4365.0,250.0,11.0,,,,
2026-10-01T00:09:00+00:00,115440.KQ,KOSDAQ,equity,11450.0,11450.0,11340.0,11360.0,4589.0,11340.0,11360.0,,,1564.0,3025.0,46.0,,,,
2026-10-01T00:09:00+00:00,356680.KQ,KOSDAQ,equity,17560.0,17620.0,17540.0,17610.0,4959.0,17600.0,17610.0,,,3046.0,1913.0,89.0,,,,
2026-10-01T00:09:00+00:00,440110.KQ,KOSDAQ,equity,82900.0,82900.0,82100.0,82500.0,1698.0,82300.0,82500.0,,,1014.0,684.0,64.0,,,,
2026-10-01T00:09:00+00:00,386380.KQ,KOSDAQ,equity,17830.0,17830.0,17700.0,17720.0,2926.0,17710.0,17720.0,,,1397.0,1529.0,71.0,,,,
2026-10-01T00:09:00+00:00,0161M0.KQ,KOSDAQ,equity,16310.0,16350.0,16260.0,16270.0,5461.0,16270.0,16310.0,,,1299.0,4162.0,67.0,,,,
2026-10-01T00:09:00+00:00,006360.KS,KRX,equity,33950.0,33950.0,33700.0,33750.0,9986.0,33750.0,33900.0,,,1173.0,8813.0,72.0,,,,
2026-10-01T00:09:00+00:00,0010S0.KQ,KOSDAQ,equity,20350.0,20450.0,20200.0,20300.0,4420.0,20250.0,20300.0,,,1957.0,2463.0,94.0,,,,
2026-10-01T00:09:00+00:00,950260.KQ,KOSDAQ,equity,26800.0,26900.0,26750.0,26800.0,3912.0,26800.0,26850.0,,,929.0,2983.0,67.0,,,,
2026-10-01T00:09:00+00:00,103590.KS,KRX,equity,80500.0,80600.0,80400.0,80400.0,2039.0,80400.0,80500.0,,,202.0,1837.0,71.0,,,,
2026-10-01T00:09:00+00:00,419050.KQ,KOSDAQ,equity,1839.0,1840.0,1838.0,1839.0,3980.0,1839.0,1842.0,,,1462.0,2518.0,20.0,,,,
2026-10-01T00:09:00+00:00,046970.KQ,KOSDAQ,equity,7230.0,7250.0,7190.0,7250.0,6559.0,7210.0,7250.0,,,6215.0,344.0,24.0,,,,
2026-10-01T00:09:00+00:00,393210.KQ,KOSDAQ,equity,3385.0,3405.0,3370.0,3370.0,3382.0,3380.0,3395.0,,,857.0,2525.0,26.0,,,,
2026-10-01T00:01:00+00:00,ES=F,CME,index_future,7743.0,7743.0,7741.5,7742.5,0.0,,,,,,,,,,,
2026-10-01T00:01:09+00:00,ES=F,CME,index_future,7742.75,7742.75,7742.75,7742.75,0.0,,,,,,,,,,,
2026-10-01T00:01:00+00:00,NQ=F,CME,index_future,30816.0,30817.25,30805.25,30809.25,0.0,,,,,,,,,,,
2026-10-01T00:01:12+00:00,NQ=F,CME,index_future,30814.5,30814.5,30814.5,30814.5,0.0,,,,,,,,,,,
2026-10-01T00:01:00+00:00,GC=F,COMEX,commodity_future,4184.0,4184.2001953125,4182.89990234375,4183.7998046875,0.0,,,,,,,,,,,
2026-10-01T00:01:11+00:00,GC=F,COMEX,commodity_future,4183.7001953125,4183.7001953125,4183.7001953125,4183.7001953125,0.0,,,,,,,,,,,
2026-10-01T00:00:19+00:00,SI=F,COMEX,commodity_future,60.67499923706055,60.67499923706055,60.67499923706055,60.67499923706055,0.0,,,,,,,,,,,
2026-10-01T00:01:00+00:00,CL=F,NYMEX,commodity_future,89.91999816894531,90.0199966430664,89.9000015258789,90.0,0.0,,,,,,,,,,,
2026-10-01T00:01:11+00:00,CL=F,NYMEX,commodity_future,89.94999694824219,89.94999694824219,89.94999694824219,89.94999694824219,0.0,,,,,,,,,,,
2026-10-01T00:01:00+00:00,HG=F,COMEX,commodity_future,6.624499797821045,6.625,6.623000144958496,6.624499797821045,0.0,,,,,,,,,,,
2026-10-01T00:01:11+00:00,HG=F,COMEX,commodity_future,6.623499870300293,6.623499870300293,6.623499870300293,6.623499870300293,0.0,,,,,,,,,,,
2026-10-01T00:09:00+00:00,EURUSD=X,FX,currency,1.1332728862762451,1.1332728862762451,1.1332728862762451,1.1332728862762451,0.0,,,,,,,,,,,
2026-10-01T00:10:00+00:00,KRW=X,FX,currency,1359.0799560546875,1359.8800048828125,1359.0799560546875,1359.47998046875,0.0,,,,,,,,,,,
2026-10-01T00:10:00+00:00,JPY=X,FX,currency,157.69000244140625,157.71600341796875,157.67799377441406,157.69900512695312,0.0,,,,,,,,,,,
2026-10-01T00:09:00+00:00,GBPUSD=X,FX,currency,1.326277494430542,1.326277494430542,1.326277494430542,1.326277494430542,0.0,,,,,,,,,,,
2026-10-01T00:10:00+00:00,BTC-USD,CRYPTO,crypto,83429.1,83444.0,83409.1,83414.0,2.05237112,,,,,,,135.0,,,,
2026-10-01T00:10:00+00:00,ETH-USD,CRYPTO,crypto,2681.0,2681.46,2680.48,2680.54,5.57032408,,,,,,,21.0,,,,
2026-10-01T00:10:00+00:00,080220.KQ,KOSDAQ,equity,78100.0,79100.0,78000.0,79100.0,14188.0,78900.0,79100.0,,,13015.0,1173.0,149.0,,,,
2026-10-01T00:10:00+00:00,402340.KS,KRX,equity,1100000.0,1106000.0,1098000.0,1105000.0,1906.0,1104000.0,1105000.0,,,1030.0,876.0,198.0,,,,
2026-10-01T00:10:00+00:00,403870.KQ,KOSDAQ,equity,64900.0,65600.0,64900.0,65600.0,49599.0,65500.0,65600.0,,,41546.0,8053.0,729.0,,,,
2026-10-01T00:10:00+00:00,000660.KS,KRX,equity,1761000.0,1771000.0,1759000.0,1769000.0,16606.0,1768000.0,1769000.0,,,13228.0,3378.0,399.0,,,,
2026-10-01T00:10:00+00:00,009150.KS,KRX,equity,1467000.0,1475000.0,1466000.0,1475000.0,3691.0,1475000.0,1475000.0,,,2604.0,1087.0,301.0,,,,
2026-10-01T00:10:00+00:00,067310.KQ,KOSDAQ,equity,48300.0,48450.0,48150.0,48450.0,18788.0,48400.0,48450.0,,,12276.0,6512.0,241.0,,,,
2026-10-01T00:10:00+00:00,043260.KQ,KOSDAQ,equity,26750.0,27550.0,26700.0,27500.0,124614.0,27450.0,27500.0,,,90201.0,34413.0,833.0,,,,
2026-10-01T00:10:00+00:00,000150.KS,KRX,equity,1389000.0,1391000.0,1387000.0,1391000.0,183.0,1389000.0,1391000.0,,,126.0,57.0,47.0,,,,
2026-10-01T00:10:00+00:00,001820.KS,KRX,equity,151000.0,151900.0,150700.0,151700.0,6879.0,151400.0,151700.0,,,5143.0,1736.0,172.0,,,,
2026-10-01T00:10:00+00:00,007660.KS,KRX,equity,114900.0,115700.0,114700.0,115600.0,2305.0,115400.0,115600.0,,,1370.0,935.0,83.0,,,,
2026-10-01T00:10:00+00:00,009830.KS,KRX,equity,34200.0,34650.0,34150.0,34500.0,58207.0,34400.0,34500.0,,,37801.0,20406.0,347.0,,,,
2026-10-01T00:10:00+00:00,017670.KS,KRX,equity,85700.0,85700.0,85500.0,85700.0,213.0,85600.0,85700.0,,,166.0,47.0,35.0,,,,
2026-10-01T00:10:00+00:00,030200.KS,KRX,equity,51600.0,51700.0,51500.0,51600.0,4347.0,51600.0,51600.0,,,351.0,3996.0,165.0,,,,
2026-10-01T00:10:00+00:00,042700.KS,KRX,equity,263500.0,264000.0,262500.0,264000.0,10499.0,263500.0,264000.0,,,3939.0,6560.0,276.0,,,,
2026-10-01T00:10:00+00:00,093370.KS,KRX,equity,15150.0,15220.0,15080.0,15220.0,54293.0,15220.0,15230.0,,,30674.0,23619.0,296.0,,,,
2026-10-01T00:10:00+00:00,115440.KQ,KOSDAQ,equity,11340.0,11550.0,11320.0,11430.0,11676.0,11390.0,11440.0,,,7550.0,4126.0,76.0,,,,
2026-10-01T00:10:00+00:00,001440.KS,KRX,equity,29050.0,29100.0,29000.0,29100.0,13204.0,29050.0,29100.0,,,3622.0,9582.0,148.0,,,,
2026-10-01T00:10:00+00:00,005935.KS,KRX,equity,196200.0,196300.0,195900.0,196200.0,13813.0,196000.0,196200.0,,,8405.0,5408.0,248.0,,,,
2026-10-01T00:10:00+00:00,058470.KQ,KOSDAQ,equity,74550.0,75200.0,74550.0,75100.0,21412.0,75000.0,75100.0,,,17572.0,3840.0,207.0,,,,
2026-10-01T00:10:00+00:00,222800.KQ,KOSDAQ,equity,149900.0,151100.0,149800.0,151000.0,4720.0,151000.0,151000.0,,,4076.0,644.0,193.0,,,,
2026-10-01T00:10:00+00:00,240810.KQ,KOSDAQ,equity,135200.0,135700.0,135000.0,135600.0,14423.0,135500.0,135600.0,,,10269.0,4154.0,317.0,,,,
2026-10-01T00:10:00+00:00,005930.KS,KRX,equity,266000.0,267000.0,265500.0,267000.0,79326.0,266500.0,267000.0,,,46128.0,33198.0,807.0,,,,
2026-10-01T00:10:00+00:00,034020.KS,KRX,equity,82000.0,82200.0,81900.0,82200.0,18117.0,82100.0,82200.0,,,6817.0,11300.0,408.0,,,,
2026-10-01T00:10:00+00:00,036540.KQ,KOSDAQ,equity,10990.0,11230.0,10980.0,11210.0,275225.0,11210.0,11220.0,,,235649.0,39576.0,684.0,,,,
2026-10-01T00:10:00+00:00,068270.KS,KRX,equity,180600.0,180600.0,179900.0,180000.0,2739.0,180000.0,180000.0,,,409.0,2330.0,98.0,,,,
2026-10-01T00:10:00+00:00,105560.KS,KRX,equity,168700.0,168700.0,168300.0,168400.0,3935.0,168400.0,168400.0,,,2035.0,1900.0,64.0,,,,
2026-10-01T00:10:00+00:00,419050.KQ,KOSDAQ,equity,1842.0,1845.0,1839.0,1842.0,6835.0,1842.0,1844.0,,,5374.0,1461.0,20.0,,,,
2026-10-01T00:10:00+00:00,010950.KS,KRX,equity,158300.0,158800.0,158100.0,158400.0,1467.0,158400.0,158500.0,,,1290.0,177.0,39.0,,,,
2026-10-01T00:10:00+00:00,003670.KS,KRX,equity,179900.0,180200.0,179200.0,180100.0,572.0,180100.0,180000.0,,,305.0,267.0,55.0,,,,
2026-10-01T00:10:00+00:00,035420.KS,KRX,equity,192100.0,192400.0,192100.0,192300.0,1540.0,192200.0,192300.0,,,1092.0,448.0,110.0,,,,
2026-10-01T00:10:00+00:00,386380.KQ,KOSDAQ,equity,17720.0,17720.0,17650.0,17710.0,3824.0,17690.0,17700.0,,,1708.0,2116.0,71.0,,,,
2026-10-01T00:10:00+00:00,440110.KQ,KOSDAQ,equity,82500.0,83800.0,82200.0,83800.0,5067.0,83800.0,83900.0,,,4782.0,285.0,74.0,,,,
2026-10-01T00:10:00+00:00,950260.KQ,KOSDAQ,equity,26800.0,27050.0,26750.0,27050.0,6383.0,27000.0,27050.0,,,2976.0,3407.0,73.0,,,,
2026-10-01T00:10:00+00:00,052690.KS,KRX,equity,126500.0,127400.0,126300.0,127100.0,6936.0,127100.0,127100.0,,,3320.0,3616.0,271.0,,,,
2026-10-01T00:10:00+00:00,010170.KQ,KOSDAQ,equity,16290.0,16390.0,16270.0,16380.0,44609.0,16380.0,16400.0,,,22807.0,21802.0,238.0,,,,
2026-10-01T00:10:00+00:00,012330.KS,KRX,equity,390500.0,391000.0,386000.0,387500.0,18050.0,387500.0,387500.0,,,4565.0,13485.0,466.0,,,,
2026-10-01T00:10:00+00:00,032830.KS,KRX,equity,280500.0,281000.0,280000.0,281000.0,523.0,280500.0,281000.0,,,412.0,111.0,18.0,,,,
2026-10-01T00:10:00+00:00,034730.KS,KRX,equity,577000.0,580000.0,576000.0,580000.0,585.0,579000.0,579000.0,,,353.0,232.0,27.0,,,,
2026-10-01T00:10:00+00:00,108490.KQ,KOSDAQ,equity,282000.0,283000.0,281750.0,283000.0,568.0,282500.0,283000.0,,,321.0,247.0,74.0,,,,
2026-10-01T00:10:00+00:00,000720.KS,KRX,equity,117800.0,118000.0,117500.0,117700.0,7484.0,117700.0,117800.0,,,2406.0,5078.0,155.0,,,,
2026-10-01T00:10:00+00:00,030530.KQ,KOSDAQ,equity,26600.0,26750.0,26600.0,26700.0,4040.0,26650.0,26700.0,,,3308.0,732.0,70.0,,,,
2026-10-01T00:10:00+00:00,089970.KQ,KOSDAQ,equity,63200.0,63400.0,63100.0,63400.0,3245.0,63200.0,63300.0,,,2041.0,1204.0,61.0,,,,
2026-10-01T00:10:00+00:00,028050.KS,KRX,equity,47800.0,47850.0,47750.0,47850.0,1377.0,47800.0,47850.0,,,683.0,694.0,59.0,,,,
2026-10-01T00:10:00+00:00,0010S0.KQ,KOSDAQ,equity,20250.0,20350.0,20150.0,20250.0,2427.0,20250.0,20300.0,,,831.0,1596.0,51.0,,,,
2026-10-01T00:10:00+00:00,010120.KS,KRX,equity,201000.0,201000.0,200500.0,200500.0,3553.0,200500.0,201000.0,,,249.0,3304.0,104.0,,,,
2026-10-01T00:10:00+00:00,051910.KS,KRX,equity,256500.0,257500.0,255500.0,257000.0,4064.0,257000.0,257000.0,,,2641.0,1423.0,83.0,,,,
2026-10-01T00:10:00+00:00,201490.KQ,KOSDAQ,equity,3442.0,3445.0,3430.0,3440.0,8986.0,3440.0,3445.0,,,3694.0,5292.0,31.0,,,,
2026-10-01T00:10:00+00:00,316140.KS,KRX,equity,33275.0,33400.0,33150.0,33250.0,57455.0,33200.0,33250.0,,,15532.0,41923.0,273.0,,,,
2026-10-01T00:10:00+00:00,396300.KQ,KOSDAQ,equity,5440.0,5470.0,5420.0,5460.0,4665.0,5460.0,5470.0,,,3598.0,1067.0,30.0,,,,
2026-10-01T00:10:00+00:00,478340.KQ,KOSDAQ,equity,14040.0,14100.0,14010.0,14100.0,2706.0,14090.0,14100.0,,,1990.0,716.0,51.0,,,,
2026-10-01T00:10:00+00:00,072950.KQ,KOSDAQ,equity,14640.0,14750.0,14640.0,14750.0,6279.0,14730.0,14740.0,,,4834.0,1445.0,56.0,,,,
2026-10-01T00:10:00+00:00,096770.KS,KRX,equity,148600.0,149300.0,148400.0,148700.0,1973.0,148600.0,148700.0,,,980.0,993.0,79.0,,,,
2026-10-01T00:10:00+00:00,319660.KQ,KOSDAQ,equity,151900.0,152400.0,151900.0,152400.0,1021.0,152300.0,152400.0,,,745.0,276.0,106.0,,,,
2026-10-01T00:10:00+00:00,005380.KS,KRX,equity,347500.0,348500.0,346500.0,347500.0,5784.0,347000.0,347500.0,,,2991.0,2793.0,206.0,,,,
2026-10-01T00:10:00+00:00,012450.KS,KRX,equity,1017000.0,1019000.0,1016000.0,1019000.0,300.0,1018000.0,1019000.0,,,236.0,64.0,41.0,,,,
2026-10-01T00:10:00+00:00,035720.KS,KRX,equity,33400.0,33400.0,33350.0,33400.0,1323.0,33350.0,33400.0,,,300.0,1023.0,47.0,,,,
2026-10-01T00:10:00+00:00,047810.KS,KRX,equity,126600.0,126800.0,126600.0,126800.0,303.0,126700.0,126800.0,,,276.0,27.0,33.0,,,,
2026-10-01T00:10:00+00:00,036930.KQ,KOSDAQ,equity,229500.0,230500.0,228500.0,230000.0,10573.0,230000.0,230500.0,,,3534.0,7039.0,283.0,,,,
2026-10-01T00:10:00+00:00,028260.KS,KRX,equity,340000.0,341000.0,339500.0,341000.0,513.0,340500.0,340500.0,,,402.0,111.0,49.0,,,,
2026-10-01T00:10:00+00:00,047040.KS,KRX,equity,17780.0,17780.0,17690.0,17710.0,66536.0,17700.0,17710.0,,,10559.0,55977.0,223.0,,,,
2026-10-01T00:10:00+00:00,055550.KS,KRX,equity,105400.0,105500.0,105000.0,105200.0,6904.0,105200.0,105300.0,,,3905.0,2999.0,59.0,,,,
2026-10-01T00:10:00+00:00,011070.KS,KRX,equity,557000.0,560000.0,557000.0,560000.0,1986.0,559000.0,560000.0,,,1626.0,360.0,59.0,,,,
2026-10-01T00:10:00+00:00,010060.KS,KRX,equity,218000.0,219000.0,218000.0,219000.0,825.0,218500.0,219000.0,,,347.0,478.0,39.0,,,,
2026-10-01T00:10:00+00:00,329180.KS,KRX,equity,433000.0,433500.0,433000.0,433500.0,393.0,433000.0,433000.0,,,233.0,160.0,38.0,,,,
2026-10-01T00:10:00+00:00,356680.KQ,KOSDAQ,equity,17620.0,17850.0,17610.0,17850.0,9095.0,17830.0,17850.0,,,7504.0,1591.0,160.0,,,,
2026-10-01T00:10:00+00:00,393210.KQ,KOSDAQ,equity,3370.0,3370.0,3350.0,3352.0,5995.0,3350.0,3355.0,,,26.0,5969.0,28.0,,,,
2026-10-01T00:10:00+00:00,024110.KS,KRX,equity,20100.0,20150.0,20100.0,20150.0,907.0,20100.0,20150.0,,,607.0,300.0,37.0,,,,
2026-10-01T00:10:00+00:00,207940.KS,KRX,equity,1394000.0,1394000.0,1392000.0,1393000.0,175.0,1392000.0,1393000.0,,,26.0,149.0,35.0,,,,
2026-10-01T00:10:00+00:00,272210.KS,KRX,equity,74100.0,74200.0,74000.0,74100.0,839.0,74000.0,74100.0,,,383.0,456.0,49.0,,,,
2026-10-01T00:10:00+00:00,298040.KS,KRX,equity,2721000.0,2723000.0,2712000.0,2723000.0,380.0,2720000.0,2722000.0,,,82.0,298.0,98.0,,,,
2026-10-01T00:10:00+00:00,000270.KS,KRX,equity,114500.0,114700.0,114300.0,114600.0,4105.0,114500.0,114600.0,,,2871.0,1234.0,113.0,,,,
2026-10-01T00:10:00+00:00,042660.KS,KRX,equity,78100.0,78300.0,78100.0,78300.0,2579.0,78200.0,78300.0,,,1894.0,685.0,67.0,,,,
2026-10-01T00:10:00+00:00,010140.KS,KRX,equity,19540.0,19600.0,19540.0,19590.0,12784.0,19590.0,19600.0,,,7724.0,5060.0,160.0,,,,
2026-10-01T00:10:00+00:00,066570.KS,KRX,equity,208500.0,208500.0,208000.0,208500.0,3325.0,208000.0,208500.0,,,563.0,2762.0,113.0,,,,
2026-10-01T00:10:00+00:00,326030.KS,KRX,equity,74500.0,74600.0,74500.0,74600.0,156.0,74500.0,74600.0,,,103.0,53.0,7.0,,,,
2026-10-01T00:10:00+00:00,006360.KS,KRX,equity,33750.0,33750.0,33550.0,33600.0,4895.0,33600.0,33700.0,,,1476.0,3419.0,126.0,,,,
2026-10-01T00:10:00+00:00,003490.KS,KRX,equity,31550.0,31650.0,31550.0,31650.0,1259.0,31600.0,31650.0,,,1109.0,150.0,32.0,,,,
2026-10-01T00:10:00+00:00,387690.KQ,KOSDAQ,equity,19530.0,19590.0,19510.0,19530.0,3094.0,19530.0,19550.0,,,871.0,2223.0,38.0,,,,
2026-10-01T00:10:00+00:00,086790.KS,KRX,equity,130200.0,130200.0,129800.0,130100.0,5126.0,130100.0,130100.0,,,1827.0,3299.0,48.0,,,,
2026-10-01T00:10:00+00:00,373220.KS,KRX,equity,355000.0,357000.0,355000.0,356500.0,2640.0,356000.0,356000.0,,,2302.0,338.0,36.0,,,,
2026-10-01T00:10:00+00:00,095610.KQ,KOSDAQ,equity,170800.0,170900.0,170200.0,170800.0,1200.0,170700.0,170800.0,,,404.0,796.0,73.0,,,,
2026-10-01T00:10:00+00:00,0161M0.KQ,KOSDAQ,equity,16300.0,16300.0,16190.0,16240.0,3921.0,16210.0,16240.0,,,756.0,3165.0,67.0,,,,
2026-10-01T00:10:00+00:00,003230.KS,KRX,equity,1221000.0,1223000.0,1221000.0,1223000.0,54.0,1221000.0,1223000.0,,,21.0,33.0,18.0,,,,
2026-10-01T00:10:00+00:00,011200.KS,KRX,equity,21200.0,21250.0,21200.0,21250.0,2399.0,21200.0,21250.0,,,1444.0,955.0,40.0,,,,
2026-10-01T00:10:00+00:00,267250.KS,KRX,equity,201000.0,201500.0,201000.0,201500.0,30.0,201000.0,201500.0,,,28.0,2.0,11.0,,,,
2026-10-01T00:10:00+00:00,018260.KS,KRX,equity,216500.0,217500.0,216500.0,217500.0,239.0,217000.0,217500.0,,,127.0,112.0,26.0,,,,
2026-10-01T00:10:00+00:00,046970.KQ,KOSDAQ,equity,7250.0,7260.0,7230.0,7260.0,6551.0,7250.0,7270.0,,,6328.0,223.0,32.0,,,,
2026-10-01T00:10:00+00:00,003550.KS,KRX,equity,110100.0,110400.0,110100.0,110400.0,217.0,110300.0,110300.0,,,139.0,78.0,27.0,,,,
2026-10-01T00:10:00+00:00,033780.KS,KRX,equity,176900.0,177000.0,176900.0,177000.0,159.0,176900.0,177000.0,,,80.0,79.0,24.0,,,,
2026-10-01T00:10:00+00:00,005490.KS,KRX,equity,308000.0,308500.0,307500.0,308000.0,1273.0,308000.0,308500.0,,,1019.0,254.0,47.0,,,,
2026-10-01T00:10:00+00:00,015760.KS,KRX,equity,30150.0,30200.0,30150.0,30200.0,860.0,30150.0,30200.0,,,44.0,816.0,20.0,,,,
2026-10-01T00:10:00+00:00,009540.KS,KRX,equity,325000.0,325500.0,325000.0,325000.0,139.0,325000.0,325500.0,,,20.0,119.0,22.0,,,,
2026-10-01T00:10:00+00:00,103590.KS,KRX,equity,80400.0,80900.0,80400.0,80800.0,2111.0,80700.0,80800.0,,,1098.0,1013.0,61.0,,,,
2026-10-01T00:10:00+00:00,000810.KS,KRX,equity,630000.0,632000.0,630000.0,632000.0,104.0,631000.0,632000.0,,,99.0,5.0,13.0,,,,
2026-10-01T00:10:00+00:00,251270.KS,KRX,equity,35150.0,35150.0,35100.0,35100.0,593.0,35050.0,35100.0,,,111.0,482.0,16.0,,,,
2026-10-01T00:10:00+00:00,006400.KS,KRX,equity,510000.0,512000.0,510000.0,512000.0,1092.0,511000.0,512000.0,,,734.0,358.0,60.0,,,,
2026-10-01T00:10:00+00:00,353200.KS,KRX,equity,131400.0,132200.0,131400.0,132200.0,3429.0,132200.0,132300.0,,,2667.0,762.0,110.0,,,,
2026-10-01T00:10:00+00:00,278470.KS,KRX,equity,364000.0,364500.0,363000.0,363500.0,290.0,363000.0,363500.0,,,70.0,220.0,33.0,,,,
2026-10-01T00:10:00+00:00,128940.KS,KRX,equity,499000.0,500000.0,498500.0,499500.0,149.0,499000.0,499500.0,,,79.0,70.0,31.0,,,,
2026-10-01T00:10:00+00:00,011780.KS,KRX,equity,115900.0,116000.0,115600.0,115900.0,175.0,115900.0,116000.0,,,103.0,72.0,27.0,,,,
2026-10-01T00:10:00+00:00,180640.KS,KRX,equity,131500.0,131700.0,131100.0,131400.0,324.0,131300.0,131400.0,,,81.0,243.0,28.0,,,,
2026-10-01T00:10:00+00:00,005830.KS,KRX,equity,183300.0,183400.0,182500.0,182700.0,1537.0,182700.0,182900.0,,,198.0,1339.0,59.0,,,,
2026-10-01T00:10:00+00:00,021240.KS,KRX,equity,99200.0,99800.0,99200.0,99800.0,63.0,99400.0,99600.0,,,59.0,4.0,14.0,,,,
2026-10-01T00:10:00+00:00,011170.KS,KRX,equity,61200.0,61400.0,61000.0,61300.0,293.0,61200.0,61300.0,,,222.0,71.0,17.0,,,,
2026-10-01T00:10:00+00:00,035760.KQ,KOSDAQ,equity,36850.0,36900.0,36800.0,36850.0,306.0,36800.0,36850.0,,,59.0,247.0,10.0,,,,
2026-10-01T00:11:00+00:00,BTC-USD,CRYPTO,crypto,83412.9,83467.9,83411.4,83467.9,1.93293982,,,,,,,103.0,,,,
2026-10-01T00:11:00+00:00,ETH-USD,CRYPTO,crypto,2680.49,2681.53,2679.65,2681.53,125.76843556,,,,,,,64.0,,,,
2026-10-01T00:11:00+00:00,009830.KS,KRX,equity,34500.0,34650.0,34200.0,34200.0,51190.0,34200.0,34250.0,,,21139.0,30051.0,308.0,,,,
2026-10-01T00:11:00+00:00,403870.KQ,KOSDAQ,equity,65600.0,66200.0,65500.0,66000.0,90573.0,66000.0,66100.0,,,68850.0,21723.0,978.0,,,,
2026-10-01T00:11:00+00:00,042660.KS,KRX,equity,78300.0,78300.0,78100.0,78100.0,13747.0,78100.0,78100.0,,,2599.0,11148.0,135.0,,,,
2026-10-01T00:11:00+00:00,067310.KQ,KOSDAQ,equity,48400.0,48700.0,48400.0,48550.0,18825.0,48500.0,48550.0,,,10436.0,8389.0,354.0,,,,
2026-10-01T00:11:00+00:00,030530.KQ,KOSDAQ,equity,26700.0,26850.0,26600.0,26750.0,9580.0,26800.0,26850.0,,,4656.0,4924.0,94.0,,,,
2026-10-01T00:11:00+00:00,043260.KQ,KOSDAQ,equity,27450.0,27600.0,27275.0,27550.0,103997.0,27500.0,27550.0,,,60703.0,43294.0,907.0,,,,
2026-10-01T00:11:00+00:00,005930.KS,KRX,equity,267000.0,267500.0,266500.0,267500.0,62005.0,267000.0,267500.0,,,39520.0,22485.0,805.0,,,,
2026-10-01T00:11:00+00:00,010140.KS,KRX,equity,19600.0,19600.0,19480.0,19500.0,59738.0,19510.0,19500.0,,,13656.0,46082.0,315.0,,,,
2026-10-01T00:11:00+00:00,0161M0.KQ,KOSDAQ,equity,16240.0,16240.0,16180.0,16190.0,3850.0,16180.0,16190.0,,,2009.0,1841.0,68.0,,,,
2026-10-01T00:11:00+00:00,030200.KS,KRX,equity,51600.0,51700.0,51500.0,51600.0,3790.0,51600.0,51600.0,,,1027.0,2763.0,151.0,,,,
2026-10-01T00:11:00+00:00,034020.KS,KRX,equity,82100.0,82400.0,82100.0,82200.0,25934.0,82200.0,82300.0,,,10917.0,15017.0,449.0,,,,
2026-10-01T00:11:00+00:00,036930.KQ,KOSDAQ,equity,230000.0,233000.0,229500.0,232500.0,14287.0,232000.0,232500.0,,,8193.0,6094.0,345.0,,,,
2026-10-01T00:11:00+00:00,096770.KS,KRX,equity,148700.0,148700.0,147200.0,147400.0,2925.0,147300.0,147400.0,,,1073.0,1852.0,106.0,,,,
2026-10-01T00:11:00+00:00,103590.KS,KRX,equity,80900.0,81400.0,80800.0,81200.0,1581.0,81200.0,81300.0,,,736.0,845.0,67.0,,,,
2026-10-01T00:11:00+00:00,222800.KQ,KOSDAQ,equity,151000.0,151600.0,151000.0,151500.0,8379.0,151300.0,151200.0,,,6477.0,1902.0,303.0,,,,
2026-10-01T00:11:00+00:00,402340.KS,KRX,equity,1105000.0,1108000.0,1104000.0,1107000.0,3284.0,1106000.0,1107000.0,,,1441.0,1843.0,276.0,,,,
2026-10-01T00:11:00+00:00,009150.KS,KRX,equity,1475000.0,1480000.0,1473000.0,1479000.0,3576.0,1478000.0,1479000.0,,,2074.0,1502.0,468.0,,,,
2026-10-01T00:11:00+00:00,010120.KS,KRX,equity,200500.0,201500.0,200500.0,201500.0,4448.0,201000.0,201500.0,,,3667.0,781.0,91.0,,,,
2026-10-01T00:11:00+00:00,093370.KS,KRX,equity,15230.0,15290.0,15130.0,15280.0,89613.0,15260.0,15280.0,,,61915.0,27698.0,377.0,,,,
2026-10-01T00:11:00+00:00,240810.KQ,KOSDAQ,equity,135600.0,137000.0,135500.0,136700.0,27329.0,136600.0,136700.0,,,21937.0,5392.0,487.0,,,,
2026-10-01T00:11:00+00:00,356680.KQ,KOSDAQ,equity,17860.0,17980.0,17830.0,17920.0,13132.0,17910.0,17920.0,,,7692.0,5440.0,229.0,,,,
2026-10-01T00:11:00+00:00,052690.KS,KRX,equity,127400.0,127700.0,127100.0,127200.0,6092.0,127200.0,127300.0,,,2422.0,3670.0,244.0,,,,
2026-10-01T00:11:00+00:00,011070.KS,KRX,equity,561000.0,562000.0,558000.0,561000.0,1282.0,561000.0,561000.0,,,977.0,305.0,81.0,,,,
2026-10-01T00:11:00+00:00,028050.KS,KRX,equity,47825.0,47850.0,47650.0,47700.0,7849.0,47650.0,47700.0,,,1257.0,6592.0,49.0,,,,
2026-10-01T00:11:00+00:00,047040.KS,KRX,equity,17710.0,17710.0,17660.0,17660.0,39071.0,17660.0,17670.0,,,8726.0,30345.0,170.0,,,,
2026-10-01T00:11:00+00:00,115440.KQ,KOSDAQ,equity,11410.0,11440.0,11350.0,11440.0,8867.0,11420.0,11440.0,,,2689.0,6178.0,54.0,,,,
2026-10-01T00:11:00+00:00,278470.KS,KRX,equity,363000.0,363000.0,361500.0,362000.0,733.0,362000.0,362000.0,,,18.0,715.0,23.0,,,,
2026-10-01T00:11:00+00:00,001820.KS,KRX,equity,151700.0,151900.0,151400.0,151600.0,6146.0,151500.0,151600.0,,,4647.0,1499.0,224.0,,,,
2026-10-01T00:11:00+00:00,012450.KS,KRX,equity,1019000.0,1020000.0,1013000.0,1015000.0,585.0,1015000.0,1016000.0,,,246.0,339.0,63.0,,,,
2026-10-01T00:11:00+00:00,017670.KS,KRX,equity,85700.0,85800.0,85600.0,85700.0,1244.0,85600.0,85700.0,,,311.0,933.0,51.0,,,,
2026-10-01T00:11:00+00:00,036540.KQ,KOSDAQ,equity,11220.0,11250.0,11090.0,11200.0,125275.0,11180.0,11190.0,,,67739.0,57536.0,631.0,,,,
2026-10-01T00:11:00+00:00,058470.KQ,KOSDAQ,equity,75100.0,75400.0,75000.0,75400.0,12607.0,75300.0,75400.0,,,8944.0,3663.0,174.0,,,,
2026-10-01T00:11:00+00:00,066570.KS,KRX,equity,208500.0,209500.0,208000.0,209000.0,4870.0,208500.0,209000.0,,,3301.0,1569.0,133.0,,,,
2026-10-01T00:11:00+00:00,095610.KQ,KOSDAQ,equity,170800.0,172500.0,170100.0,172500.0,3768.0,172300.0,172400.0,,,2180.0,1588.0,149.0,,,,
2026-10-01T00:11:00+00:00,396300.KQ,KOSDAQ,equity,5460.0,5480.0,5450.0,5480.0,3580.0,5470.0,5480.0,,,2933.0,647.0,30.0,,,,
2026-10-01T00:11:00+00:00,089970.KQ,KOSDAQ,equity,63300.0,63800.0,63300.0,63700.0,6615.0,63700.0,63800.0,,,4182.0,2433.0,65.0,,,,
2026-10-01T00:11:00+00:00,000150.KS,KRX,equity,1390000.0,1397000.0,1390000.0,1397000.0,266.0,1396000.0,1397000.0,,,236.0,30.0,57.0,,,,
2026-10-01T00:11:00+00:00,000660.KS,KRX,equity,1769000.0,1774000.0,1767000.0,1773000.0,14160.0,1773000.0,1774000.0,,,10737.0,3423.0,524.0,,,,
2026-10-01T00:11:00+00:00,000720.KS,KRX,equity,117700.0,117800.0,117400.0,117400.0,7492.0,117400.0,117500.0,,,1440.0,6052.0,117.0,,,,
2026-10-01T00:11:00+00:00,051910.KS,KRX,equity,257000.0,258000.0,256500.0,257500.0,3665.0,257000.0,257500.0,,,2573.0,1092.0,78.0,,,,
2026-10-01T00:11:00+00:00,042700.KS,KRX,equity,264000.0,265000.0,263500.0,264500.0,10400.0,264500.0,265000.0,,,7248.0,3152.0,323.0,,,,
2026-10-01T00:11:00+00:00,128940.KS,KRX,equity,499000.0,499500.0,498000.0,498500.0,146.0,498500.0,499000.0,,,82.0,64.0,17.0,,,,
2026-10-01T00:11:00+00:00,007660.KS,KRX,equity,115600.0,115900.0,115400.0,115800.0,2043.0,115800.0,115900.0,,,948.0,1095.0,121.0,,,,
2026-10-01T00:11:00+00:00,316140.KS,KRX,equity,33200.0,33250.0,33150.0,33200.0,13872.0,33150.0,33200.0,,,2514.0,11358.0,137.0,,,,
2026-10-01T00:11:00+00:00,006400.KS,KRX,equity,511000.0,513000.0,511000.0,511000.0,1517.0,511000.0,511000.0,,,754.0,763.0,62.0,,,,
2026-10-01T00:11:00+00:00,419050.KQ,KOSDAQ,equity,1842.0,1845.0,1838.0,1845.0,7657.0,1841.0,1843.0,,,5740.0,1917.0,59.0,,,,
2026-10-01T00:11:00+00:00,003230.KS,KRX,equity,1222000.0,1222000.0,1220000.0,1220000.0,46.0,1220000.0,1221000.0,,,29.0,17.0,11.0,,,,
2026-10-01T00:11:00+00:00,440110.KQ,KOSDAQ,equity,83700.0,84400.0,83500.0,84000.0,4834.0,83500.0,84100.0,,,1827.0,3007.0,99.0,,,,
2026-10-01T00:11:00+00:00,010060.KS,KRX,equity,219000.0,219500.0,218000.0,218000.0,1449.0,218000.0,218000.0,,,541.0,908.0,51.0,,,,
2026-10-01T00:11:00+00:00,080220.KQ,KOSDAQ,equity,79100.0,79400.0,78900.0,79400.0,9942.0,79300.0,79400.0,,,7456.0,2486.0,231.0,,,,
2026-10-01T00:11:00+00:00,003550.KS,KRX,equity,110200.0,110300.0,109800.0,109800.0,642.0,110000.0,109900.0,,,222.0,420.0,24.0,,,,
2026-10-01T00:11:00+00:00,035420.KS,KRX,equity,192300.0,192600.0,192300.0,192600.0,1682.0,192600.0,192700.0,,,992.0,690.0,86.0,,,,
2026-10-01T00:11:00+00:00,319660.KQ,KOSDAQ,equity,152400.0,153600.0,152200.0,153500.0,2706.0,153500.0,153600.0,,,1860.0,846.0,138.0,,,,
2026-10-01T00:11:00+00:00,010170.KQ,KOSDAQ,equity,16390.0,16550.0,16340.0,16540.0,37830.0,16520.0,16540.0,,,28602.0,9228.0,239.0,,,,
2026-10-01T00:11:00+00:00,373220.KS,KRX,equity,356000.0,357000.0,355500.0,356000.0,1264.0,356000.0,356000.0,,,1006.0,258.0,45.0,,,,
2026-10-01T00:11:00+00:00,393210.KQ,KOSDAQ,equity,3352.0,3370.0,3350.0,3370.0,5893.0,3365.0,3370.0,,,3751.0,2142.0,35.0,,,,
2026-10-01T00:11:00+00:00,012330.KS,KRX,equity,387500.0,388000.0,383000.0,384000.0,11458.0,383000.0,383500.0,,,2724.0,8734.0,337.0,,,,
2026-10-01T00:11:00+00:00,010950.KS,KRX,equity,158400.0,158400.0,156800.0,156900.0,4151.0,156800.0,156900.0,,,712.0,3439.0,130.0,,,,
2026-10-01T00:11:00+00:00,950260.KQ,KOSDAQ,equity,27000.0,27100.0,26850.0,27100.0,5993.0,27050.0,27100.0,,,2597.0,3396.0,55.0,,,,
2026-10-01T00:11:00+00:00,003490.KS,KRX,equity,31650.0,31700.0,31600.0,31650.0,9029.0,31600.0,31650.0,,,2338.0,6691.0,49.0,,,,
2026-10-01T00:11:00+00:00,005490.KS,KRX,equity,308250.0,308500.0,307500.0,307500.0,618.0,307500.0,307500.0,,,52.0,566.0,41.0,,,,
2026-10-01T00:11:00+00:00,028260.KS,KRX,equity,341000.0,341500.0,340500.0,341000.0,556.0,341000.0,341000.0,,,388.0,168.0,38.0,,,,
2026-10-01T00:11:00+00:00,032830.KS,KRX,equity,281000.0,282000.0,281000.0,281500.0,595.0,281500.0,282000.0,,,525.0,70.0,25.0,,,,
2026-10-01T00:11:00+00:00,272210.KS,KRX,equity,74100.0,74100.0,73600.0,73800.0,8938.0,73800.0,73800.0,,,2488.0,6450.0,118.0,,,,
2026-10-01T00:11:00+00:00,001440.KS,KRX,equity,29050.0,29200.0,29050.0,29100.0,21593.0,29100.0,29150.0,,,12250.0,9343.0,121.0,,,,
2026-10-01T00:11:00+00:00,006360.KS,KRX,equity,33600.0,33650.0,33500.0,33500.0,10447.0,33450.0,33500.0,,,2187.0,8260.0,229.0,,,,
2026-10-01T00:11:00+00:00,072950.KQ,KOSDAQ,equity,14740.0,14850.0,14660.0,14810.0,8657.0,14810.0,14850.0,,,5357.0,3300.0,87.0,,,,
2026-10-01T00:11:00+00:00,005935.KS,KRX,equity,196200.0,196700.0,196100.0,196700.0,10306.0,196600.0,196700.0,,,8922.0,1384.0,212.0,,,,
2026-10-01T00:11:00+00:00,068270.KS,KRX,equity,180000.0,180000.0,179700.0,179800.0,1227.0,179800.0,179900.0,,,142.0,1085.0,57.0,,,,
2026-10-01T00:11:00+00:00,011170.KS,KRX,equity,61300.0,61300.0,60900.0,60900.0,644.0,60900.0,61000.0,,,177.0,467.0,17.0,,,,
2026-10-01T00:11:00+00:00,298040.KS,KRX,equity,2724000.0,2730000.0,2720000.0,2726000.0,131.0,2726000.0,2727000.0,,,63.0,68.0,60.0,,,,
2026-10-01T00:11:00+00:00,353200.KS,KRX,equity,132200.0,132500.0,132200.0,132400.0,3518.0,132400.0,132500.0,,,1113.0,2405.0,127.0,,,,
2026-10-01T00:11:00+00:00,005380.KS,KRX,equity,347250.0,347500.0,346000.0,346500.0,5814.0,346500.0,346500.0,,,2568.0,3246.0,176.0,,,,
2026-10-01T00:11:00+00:00,105560.KS,KRX,equity,168400.0,168500.0,168200.0,168300.0,3810.0,168200.0,168300.0,,,2239.0,1571.0,86.0,,,,
2026-10-01T00:11:00+00:00,267250.KS,KRX,equity,201500.0,201500.0,201000.0,201500.0,343.0,201000.0,201500.0,,,256.0,87.0,30.0,,,,
2026-10-01T00:11:00+00:00,018260.KS,KRX,equity,217000.0,217500.0,217000.0,217000.0,61.0,217000.0,217500.0,,,6.0,55.0,17.0,,,,
2026-10-01T00:11:00+00:00,005830.KS,KRX,equity,182900.0,183100.0,182700.0,183000.0,282.0,182700.0,183000.0,,,222.0,60.0,25.0,,,,
2026-10-01T00:11:00+00:00,047810.KS,KRX,equity,126800.0,126800.0,126100.0,126200.0,2461.0,126100.0,126200.0,,,396.0,2065.0,46.0,,,,
2026-10-01T00:11:00+00:00,108490.KQ,KOSDAQ,equity,283000.0,284000.0,282500.0,283500.0,1382.0,283500.0,284000.0,,,429.0,953.0,100.0,,,,
2026-10-01T00:11:00+00:00,478340.KQ,KOSDAQ,equity,14090.0,14110.0,14040.0,14080.0,2473.0,14070.0,14080.0,,,1180.0,1293.0,43.0,,,,
2026-10-01T00:11:00+00:00,201490.KQ,KOSDAQ,equity,3440.0,3445.0,3437.0,3445.0,3325.0,3435.0,3440.0,,,2932.0,393.0,11.0,,,,
2026-10-01T00:11:00+00:00,386380.KQ,KOSDAQ,equity,17700.0,17820.0,17690.0,17820.0,2295.0,17800.0,17820.0,,,1697.0,598.0,66.0,,,,
2026-10-01T00:11:00+00:00,329180.KS,KRX,equity,433500.0,434000.0,432500.0,432500.0,1277.0,433000.0,433000.0,,,814.0,463.0,53.0,,,,
2026-10-01T00:11:00+00:00,000810.KS,KRX,equity,632000.0,633000.0,631000.0,631000.0,59.0,631000.0,632000.0,,,42.0,17.0,12.0,,,,
2026-10-01T00:11:00+00:00,055550.KS,KRX,equity,105400.0,105400.0,105000.0,105000.0,4958.0,105000.0,105100.0,,,181.0,4777.0,52.0,,,,
2026-10-01T00:11:00+00:00,387690.KQ,KOSDAQ,equity,19530.0,19530.0,19500.0,19510.0,3146.0,19510.0,19520.0,,,1391.0,1755.0,54.0,,,,
2026-10-01T00:11:00+00:00,046970.KQ,KOSDAQ,equity,7260.0,7400.0,7260.0,7320.0,2386.0,7290.0,7320.0,,,1348.0,1038.0,44.0,,,,
2026-10-01T00:11:00+00:00,000270.KS,KRX,equity,114500.0,114500.0,114200.0,114300.0,4101.0,114300.0,114300.0,,,1471.0,2630.0,68.0,,,,
2026-10-01T00:11:00+00:00,035720.KS,KRX,equity,33400.0,33400.0,33350.0,33400.0,1307.0,33350.0,33400.0,,,512.0,795.0,54.0,,,,
2026-10-01T00:11:00+00:00,003670.KS,KRX,equity,180100.0,180500.0,179600.0,180200.0,3101.0,180000.0,180200.0,,,1737.0,1364.0,85.0,,,,
2026-10-01T00:11:00+00:00,0010S0.KQ,KOSDAQ,equity,20250.0,20250.0,19970.0,20000.0,6650.0,20000.0,20050.0,,,722.0,5928.0,52.0,,,,
2026-10-01T00:11:00+00:00,207940.KS,KRX,equity,1393000.0,1394000.0,1390000.0,1393000.0,291.0,1390000.0,1393000.0,,,192.0,99.0,44.0,,,,
2026-10-01T00:11:00+00:00,251270.KS,KRX,equity,35100.0,35150.0,35050.0,35100.0,299.0,35050.0,35100.0,,,298.0,1.0,6.0,,,,
2026-10-01T00:11:00+00:00,033780.KS,KRX,equity,176900.0,177000.0,176700.0,176900.0,417.0,176900.0,177000.0,,,212.0,205.0,28.0,,,,
2026-10-01T00:11:00+00:00,009540.KS,KRX,equity,325000.0,325500.0,323500.0,324500.0,1260.0,324000.0,324500.0,,,680.0,580.0,55.0,,,,
2026-10-01T00:11:00+00:00,015760.KS,KRX,equity,30200.0,30200.0,30100.0,30100.0,4765.0,30100.0,30150.0,,,333.0,4432.0,35.0,,,,
2026-10-01T00:11:00+00:00,011780.KS,KRX,equity,116000.0,116000.0,115800.0,115800.0,353.0,115700.0,115800.0,,,178.0,175.0,19.0,,,,
2026-10-01T00:11:00+00:00,011200.KS,KRX,equity,21250.0,21250.0,21150.0,21200.0,4757.0,21150.0,21200.0,,,602.0,4155.0,35.0,,,,
2026-10-01T00:11:00+00:00,034730.KS,KRX,equity,579500.0,580500.0,579000.0,580000.0,80.0,580000.0,580000.0,,,21.0,59.0,21.0,,,,
2026-10-01T00:11:00+00:00,024110.KS,KRX,equity,20150.0,20150.0,20100.0,20100.0,3384.0,20100.0,20150.0,,,2227.0,1157.0,36.0,,,,
2026-10-01T00:02:00+00:00,ES=F,CME,index_future,7742.75,7743.0,7741.5,7741.5,0.0,,,,,,,,,,,
2026-10-01T00:02:19+00:00,ES=F,CME,index_future,7742.5,7742.5,7742.5,7742.5,0.0,,,,,,,,,,,
2026-10-01T00:02:00+00:00,NQ=F,CME,index_future,30810.25,30811.0,30802.0,30802.25,0.0,,,,,,,,,,,
2026-10-01T00:02:21+00:00,NQ=F,CME,index_future,30807.5,30807.5,30807.5,30807.5,0.0,,,,,,,,,,,
2026-10-01T00:02:00+00:00,GC=F,COMEX,commodity_future,4184.2001953125,4184.2001953125,4183.0,4183.10009765625,0.0,,,,,,,,,,,
2026-10-01T00:02:18+00:00,GC=F,COMEX,commodity_future,4184.2001953125,4184.2001953125,4184.2001953125,4184.2001953125,0.0,,,,,,,,,,,
2026-10-01T00:01:00+00:00,SI=F,COMEX,commodity_future,60.60499954223633,60.625,60.60499954223633,60.625,0.0,,,,,,,,,,,
2026-10-01T00:01:32+00:00,SI=F,COMEX,commodity_future,60.625,60.625,60.625,60.625,0.0,,,,,,,,,,,
2026-10-01T00:02:00+00:00,CL=F,NYMEX,commodity_future,89.94999694824219,90.08999633789062,89.94000244140625,90.06999969482422,0.0,,,,,,,,,,,
2026-10-01T00:02:14+00:00,CL=F,NYMEX,commodity_future,89.98999786376953,89.98999786376953,89.98999786376953,89.98999786376953,0.0,,,,,,,,,,,
2026-10-01T00:01:50+00:00,HG=F,COMEX,commodity_future,6.624499797821045,6.624499797821045,6.624499797821045,6.624499797821045,0.0,,,,,,,,,,,
2026-10-01T00:10:00+00:00,EURUSD=X,FX,currency,1.1332728862762451,1.1332728862762451,1.1332728862762451,1.1332728862762451,0.0,,,,,,,,,,,
2026-10-01T00:11:00+00:00,KRW=X,FX,currency,1359.5799560546875,1359.8800048828125,1358.8800048828125,1359.1199951171875,0.0,,,,,,,,,,,
2026-10-01T00:11:00+00:00,JPY=X,FX,currency,157.70199584960938,157.7689971923828,157.69500732421875,157.74400329589844,0.0,,,,,,,,,,,
2026-10-01T00:10:00+00:00,GBPUSD=X,FX,currency,1.3263479471206665,1.3263479471206665,1.3263479471206665,1.3263479471206665,0.0,,,,,,,,,,,
2026-10-01T00:11:00+00:00,086790.KS,KRX,equity,130200.0,130200.0,129900.0,130000.0,3191.0,130000.0,130100.0,,,585.0,2606.0,36.0,,,,
2026-10-01T00:11:00+00:00,035760.KQ,KOSDAQ,equity,36800.0,36900.0,36800.0,36900.0,161.0,36850.0,36900.0,,,79.0,82.0,7.0,,,,
2026-10-01T00:11:00+00:00,180640.KS,KRX,equity,131300.0,131500.0,131100.0,131200.0,180.0,131100.0,131200.0,,,107.0,73.0,16.0,,,,
2026-10-01T00:11:00+00:00,326030.KS,KRX,equity,74600.0,74600.0,74400.0,74500.0,277.0,74500.0,74500.0,,,11.0,266.0,11.0,,,,
2026-10-01T00:11:00+00:00,021240.KS,KRX,equity,99400.0,99700.0,99000.0,99300.0,392.0,99100.0,99300.0,,,115.0,277.0,26.0,,,,
2026-10-01T00:12:00+00:00,BTC-USD,CRYPTO,crypto,83467.9,83494.8,83467.9,83488.3,0.15095547,,,,,,,74.0,,,,
2026-10-01T00:12:00+00:00,ETH-USD,CRYPTO,crypto,2681.54,2682.85,2681.54,2682.16,29.61769199,,,,,,,44.0,,,,
2026-10-01T00:12:00+00:00,105560.KS,KRX,equity,168300.0,168400.0,168200.0,168300.0,3329.0,168300.0,168400.0,,,2200.0,1129.0,60.0,,,,
2026-10-01T00:12:00+00:00,000660.KS,KRX,equity,1773000.0,1781000.0,1773000.0,1778000.0,40174.0,1777000.0,1778000.0,,,31363.0,8811.0,956.0,,,,
2026-10-01T00:12:00+00:00,067310.KQ,KOSDAQ,equity,48550.0,48650.0,48400.0,48400.0,18356.0,48400.0,48450.0,,,4478.0,13878.0,236.0,,,,
2026-10-01T00:12:00+00:00,403870.KQ,KOSDAQ,equity,66100.0,66400.0,66000.0,66000.0,58943.0,66000.0,66100.0,,,32121.0,26822.0,980.0,,,,
2026-10-01T00:12:00+00:00,001820.KS,KRX,equity,151600.0,152800.0,151000.0,151300.0,14960.0,151000.0,151300.0,,,11965.0,2995.0,286.0,,,,
2026-10-01T00:12:00+00:00,009150.KS,KRX,equity,1479000.0,1484000.0,1478000.0,1483000.0,3668.0,1482000.0,1483000.0,,,2218.0,1450.0,445.0,,,,
2026-10-01T00:12:00+00:00,010140.KS,KRX,equity,19500.0,19510.0,19410.0,19410.0,62357.0,19410.0,19420.0,,,24432.0,37925.0,426.0,,,,
2026-10-01T00:12:00+00:00,012330.KS,KRX,equity,384000.0,384000.0,380500.0,381000.0,6209.0,381000.0,381500.0,,,1563.0,4646.0,259.0,,,,
2026-10-01T00:12:00+00:00,018260.KS,KRX,equity,217000.0,217500.0,216750.0,217000.0,1082.0,217000.0,217500.0,,,337.0,745.0,31.0,,,,
2026-10-01T00:12:00+00:00,024110.KS,KRX,equity,20150.0,20150.0,20100.0,20150.0,4677.0,20100.0,20150.0,,,224.0,4453.0,27.0,,,,
2026-10-01T00:12:00+00:00,030200.KS,KRX,equity,51600.0,51700.0,51500.0,51600.0,4682.0,51600.0,51700.0,,,1061.0,3621.0,142.0,,,,
2026-10-01T00:12:00+00:00,042700.KS,KRX,equity,265000.0,266000.0,264500.0,265000.0,11810.0,264500.0,265000.0,,,8022.0,3788.0,359.0,,,,
2026-10-01T00:12:00+00:00,043260.KQ,KOSDAQ,equity,27500.0,27750.0,27400.0,27400.0,86230.0,27400.0,27450.0,,,43654.0,42576.0,868.0,,,,
2026-10-01T00:12:00+00:00,047040.KS,KRX,equity,17670.0,17690.0,17530.0,17540.0,104576.0,17530.0,17550.0,,,10313.0,94263.0,347.0,,,,
2026-10-01T00:12:00+00:00,086790.KS,KRX,equity,130100.0,130100.0,129700.0,130000.0,2714.0,129800.0,129900.0,,,164.0,2550.0,19.0,,,,
2026-10-01T00:12:00+00:00,316140.KS,KRX,equity,33200.0,33200.0,33100.0,33200.0,23427.0,33150.0,33200.0,,,3252.0,20175.0,136.0,,,,
2026-10-01T00:12:00+00:00,402340.KS,KRX,equity,1107000.0,1113000.0,1106000.0,1110000.0,5526.0,1110000.0,1110000.0,,,3375.0,2151.0,301.0,,,,
2026-10-01T00:12:00+00:00,950260.KQ,KOSDAQ,equity,27100.0,27150.0,26950.0,27050.0,12726.0,27000.0,27050.0,,,8981.0,3745.0,75.0,,,,
2026-10-01T00:12:00+00:00,240810.KQ,KOSDAQ,equity,136700.0,137000.0,136300.0,136400.0,13823.0,136300.0,136400.0,,,8982.0,4841.0,437.0,,,,
2026-10-01T00:12:00+00:00,009830.KS,KRX,equity,34250.0,34300.0,33500.0,33550.0,49990.0,33550.0,33600.0,,,11809.0,38181.0,682.0,,,,
2026-10-01T00:12:00+00:00,035760.KQ,KOSDAQ,equity,36850.0,36850.0,36650.0,36650.0,165.0,36700.0,36800.0,,,55.0,110.0,7.0,,,,
2026-10-01T00:12:00+00:00,005930.KS,KRX,equity,267500.0,268500.0,267000.0,268500.0,124426.0,268000.0,268500.0,,,97565.0,26861.0,869.0,,,,
2026-10-01T00:12:00+00:00,005935.KS,KRX,equity,196700.0,197300.0,196600.0,197250.0,18584.0,197200.0,197300.0,,,14418.0,4166.0,285.0,,,,
2026-10-01T00:12:00+00:00,010060.KS,KRX,equity,218000.0,218000.0,215500.0,215500.0,3909.0,215500.0,215500.0,,,247.0,3662.0,106.0,,,,
2026-10-01T00:12:00+00:00,034020.KS,KRX,equity,82200.0,82300.0,81600.0,81700.0,61304.0,81700.0,81700.0,,,7053.0,54251.0,484.0,,,,
2026-10-01T00:12:00+00:00,036540.KQ,KOSDAQ,equity,11200.0,11280.0,11080.0,11080.0,123236.0,11080.0,11100.0,,,74765.0,48471.0,592.0,,,,
2026-10-01T00:12:00+00:00,066570.KS,KRX,equity,209000.0,209000.0,208500.0,209000.0,2261.0,208500.0,209000.0,,,1849.0,412.0,100.0,,,,
2026-10-01T00:12:00+00:00,036930.KQ,KOSDAQ,equity,232500.0,233000.0,230000.0,230500.0,8908.0,230000.0,230500.0,,,3194.0,5714.0,300.0,,,,
2026-10-01T00:12:00+00:00,000720.KS,KRX,equity,117400.0,117500.0,116100.0,116100.0,20893.0,116100.0,116300.0,,,3294.0,17599.0,309.0,,,,
2026-10-01T00:12:00+00:00,007660.KS,KRX,equity,115800.0,116000.0,115500.0,115700.0,5808.0,115800.0,115700.0,,,2611.0,3197.0,141.0,,,,
2026-10-01T00:12:00+00:00,011070.KS,KRX,equity,561000.0,564000.0,561000.0,563000.0,1042.0,563000.0,564000.0,,,546.0,496.0,69.0,,,,
2026-10-01T00:12:00+00:00,080220.KQ,KOSDAQ,equity,79400.0,79900.0,79350.0,79400.0,20344.0,79400.0,79500.0,,,13485.0,6859.0,295.0,,,,
2026-10-01T00:12:00+00:00,005380.KS,KRX,equity,346500.0,346500.0,345000.0,345500.0,8742.0,345000.0,345500.0,,,2256.0,6486.0,169.0,,,,
2026-10-01T00:12:00+00:00,010120.KS,KRX,equity,201500.0,202000.0,200500.0,201000.0,4196.0,200500.0,201000.0,,,1103.0,3093.0,101.0,,,,
2026-10-01T00:12:00+00:00,042660.KS,KRX,equity,78100.0,78200.0,77600.0,77700.0,31820.0,77700.0,77700.0,,,5864.0,25956.0,405.0,,,,
2026-10-01T00:12:00+00:00,058470.KQ,KOSDAQ,equity,75400.0,75400.0,75200.0,75200.0,11450.0,75200.0,75300.0,,,7319.0,4131.0,147.0,,,,
2026-10-01T00:12:00+00:00,003550.KS,KRX,equity,109800.0,110000.0,109800.0,109900.0,250.0,109800.0,109900.0,,,159.0,91.0,26.0,,,,
2026-10-01T00:12:00+00:00,030530.KQ,KOSDAQ,equity,26750.0,26850.0,26500.0,26700.0,6954.0,26700.0,26750.0,,,1340.0,5614.0,86.0,,,,
2026-10-01T00:12:00+00:00,047810.KS,KRX,equity,126200.0,126200.0,125800.0,125800.0,3606.0,125700.0,125800.0,,,419.0,3187.0,56.0,,,,
2026-10-01T00:12:00+00:00,035720.KS,KRX,equity,33400.0,33400.0,33300.0,33350.0,8695.0,33300.0,33350.0,,,1662.0,7033.0,51.0,,,,
2026-10-01T00:12:00+00:00,356680.KQ,KOSDAQ,equity,17910.0,17960.0,17830.0,17850.0,18017.0,17850.0,17900.0,,,4304.0,13713.0,110.0,,,,
2026-10-01T00:12:00+00:00,0161M0.KQ,KOSDAQ,equity,16190.0,16280.0,16170.0,16280.0,3954.0,16270.0,16280.0,,,1991.0,1963.0,85.0,,,,
2026-10-01T00:12:00+00:00,052690.KS,KRX,equity,127300.0,127500.0,126200.0,126400.0,5436.0,126400.0,126500.0,,,1222.0,4214.0,242.0,,,,
2026-10-01T00:12:00+00:00,128940.KS,KRX,equity,499000.0,499000.0,497500.0,497500.0,139.0,497500.0,498000.0,,,58.0,81.0,18.0,,,,
2026-10-01T00:12:00+00:00,419050.KQ,KOSDAQ,equity,1841.0,1847.0,1830.0,1832.0,19258.0,1830.0,1832.0,,,6085.0,13173.0,36.0,,,,
2026-10-01T00:12:00+00:00,006400.KS,KRX,equity,511000.0,512000.0,509000.0,509000.0,1510.0,509000.0,510000.0,,,241.0,1269.0,93.0,,,,
2026-10-01T00:12:00+00:00,028050.KS,KRX,equity,47700.0,47750.0,47400.0,47450.0,12395.0,47400.0,47450.0,,,4121.0,8274.0,82.0,,,,
2026-10-01T00:12:00+00:00,089970.KQ,KOSDAQ,equity,63800.0,63900.0,63500.0,63800.0,10147.0,63800.0,63900.0,,,4483.0,5664.0,112.0,,,,
2026-10-01T00:12:00+00:00,093370.KS,KRX,equity,15280.0,15280.0,15120.0,15140.0,64447.0,15140.0,15150.0,,,19723.0,44724.0,321.0,,,,
2026-10-01T00:12:00+00:00,103590.KS,KRX,equity,81200.0,81300.0,80700.0,80700.0,3534.0,80700.0,81000.0,,,291.0,3243.0,61.0,,,,
2026-10-01T00:12:00+00:00,001440.KS,KRX,equity,29100.0,29150.0,28950.0,29000.0,38561.0,28950.0,29000.0,,,3281.0,35280.0,125.0,,,,
2026-10-01T00:12:00+00:00,055550.KS,KRX,equity,105000.0,105200.0,104800.0,104800.0,6424.0,104800.0,104900.0,,,2637.0,3787.0,70.0,,,,
2026-10-01T00:12:00+00:00,095610.KQ,KOSDAQ,equity,172400.0,172500.0,171400.0,171600.0,2020.0,171600.0,171700.0,,,1333.0,687.0,111.0,,,,
2026-10-01T00:12:00+00:00,006360.KS,KRX,equity,33500.0,33550.0,33350.0,33350.0,9975.0,33400.0,33450.0,,,1269.0,8706.0,147.0,,,,
2026-10-01T00:12:00+00:00,440110.KQ,KOSDAQ,equity,83900.0,84200.0,83500.0,84000.0,1915.0,83800.0,84000.0,,,592.0,1323.0,71.0,,,,
2026-10-01T00:12:00+00:00,387690.KQ,KOSDAQ,equity,19520.0,19600.0,19510.0,19590.0,4424.0,19590.0,19600.0,,,3162.0,1262.0,48.0,,,,
2026-10-01T00:12:00+00:00,108490.KQ,KOSDAQ,equity,284000.0,284000.0,282000.0,282000.0,2039.0,282000.0,282500.0,,,404.0,1635.0,84.0,,,,
2026-10-01T00:12:00+00:00,396300.KQ,KOSDAQ,equity,5480.0,5500.0,5470.0,5480.0,8765.0,5470.0,5490.0,,,4917.0,3848.0,48.0,,,,
2026-10-01T00:12:00+00:00,353200.KS,KRX,equity,132500.0,132600.0,131900.0,132100.0,6399.0,131900.0,132100.0,,,2684.0,3715.0,99.0,,,,
2026-10-01T00:12:00+00:00,005490.KS,KRX,equity,307500.0,307500.0,305000.0,305500.0,4276.0,305000.0,305500.0,,,268.0,4008.0,72.0,,,,
2026-10-01T00:12:00+00:00,035420.KS,KRX,equity,192600.0,192700.0,192400.0,192500.0,2610.0,192500.0,192500.0,,,1284.0,1326.0,101.0,,,,
2026-10-01T00:12:00+00:00,033780.KS,KRX,equity,176900.0,177200.0,176700.0,177200.0,438.0,177100.0,177200.0,,,395.0,43.0,31.0,,,,
2026-10-01T00:12:00+00:00,072950.KQ,KOSDAQ,equity,14800.0,14890.0,14770.0,14770.0,9048.0,14770.0,14790.0,,,3649.0,5399.0,126.0,,,,
2026-10-01T00:12:00+00:00,115440.KQ,KOSDAQ,equity,11490.0,11490.0,11410.0,11430.0,4359.0,11430.0,11460.0,,,2733.0,1626.0,33.0,,,,
2026-10-01T00:12:00+00:00,478340.KQ,KOSDAQ,equity,14080.0,14080.0,14030.0,14050.0,2625.0,14030.0,14050.0,,,168.0,2457.0,27.0,,,,
2026-10-01T00:12:00+00:00,010170.KQ,KOSDAQ,equity,16540.0,16540.0,16430.0,16470.0,34113.0,16470.0,16480.0,,,13380.0,20733.0,227.0,,,,
2026-10-01T00:12:00+00:00,222800.KQ,KOSDAQ,equity,151300.0,151500.0,150700.0,150900.0,7122.0,150900.0,151000.0,,,2048.0,5074.0,204.0,,,,
2026-10-01T00:12:00+00:00,319660.KQ,KOSDAQ,equity,153600.0,153600.0,151900.0,152400.0,1919.0,152400.0,152500.0,,,1004.0,915.0,93.0,,,,
2026-10-01T00:12:00+00:00,272210.KS,KRX,equity,73800.0,73900.0,73400.0,73500.0,6304.0,73500.0,73600.0,,,2002.0,4302.0,86.0,,,,
2026-10-01T00:12:00+00:00,386380.KQ,KOSDAQ,equity,17820.0,17850.0,17810.0,17830.0,2732.0,17820.0,17830.0,,,1099.0,1633.0,44.0,,,,
2026-10-01T00:12:00+00:00,068270.KS,KRX,equity,179800.0,179900.0,179400.0,179500.0,1738.0,179500.0,179700.0,,,592.0,1146.0,70.0,,,,
2026-10-01T00:12:00+00:00,012450.KS,KRX,equity,1015000.0,1015000.0,1010000.0,1011000.0,335.0,1012000.0,1011000.0,,,150.0,185.0,66.0,,,,
2026-10-01T00:12:00+00:00,096770.KS,KRX,equity,147300.0,147600.0,147200.0,147300.0,2756.0,147200.0,147300.0,,,1244.0,1512.0,101.0,,,,
2026-10-01T00:12:00+00:00,0010S0.KQ,KOSDAQ,equity,20050.0,20050.0,19980.0,20000.0,2064.0,20000.0,20050.0,,,661.0,1403.0,43.0,,,,
2026-10-01T00:12:00+00:00,329180.KS,KRX,equity,432500.0,433000.0,431500.0,431500.0,1396.0,431500.0,432000.0,,,428.0,968.0,57.0,,,,
2026-10-01T00:12:00+00:00,207940.KS,KRX,equity,1391000.0,1391000.0,1389000.0,1390000.0,45.0,1390000.0,1390000.0,,,31.0,14.0,14.0,,,,
2026-10-01T00:12:00+00:00,000270.KS,KRX,equity,114300.0,114300.0,113800.0,113900.0,1863.0,113900.0,113900.0,,,779.0,1084.0,64.0,,,,
2026-10-01T00:12:00+00:00,003230.KS,KRX,equity,1221000.0,1221000.0,1215000.0,1217000.0,305.0,1215000.0,1216000.0,,,19.0,286.0,21.0,,,,
2026-10-01T00:12:00+00:00,046970.KQ,KOSDAQ,equity,7320.0,7320.0,7250.0,7270.0,3881.0,7240.0,7260.0,,,1455.0,2426.0,29.0,,,,
2026-10-01T00:12:00+00:00,201490.KQ,KOSDAQ,equity,3445.0,3445.0,3435.0,3435.0,8066.0,3430.0,3435.0,,,1978.0,6088.0,18.0,,,,
2026-10-01T00:12:00+00:00,326030.KS,KRX,equity,74500.0,74500.0,74200.0,74200.0,771.0,74300.0,74300.0,,,1.0,770.0,13.0,,,,
2026-10-01T00:12:00+00:00,298040.KS,KRX,equity,2726000.0,2726000.0,2714000.0,2716000.0,367.0,2720000.0,2717000.0,,,70.0,297.0,84.0,,,,
2026-10-01T00:12:00+00:00,005830.KS,KRX,equity,183000.0,183200.0,182500.0,182700.0,641.0,182700.0,182700.0,,,462.0,179.0,46.0,,,,
2026-10-01T00:12:00+00:00,009540.KS,KRX,equity,324000.0,324500.0,322000.0,322500.0,1031.0,322500.0,322500.0,,,354.0,677.0,68.0,,,,
2026-10-01T00:12:00+00:00,015760.KS,KRX,equity,30100.0,30150.0,30000.0,30050.0,14319.0,30000.0,30050.0,,,291.0,14028.0,106.0,,,,
2026-10-01T00:12:00+00:00,034730.KS,KRX,equity,580000.0,583000.0,580000.0,582000.0,914.0,581000.0,582000.0,,,644.0,270.0,37.0,,,,
2026-10-01T00:12:00+00:00,278470.KS,KRX,equity,362000.0,362000.0,361500.0,361500.0,134.0,361500.0,362000.0,,,28.0,106.0,31.0,,,,
2026-10-01T00:12:00+00:00,021240.KS,KRX,equity,99100.0,99300.0,98900.0,99100.0,304.0,99100.0,99300.0,,,234.0,70.0,28.0,,,,
2026-10-01T00:12:00+00:00,000150.KS,KRX,equity,1397000.0,1399000.0,1394000.0,1396000.0,215.0,1394000.0,1396000.0,,,167.0,48.0,71.0,,,,
2026-10-01T00:12:00+00:00,032830.KS,KRX,equity,282000.0,282500.0,281500.0,282000.0,404.0,282000.0,282500.0,,,308.0,96.0,24.0,,,,
2026-10-01T00:12:00+00:00,017670.KS,KRX,equity,85500.0,85800.0,85500.0,85600.0,1643.0,85600.0,85600.0,,,1209.0,434.0,40.0,,,,
2026-10-01T00:12:00+00:00,010950.KS,KRX,equity,156800.0,156900.0,156500.0,156800.0,895.0,156700.0,156800.0,,,412.0,483.0,51.0,,,,
2026-10-01T00:12:00+00:00,011170.KS,KRX,equity,60900.0,60900.0,60300.0,60500.0,985.0,60500.0,60600.0,,,164.0,821.0,17.0,,,,
2026-10-01T00:12:00+00:00,003670.KS,KRX,equity,180000.0,180000.0,178800.0,179300.0,1016.0,179200.0,179300.0,,,467.0,549.0,69.0,,,,
2026-10-01T00:12:00+00:00,011200.KS,KRX,equity,21175.0,21200.0,21050.0,21050.0,7075.0,21100.0,21100.0,,,83.0,6992.0,39.0,,,,
2026-10-01T00:12:00+00:00,180640.KS,KRX,equity,131100.0,131600.0,131100.0,131500.0,131.0,131300.0,131500.0,,,102.0,29.0,13.0,,,,
2026-10-01T00:12:00+00:00,373220.KS,KRX,equity,356000.0,356500.0,355000.0,355500.0,918.0,355500.0,355000.0,,,124.0,794.0,32.0,,,,
2026-10-01T00:12:00+00:00,000810.KS,KRX,equity,631000.0,632000.0,630000.0,631000.0,110.0,630000.0,631000.0,,,14.0,96.0,13.0,,,,
2026-10-01T00:12:00+00:00,028260.KS,KRX,equity,341500.0,343500.0,341000.0,343000.0,1793.0,342500.0,343000.0,,,1105.0,688.0,43.0,,,,
2026-10-01T00:12:00+00:00,051910.KS,KRX,equity,257500.0,257500.0,255500.0,256000.0,1224.0,255500.0,256000.0,,,187.0,1037.0,35.0,,,,
2026-10-01T00:12:00+00:00,267250.KS,KRX,equity,201500.0,201500.0,199400.0,199800.0,4366.0,199700.0,199800.0,,,768.0,3598.0,83.0,,,,
2026-10-01T00:12:00+00:00,011780.KS,KRX,equity,115800.0,115800.0,115000.0,115200.0,296.0,115100.0,115200.0,,,93.0,203.0,28.0,,,,
2026-10-01T00:12:00+00:00,251270.KS,KRX,equity,35100.0,35100.0,34900.0,35000.0,929.0,34950.0,35000.0,,,460.0,469.0,30.0,,,,
2026-10-01T00:12:00+00:00,003490.KS,KRX,equity,31650.0,31650.0,31600.0,31600.0,2627.0,31600.0,31650.0,,,1349.0,1278.0,27.0,,,,
2026-10-01T00:12:00+00:00,393210.KQ,KOSDAQ,equity,3370.0,3385.0,3370.0,3385.0,1155.0,3375.0,3385.0,,,1150.0,5.0,13.0,,,,
2026-10-01T00:03:00+00:00,ES=F,CME,index_future,7741.5,7741.75,7740.25,7741.0,0.0,,,,,,,,,,,
2026-10-01T00:03:30+00:00,ES=F,CME,index_future,7740.75,7740.75,7740.75,7740.75,0.0,,,,,,,,,,,
2026-10-01T00:03:00+00:00,NQ=F,CME,index_future,30802.25,30803.0,30795.75,30802.5,0.0,,,,,,,,,,,
2026-10-01T00:03:32+00:00,NQ=F,CME,index_future,30798.0,30798.0,30798.0,30798.0,0.0,,,,,,,,,,,
2026-10-01T00:03:00+00:00,GC=F,COMEX,commodity_future,4183.10009765625,4183.2998046875,4182.2998046875,4182.5,0.0,,,,,,,,,,,
2026-10-01T00:03:22+00:00,GC=F,COMEX,commodity_future,4182.7998046875,4182.7998046875,4182.7998046875,4182.7998046875,0.0,,,,,,,,,,,
2026-10-01T00:03:00+00:00,SI=F,COMEX,commodity_future,60.60499954223633,60.6150016784668,60.58000183105469,60.59000015258789,0.0,,,,,,,,,,,
2026-10-01T00:03:20+00:00,SI=F,COMEX,commodity_future,60.6150016784668,60.6150016784668,60.6150016784668,60.6150016784668,0.0,,,,,,,,,,,
2026-10-01T00:03:00+00:00,CL=F,NYMEX,commodity_future,90.06999969482422,90.1500015258789,90.06999969482422,90.12000274658205,0.0,,,,,,,,,,,
2026-10-01T00:03:22+00:00,CL=F,NYMEX,commodity_future,90.12000274658205,90.12000274658205,90.12000274658205,90.12000274658205,0.0,,,,,,,,,,,
2026-10-01T00:02:00+00:00,HG=F,COMEX,commodity_future,6.625500202178955,6.625500202178955,6.625,6.625,0.0,,,,,,,,,,,
2026-10-01T00:02:59+00:00,HG=F,COMEX,commodity_future,6.625,6.625,6.625,6.625,0.0,,,,,,,,,,,
2026-10-01T00:11:00+00:00,EURUSD=X,FX,currency,1.1332728862762451,1.1332728862762451,1.1332728862762451,1.1332728862762451,0.0,,,,,,,,,,,
2026-10-01T00:12:00+00:00,KRW=X,FX,currency,1358.8800048828125,1358.97998046875,1358.47998046875,1358.5799560546875,0.0,,,,,,,,,,,
2026-10-01T00:12:00+00:00,JPY=X,FX,currency,157.73899841308594,157.74899291992188,157.72500610351562,157.74200439453125,0.0,,,,,,,,,,,
2026-10-01T00:11:00+00:00,GBPUSD=X,FX,currency,1.326383113861084,1.326383113861084,1.326383113861084,1.326383113861084,0.0,,,,,,,,,,,
2026-10-01T00:13:00+00:00,BTC-USD,CRYPTO,crypto,83488.3,83489.9,83485.6,83485.6,0.12515248,,,,,,,44.0,,,,
2026-10-01T00:13:00+00:00,ETH-USD,CRYPTO,crypto,2682.36,2682.36,2682.1,2682.1,0.94026576,,,,,,,15.0,,,,
2026-10-01T00:13:00+00:00,000660.KS,KRX,equity,1777000.0,1778000.0,1773000.0,1775000.0,11099.0,1775000.0,1775000.0,,,6193.0,4906.0,570.0,,,,
2026-10-01T00:13:00+00:00,005380.KS,KRX,equity,345500.0,345500.0,345000.0,345500.0,1515.0,345000.0,345500.0,,,1324.0,191.0,156.0,,,,
2026-10-01T00:13:00+00:00,043260.KQ,KOSDAQ,equity,27400.0,27700.0,27400.0,27600.0,47639.0,27550.0,27600.0,,,25219.0,22420.0,632.0,,,,
2026-10-01T00:13:00+00:00,010140.KS,KRX,equity,19410.0,19420.0,19390.0,19390.0,37138.0,19390.0,19390.0,,,13881.0,23257.0,328.0,,,,
2026-10-01T00:13:00+00:00,030200.KS,KRX,equity,51600.0,51600.0,51500.0,51600.0,936.0,51600.0,51600.0,,,479.0,457.0,97.0,,,,
2026-10-01T00:13:00+00:00,030530.KQ,KOSDAQ,equity,26700.0,26800.0,26700.0,26800.0,3961.0,26750.0,26800.0,,,1093.0,2868.0,58.0,,,,
2026-10-01T00:13:00+00:00,035420.KS,KRX,equity,192500.0,192600.0,192100.0,192200.0,2743.0,192200.0,192200.0,,,566.0,2177.0,112.0,,,,
2026-10-01T00:13:00+00:00,058470.KQ,KOSDAQ,equity,75300.0,75400.0,75050.0,75400.0,9111.0,75300.0,75400.0,,,5410.0,3701.0,136.0,,,,
2026-10-01T00:13:00+00:00,067310.KQ,KOSDAQ,equity,48400.0,48450.0,48250.0,48350.0,10879.0,48350.0,48400.0,,,4387.0,6492.0,192.0,,,,
2026-10-01T00:13:00+00:00,068270.KS,KRX,equity,179500.0,180000.0,179500.0,179500.0,1926.0,179500.0,179500.0,,,885.0,1041.0,77.0,,,,
2026-10-01T00:13:00+00:00,251270.KS,KRX,equity,35000.0,35000.0,35000.0,35000.0,26.0,34950.0,35000.0,,,26.0,0.0,14.0,,,,
2026-10-01T00:13:00+00:00,403870.KQ,KOSDAQ,equity,66000.0,66100.0,65600.0,65900.0,30078.0,65800.0,65900.0,,,11041.0,19037.0,717.0,,,,
2026-10-01T00:13:00+00:00,005930.KS,KRX,equity,268500.0,268500.0,267500.0,268000.0,67164.0,267500.0,268000.0,,,24539.0,42625.0,883.0,,,,
2026-10-01T00:13:00+00:00,036540.KQ,KOSDAQ,equity,11080.0,11100.0,11010.0,11090.0,111330.0,11080.0,11090.0,,,53459.0,57871.0,369.0,,,,
2026-10-01T00:13:00+00:00,066570.KS,KRX,equity,209000.0,209000.0,208000.0,208500.0,4488.0,208000.0,208500.0,,,851.0,3637.0,88.0,,,,
2026-10-01T00:13:00+00:00,093370.KS,KRX,equity,15150.0,15280.0,15140.0,15200.0,32861.0,15200.0,15210.0,,,21172.0,11689.0,203.0,,,,
2026-10-01T00:13:00+00:00,003670.KS,KRX,equity,179300.0,179300.0,178700.0,178700.0,506.0,179000.0,178800.0,,,217.0,289.0,35.0,,,,
2026-10-01T00:13:00+00:00,001440.KS,KRX,equity,28950.0,29100.0,28950.0,28950.0,15303.0,28950.0,29000.0,,,7075.0,8228.0,119.0,,,,
2026-10-01T00:13:00+00:00,036930.KQ,KOSDAQ,equity,230000.0,231000.0,230000.0,230000.0,6482.0,230000.0,230500.0,,,2709.0,3773.0,208.0,,,,
2026-10-01T00:13:00+00:00,047040.KS,KRX,equity,17540.0,17600.0,17520.0,17530.0,73860.0,17520.0,17530.0,,,28808.0,45052.0,252.0,,,,
2026-10-01T00:13:00+00:00,356680.KQ,KOSDAQ,equity,17830.0,17850.0,17730.0,17740.0,5362.0,17730.0,17740.0,,,1278.0,4084.0,79.0,,,,
2026-10-01T00:13:00+00:00,010170.KQ,KOSDAQ,equity,16480.0,16480.0,16410.0,16430.0,16210.0,16420.0,16430.0,,,3048.0,13162.0,156.0,,,,
2026-10-01T00:13:00+00:00,0161M0.KQ,KOSDAQ,equity,16280.0,16410.0,16240.0,16240.0,10134.0,16240.0,16250.0,,,3856.0,6278.0,98.0,,,,
2026-10-01T00:13:00+00:00,042700.KS,KRX,equity,264500.0,265000.0,261500.0,262000.0,14557.0,261500.0,262000.0,,,1780.0,12777.0,337.0,,,,
2026-10-01T00:13:00+00:00,402340.KS,KRX,equity,1110000.0,1112000.0,1107000.0,1108000.0,3108.0,1108000.0,1109000.0,,,784.0,2324.0,263.0,,,,
2026-10-01T00:13:00+00:00,034020.KS,KRX,equity,81700.0,82100.0,81600.0,81700.0,32571.0,81700.0,81800.0,,,16253.0,16318.0,424.0,,,,
2026-10-01T00:13:00+00:00,042660.KS,KRX,equity,77700.0,77800.0,77500.0,77600.0,9374.0,77600.0,77600.0,,,3635.0,5739.0,211.0,,,,
2026-10-01T00:13:00+00:00,086790.KS,KRX,equity,130000.0,130000.0,129400.0,129400.0,4149.0,129400.0,129400.0,,,1234.0,2915.0,36.0,,,,
2026-10-01T00:13:00+00:00,105560.KS,KRX,equity,168400.0,168400.0,168200.0,168300.0,2534.0,168200.0,168300.0,,,1852.0,682.0,66.0,,,,
2026-10-01T00:13:00+00:00,240810.KQ,KOSDAQ,equity,136400.0,136900.0,136200.0,136900.0,10013.0,136800.0,136900.0,,,6377.0,3636.0,339.0,,,,
2026-10-01T00:13:00+00:00,005935.KS,KRX,equity,197300.0,197600.0,197200.0,197500.0,24069.0,197400.0,197500.0,,,10769.0,13300.0,363.0,,,,
2026-10-01T00:13:00+00:00,012330.KS,KRX,equity,381000.0,381500.0,379500.0,381000.0,5199.0,380500.0,381000.0,,,1397.0,3802.0,230.0,,,,
2026-10-01T00:13:00+00:00,052690.KS,KRX,equity,126400.0,127000.0,125800.0,126100.0,4728.0,126100.0,126100.0,,,1530.0,3198.0,220.0,,,,
2026-10-01T00:13:00+00:00,010950.KS,KRX,equity,156800.0,157000.0,156600.0,156600.0,559.0,156700.0,156600.0,,,250.0,309.0,46.0,,,,
2026-10-01T00:13:00+00:00,009150.KS,KRX,equity,1483000.0,1484000.0,1477000.0,1480000.0,4260.0,1480000.0,1481000.0,,,1432.0,2828.0,389.0,,,,
2026-10-01T00:13:00+00:00,009830.KS,KRX,equity,33550.0,33750.0,33400.0,33400.0,48621.0,33400.0,33450.0,,,16547.0,32074.0,391.0,,,,
2026-10-01T00:13:00+00:00,080220.KQ,KOSDAQ,equity,79400.0,79600.0,79300.0,79300.0,9109.0,79300.0,79400.0,,,3952.0,5157.0,203.0,,,,
2026-10-01T00:13:00+00:00,089970.KQ,KOSDAQ,equity,63900.0,64000.0,63600.0,63900.0,6368.0,63900.0,64000.0,,,3051.0,3317.0,92.0,,,,
2026-10-01T00:13:00+00:00,353200.KS,KRX,equity,132000.0,132400.0,131400.0,131400.0,4577.0,131500.0,131600.0,,,627.0,3950.0,95.0,,,,
2026-10-01T00:13:00+00:00,010060.KS,KRX,equity,215500.0,217000.0,215500.0,215500.0,1494.0,215500.0,216000.0,,,434.0,1060.0,81.0,,,,
2026-10-01T00:13:00+00:00,010120.KS,KRX,equity,201000.0,201500.0,200500.0,200500.0,1882.0,200500.0,201000.0,,,625.0,1257.0,79.0,,,,
2026-10-01T00:13:00+00:00,011200.KS,KRX,equity,21100.0,21100.0,21050.0,21100.0,900.0,21050.0,21100.0,,,409.0,491.0,15.0,,,,
2026-10-01T00:13:00+00:00,272210.KS,KRX,equity,73500.0,73500.0,73200.0,73200.0,5157.0,73200.0,73300.0,,,1319.0,3838.0,87.0,,,,
2026-10-01T00:13:00+00:00,316140.KS,KRX,equity,33150.0,33200.0,33100.0,33150.0,31590.0,33150.0,33200.0,,,10553.0,21037.0,128.0,,,,
2026-10-01T00:13:00+00:00,001820.KS,KRX,equity,151300.0,151500.0,150400.0,150700.0,4045.0,150600.0,150700.0,,,491.0,3554.0,121.0,,,,
2026-10-01T00:13:00+00:00,006360.KS,KRX,equity,33450.0,33450.0,33350.0,33350.0,3436.0,33350.0,33400.0,,,931.0,2505.0,62.0,,,,
2026-10-01T00:13:00+00:00,047810.KS,KRX,equity,125800.0,125900.0,125700.0,125900.0,729.0,125800.0,125900.0,,,405.0,324.0,24.0,,,,
2026-10-01T00:13:00+00:00,028050.KS,KRX,equity,47450.0,47550.0,47400.0,47500.0,4160.0,47450.0,47500.0,,,2655.0,1505.0,64.0,,,,
2026-10-01T00:13:00+00:00,096770.KS,KRX,equity,147200.0,147300.0,146700.0,146800.0,4850.0,146700.0,146800.0,,,1090.0,3760.0,112.0,,,,
2026-10-01T00:13:00+00:00,950260.KQ,KOSDAQ,equity,27000.0,27050.0,26950.0,27000.0,2189.0,26950.0,27000.0,,,1405.0,784.0,38.0,,,,
2026-10-01T00:13:00+00:00,419050.KQ,KOSDAQ,equity,1832.0,1832.0,1816.0,1827.0,9683.0,1822.0,1826.0,,,1059.0,8624.0,33.0,,,,
2026-10-01T00:13:00+00:00,000150.KS,KRX,equity,1394000.0,1402000.0,1392000.0,1398000.0,668.0,1394000.0,1398000.0,,,297.0,371.0,65.0,,,,
2026-10-01T00:13:00+00:00,051910.KS,KRX,equity,255500.0,256000.0,255000.0,255500.0,683.0,255000.0,255500.0,,,82.0,601.0,26.0,,,,
2026-10-01T00:13:00+00:00,000720.KS,KRX,equity,116300.0,117000.0,116000.0,116000.0,12346.0,116000.0,116100.0,,,3357.0,8989.0,322.0,,,,
2026-10-01T00:13:00+00:00,003230.KS,KRX,equity,1215000.0,1215000.0,1214000.0,1215000.0,11.0,1215000.0,1216000.0,,,7.0,4.0,7.0,,,,
2026-10-01T00:13:00+00:00,005490.KS,KRX,equity,305000.0,305500.0,305000.0,305000.0,609.0,305000.0,305500.0,,,192.0,417.0,68.0,,,,
2026-10-01T00:13:00+00:00,028260.KS,KRX,equity,343000.0,343500.0,341500.0,342500.0,1196.0,342000.0,342500.0,,,797.0,399.0,37.0,,,,
2026-10-01T00:13:00+00:00,032830.KS,KRX,equity,282000.0,282000.0,281500.0,281500.0,157.0,281500.0,282000.0,,,36.0,121.0,14.0,,,,
2026-10-01T00:13:00+00:00,055550.KS,KRX,equity,104800.0,104900.0,104800.0,104800.0,2297.0,104800.0,104900.0,,,588.0,1709.0,50.0,,,,
2026-10-01T00:13:00+00:00,011780.KS,KRX,equity,115100.0,115300.0,115100.0,115300.0,29.0,115000.0,115300.0,,,26.0,3.0,8.0,,,,
2026-10-01T00:13:00+00:00,000810.KS,KRX,equity,631000.0,631000.0,630000.0,630000.0,147.0,630000.0,631000.0,,,50.0,97.0,10.0,,,,
2026-10-01T00:13:00+00:00,018260.KS,KRX,equity,217000.0,217500.0,217000.0,217000.0,122.0,217000.0,217500.0,,,2.0,120.0,32.0,,,,
2026-10-01T00:13:00+00:00,095610.KQ,KOSDAQ,equity,171700.0,172200.0,171600.0,172200.0,1199.0,172200.0,172300.0,,,844.0,355.0,113.0,,,,
2026-10-01T00:13:00+00:00,393210.KQ,KOSDAQ,equity,3385.0,3385.0,3375.0,3375.0,1404.0,3370.0,3375.0,,,164.0,1240.0,8.0,,,,
2026-10-01T00:13:00+00:00,006400.KS,KRX,equity,509000.0,510000.0,509000.0,510000.0,483.0,509000.0,510000.0,,,20.0,463.0,56.0,,,,
2026-10-01T00:13:00+00:00,015760.KS,KRX,equity,30050.0,30050.0,30000.0,30050.0,1987.0,30000.0,30050.0,,,1574.0,413.0,51.0,,,,
2026-10-01T00:13:00+00:00,035720.KS,KRX,equity,33350.0,33350.0,33300.0,33300.0,784.0,33300.0,33350.0,,,627.0,157.0,40.0,,,,
2026-10-01T00:13:00+00:00,373220.KS,KRX,equity,355000.0,355500.0,355000.0,355000.0,380.0,355000.0,355500.0,,,352.0,28.0,12.0,,,,
2026-10-01T00:13:00+00:00,024110.KS,KRX,equity,20150.0,20150.0,20050.0,20050.0,44936.0,20050.0,20100.0,,,1989.0,42947.0,43.0,,,,
2026-10-01T00:13:00+00:00,108490.KQ,KOSDAQ,equity,282000.0,282500.0,282000.0,282000.0,515.0,282000.0,282500.0,,,167.0,348.0,46.0,,,,
2026-10-01T00:13:00+00:00,128940.KS,KRX,equity,497500.0,498000.0,497000.0,497000.0,231.0,497500.0,497500.0,,,86.0,145.0,20.0,,,,
2026-10-01T00:13:00+00:00,326030.KS,KRX,equity,74300.0,74300.0,74200.0,74300.0,137.0,74300.0,74400.0,,,80.0,57.0,11.0,,,,
2026-10-01T00:13:00+00:00,387690.KQ,KOSDAQ,equity,19590.0,19650.0,19540.0,19650.0,2466.0,19630.0,19640.0,,,1136.0,1330.0,40.0,,,,
2026-10-01T00:13:00+00:00,440110.KQ,KOSDAQ,equity,83800.0,84000.0,83500.0,83700.0,1223.0,83700.0,83800.0,,,402.0,821.0,70.0,,,,
2026-10-01T00:13:00+00:00,478340.KQ,KOSDAQ,equity,14030.0,14030.0,13900.0,13900.0,3414.0,13900.0,13960.0,,,539.0,2875.0,34.0,,,,
2026-10-01T00:13:00+00:00,000270.KS,KRX,equity,113900.0,114200.0,113800.0,114000.0,4798.0,114000.0,114100.0,,,3513.0,1285.0,57.0,,,,
2026-10-01T00:13:00+00:00,017670.KS,KRX,equity,85500.0,85600.0,85500.0,85500.0,875.0,85500.0,85600.0,,,124.0,751.0,28.0,,,,
2026-10-01T00:13:00+00:00,072950.KQ,KOSDAQ,equity,14770.0,14800.0,14770.0,14790.0,4105.0,14780.0,14790.0,,,1505.0,2600.0,51.0,,,,
2026-10-01T00:13:00+00:00,396300.KQ,KOSDAQ,equity,5480.0,5510.0,5480.0,5490.0,18478.0,5490.0,5500.0,,,8644.0,9834.0,49.0,,,,
2026-10-01T00:13:00+00:00,003490.KS,KRX,equity,31600.0,31650.0,31550.0,31550.0,3895.0,31550.0,31600.0,,,436.0,3459.0,44.0,,,,
2026-10-01T00:13:00+00:00,319660.KQ,KOSDAQ,equity,152300.0,152700.0,152300.0,152600.0,844.0,152600.0,152700.0,,,447.0,397.0,59.0,,,,
2026-10-01T00:13:00+00:00,386380.KQ,KOSDAQ,equity,17820.0,17820.0,17790.0,17790.0,3032.0,17780.0,17800.0,,,347.0,2685.0,46.0,,,,
2026-10-01T00:13:00+00:00,009540.KS,KRX,equity,322500.0,322500.0,322000.0,322500.0,630.0,322000.0,322500.0,,,519.0,111.0,31.0,,,,
2026-10-01T00:13:00+00:00,007660.KS,KRX,equity,115700.0,116100.0,115300.0,115400.0,2319.0,115400.0,115500.0,,,760.0,1559.0,114.0,,,,
2026-10-01T00:13:00+00:00,180640.KS,KRX,equity,131500.0,131600.0,131300.0,131600.0,233.0,131500.0,131600.0,,,50.0,183.0,11.0,,,,
2026-10-01T00:13:00+00:00,103590.KS,KRX,equity,80800.0,81000.0,80700.0,80800.0,2443.0,80800.0,80900.0,,,187.0,2256.0,59.0,,,,
2026-10-01T00:13:00+00:00,003550.KS,KRX,equity,109800.0,109900.0,109600.0,109700.0,476.0,109700.0,109700.0,,,148.0,328.0,32.0,,,,
2026-10-01T00:13:00+00:00,012450.KS,KRX,equity,1011000.0,1012000.0,1011000.0,1011000.0,400.0,1011000.0,1012000.0,,,130.0,270.0,55.0,,,,
2026-10-01T00:13:00+00:00,115440.KQ,KOSDAQ,equity,11430.0,11460.0,11360.0,11360.0,2526.0,11360.0,11370.0,,,219.0,2307.0,33.0,,,,
2026-10-01T00:13:00+00:00,011170.KS,KRX,equity,60500.0,60600.0,60500.0,60600.0,242.0,60600.0,60600.0,,,80.0,162.0,11.0,,,,
2026-10-01T00:13:00+00:00,329180.KS,KRX,equity,431500.0,431500.0,430500.0,430500.0,6879.0,430000.0,430500.0,,,659.0,6220.0,50.0,,,,
2026-10-01T00:13:00+00:00,0010S0.KQ,KOSDAQ,equity,20050.0,20150.0,20000.0,20000.0,1360.0,19980.0,20000.0,,,495.0,865.0,34.0,,,,
2026-10-01T00:13:00+00:00,033780.KS,KRX,equity,177000.0,177300.0,176800.0,177100.0,396.0,176800.0,177100.0,,,133.0,263.0,26.0,,,,
2026-10-01T00:13:00+00:00,298040.KS,KRX,equity,2716000.0,2722000.0,2716000.0,2720000.0,178.0,2720000.0,2722000.0,,,76.0,102.0,44.0,,,,
2026-10-01T00:13:00+00:00,222800.KQ,KOSDAQ,equity,150700.0,151100.0,150400.0,150500.0,3265.0,150500.0,150500.0,,,1424.0,1841.0,194.0,,,,
2026-10-01T00:13:00+00:00,011070.KS,KRX,equity,563000.0,563000.0,561500.0,563000.0,649.0,562000.0,563000.0,,,167.0,482.0,45.0,,,,
2026-10-01T00:13:00+00:00,005830.KS,KRX,equity,182700.0,183000.0,182500.0,182600.0,482.0,182600.0,182700.0,,,297.0,185.0,38.0,,,,
2026-10-01T00:13:00+00:00,035760.KQ,KOSDAQ,equity,36650.0,36650.0,36650.0,36650.0,43.0,36700.0,36800.0,,,39.0,4.0,2.0,,,,
2026-10-01T00:13:00+00:00,201490.KQ,KOSDAQ,equity,3435.0,3445.0,3435.0,3445.0,200.0,3440.0,3445.0,,,78.0,122.0,11.0,,,,
2026-10-01T00:13:00+00:00,267250.KS,KRX,equity,199700.0,199900.0,198800.0,199000.0,1670.0,199100.0,199100.0,,,757.0,913.0,64.0,,,,
2026-10-01T00:13:00+00:00,207940.KS,KRX,equity,1390000.0,1393000.0,1389000.0,1393000.0,171.0,1390000.0,1393000.0,,,123.0,48.0,23.0,,,,
2026-10-01T00:13:00+00:00,278470.KS,KRX,equity,361500.0,362000.0,361500.0,361500.0,174.0,361500.0,362000.0,,,13.0,161.0,28.0,,,,
2026-10-01T00:13:00+00:00,034730.KS,KRX,equity,582000.0,582000.0,581000.0,581000.0,277.0,581000.0,582000.0,,,58.0,219.0,12.0,,,,
2026-10-01T00:13:00+00:00,046970.KQ,KOSDAQ,equity,7260.0,7270.0,7260.0,7260.0,1007.0,7250.0,7270.0,,,559.0,448.0,17.0,,,,
2026-10-01T00:13:00+00:00,021240.KS,KRX,equity,99100.0,99300.0,99100.0,99300.0,15.0,99200.0,99300.0,,,13.0,2.0,6.0,,,,
2026-10-01T00:04:00+00:00,ES=F,CME,index_future,7741.0,7741.25,7740.5,7740.5,0.0,,,,,,,,,,,
2026-10-01T00:04:37+00:00,ES=F,CME,index_future,7741.25,7741.25,7741.25,7741.25,0.0,,,,,,,,,,,
2026-10-01T00:04:00+00:00,NQ=F,CME,index_future,30802.25,30807.75,30797.75,30798.0,0.0,,,,,,,,,,,
2026-10-01T00:04:39+00:00,NQ=F,CME,index_future,30802.5,30802.5,30802.5,30802.5,0.0,,,,,,,,,,,
2026-10-01T00:04:00+00:00,GC=F,COMEX,commodity_future,4182.2001953125,4182.2998046875,4180.89990234375,4180.89990234375,0.0,,,,,,,,,,,
2026-10-01T00:04:40+00:00,GC=F,COMEX,commodity_future,4180.89990234375,4180.89990234375,4180.89990234375,4180.89990234375,0.0,,,,,,,,,,,
2026-10-01T00:04:00+00:00,SI=F,COMEX,commodity_future,60.57500076293945,60.57500076293945,60.54499816894531,60.54499816894531,0.0,,,,,,,,,,,
2026-10-01T00:04:36+00:00,SI=F,COMEX,commodity_future,60.55500030517578,60.55500030517578,60.55500030517578,60.55500030517578,0.0,,,,,,,,,,,
2026-10-01T00:04:00+00:00,CL=F,NYMEX,commodity_future,90.0999984741211,90.13999938964844,90.0999984741211,90.12999725341795,0.0,,,,,,,,,,,
2026-10-01T00:04:36+00:00,CL=F,NYMEX,commodity_future,90.12999725341795,90.12999725341795,90.12999725341795,90.12999725341795,0.0,,,,,,,,,,,
2026-10-01T00:03:00+00:00,HG=F,COMEX,commodity_future,6.625999927520752,6.625999927520752,6.625999927520752,6.625999927520752,1.0,,,,,,,,,,,
2026-10-01T00:04:00+00:00,HG=F,COMEX,commodity_future,6.626500129699707,6.626500129699707,6.624000072479248,6.624499797821045,0.0,,,,,,,,,,,
2026-10-01T00:04:40+00:00,HG=F,COMEX,commodity_future,6.624499797821045,6.624499797821045,6.624499797821045,6.624499797821045,0.0,,,,,,,,,,,
2026-10-01T00:12:00+00:00,EURUSD=X,FX,currency,1.1332728862762451,1.1332728862762451,1.1332728862762451,1.1332728862762451,0.0,,,,,,,,,,,
2026-10-01T00:13:00+00:00,KRW=X,FX,currency,1358.5799560546875,1358.6800537109375,1358.22998046875,1358.4599609375,0.0,,,,,,,,,,,
2026-10-01T00:13:00+00:00,JPY=X,FX,currency,157.73399353027344,157.7469940185547,157.67599487304688,157.69500732421875,0.0,,,,,,,,,,,
2026-10-01T00:12:00+00:00,GBPUSD=X,FX,currency,1.3263654708862305,1.3263654708862305,1.3263654708862305,1.3263654708862305,0.0,,,,,,,,,,,
2026-10-01T00:14:00+00:00,BTC-USD,CRYPTO,crypto,83489.9,83489.9,83452.2,83452.2,0.42680218,,,,,,,57.0,,,,
2026-10-01T00:14:00+00:00,ETH-USD,CRYPTO,crypto,2681.9,2682.0,2681.14,2681.15,0.41934942,,,,,,,14.0,,,,
2026-10-01T00:14:00+00:00,009150.KS,KRX,equity,1480000.0,1484000.0,1480000.0,1482000.0,2408.0,1482000.0,1482000.0,,,1639.0,769.0,293.0,,,,
2026-10-01T00:14:00+00:00,047040.KS,KRX,equity,17530.0,17570.0,17450.0,17490.0,109276.0,17450.0,17470.0,,,24755.0,84521.0,270.0,,,,
2026-10-01T00:14:00+00:00,043260.KQ,KOSDAQ,equity,27600.0,27700.0,27450.0,27450.0,73770.0,27450.0,27500.0,,,28656.0,45114.0,562.0,,,,
2026-10-01T00:14:00+00:00,009830.KS,KRX,equity,33400.0,33750.0,33200.0,33350.0,41245.0,33300.0,33350.0,,,15509.0,25736.0,399.0,,,,
2026-10-01T00:14:00+00:00,000660.KS,KRX,equity,1775000.0,1776000.0,1771000.0,1773000.0,8684.0,1773000.0,1774000.0,,,4420.0,4264.0,414.0,,,,
2026-10-01T00:14:00+00:00,0010S0.KQ,KOSDAQ,equity,20000.0,20050.0,19620.0,19620.0,8374.0,19620.0,19630.0,,,312.0,8062.0,91.0,,,,
2026-10-01T00:14:00+00:00,001820.KS,KRX,equity,150700.0,151700.0,150000.0,151700.0,6168.0,151500.0,151700.0,,,3959.0,2209.0,123.0,,,,
2026-10-01T00:14:00+00:00,003490.KS,KRX,equity,31600.0,31600.0,31550.0,31550.0,3350.0,31550.0,31600.0,,,444.0,2906.0,37.0,,,,
2026-10-01T00:14:00+00:00,005930.KS,KRX,equity,268000.0,268000.0,267000.0,267750.0,67315.0,267500.0,268000.0,,,28883.0,38432.0,588.0,,,,
2026-10-01T00:14:00+00:00,030200.KS,KRX,equity,51600.0,51650.0,51500.0,51600.0,1927.0,51600.0,51600.0,,,1249.0,678.0,88.0,,,,
2026-10-01T00:14:00+00:00,036540.KQ,KOSDAQ,equity,11080.0,11110.0,11050.0,11080.0,35303.0,11080.0,11090.0,,,16467.0,18836.0,215.0,,,,
2026-10-01T00:14:00+00:00,036930.KQ,KOSDAQ,equity,230000.0,231000.0,230000.0,231000.0,5186.0,230500.0,231000.0,,,2849.0,2337.0,179.0,,,,
2026-10-01T00:14:00+00:00,052690.KS,KRX,equity,126000.0,126400.0,126000.0,126100.0,2200.0,126100.0,126200.0,,,476.0,1724.0,167.0,,,,
2026-10-01T00:14:00+00:00,067310.KQ,KOSDAQ,equity,48350.0,48450.0,48300.0,48400.0,5868.0,48400.0,48450.0,,,2913.0,2955.0,122.0,,,,
2026-10-01T00:14:00+00:00,086790.KS,KRX,equity,129500.0,129600.0,129100.0,129200.0,6221.0,129100.0,129200.0,,,1553.0,4668.0,52.0,,,,
2026-10-01T00:14:00+00:00,240810.KQ,KOSDAQ,equity,136900.0,137200.0,136600.0,137100.0,14753.0,137000.0,137100.0,,,11012.0,3741.0,368.0,,,,
2026-10-01T00:14:00+00:00,298040.KS,KRX,equity,2720000.0,2720000.0,2714000.0,2716000.0,239.0,2715000.0,2716000.0,,,55.0,184.0,70.0,,,,
2026-10-01T00:14:00+00:00,319660.KQ,KOSDAQ,equity,152600.0,153100.0,152600.0,153000.0,1416.0,153000.0,153100.0,,,763.0,653.0,81.0,,,,
2026-10-01T00:14:00+00:00,000150.KS,KRX,equity,1398000.0,1402000.0,1398000.0,1401000.0,165.0,1400000.0,1401000.0,,,105.0,60.0,42.0,,,,
2026-10-01T00:14:00+00:00,003550.KS,KRX,equity,109700.0,109700.0,109500.0,109500.0,515.0,109500.0,109600.0,,,375.0,140.0,27.0,,,,
2026-10-01T00:14:00+00:00,018260.KS,KRX,equity,217000.0,217500.0,216500.0,217000.0,982.0,217000.0,217500.0,,,383.0,599.0,35.0,,,,
2026-10-01T00:14:00+00:00,035720.KS,KRX,equity,33350.0,33350.0,33300.0,33350.0,1894.0,33300.0,33350.0,,,612.0,1282.0,47.0,,,,
2026-10-01T00:14:00+00:00,089970.KQ,KOSDAQ,equity,63900.0,64650.0,63800.0,64650.0,16278.0,64600.0,64700.0,,,13144.0,3134.0,120.0,,,,
2026-10-01T00:14:00+00:00,105560.KS,KRX,equity,168300.0,168400.0,168100.0,168200.0,7522.0,168200.0,168300.0,,,4595.0,2927.0,88.0,,,,
2026-10-01T00:14:00+00:00,329180.KS,KRX,equity,430500.0,430500.0,430000.0,430000.0,458.0,430000.0,430500.0,,,99.0,359.0,30.0,,,,
2026-10-01T00:14:00+00:00,402340.KS,KRX,equity,1110000.0,1111000.0,1106000.0,1107000.0,1963.0,1107000.0,1108000.0,,,1187.0,776.0,185.0,,,,
2026-10-01T00:14:00+00:00,403870.KQ,KOSDAQ,equity,65900.0,66300.0,65700.0,66300.0,39275.0,66200.0,66300.0,,,27584.0,11691.0,594.0,,,,
2026-10-01T00:14:00+00:00,950260.KQ,KOSDAQ,equity,27000.0,27400.0,26800.0,26800.0,23876.0,26800.0,26900.0,,,11159.0,12717.0,138.0,,,,
2026-10-01T00:14:00+00:00,005490.KS,KRX,equity,305500.0,305750.0,305000.0,305500.0,2382.0,305000.0,305500.0,,,1310.0,1072.0,74.0,,,,
2026-10-01T00:14:00+00:00,006400.KS,KRX,equity,510000.0,510000.0,508000.0,508000.0,1106.0,508000.0,509000.0,,,38.0,1068.0,56.0,,,,
2026-10-01T00:14:00+00:00,010950.KS,KRX,equity,156600.0,157100.0,156100.0,156900.0,1535.0,156700.0,156900.0,,,552.0,983.0,58.0,,,,
2026-10-01T00:14:00+00:00,024110.KS,KRX,equity,20075.0,20100.0,20050.0,20100.0,2487.0,20050.0,20100.0,,,2307.0,180.0,30.0,,,,
2026-10-01T00:14:00+00:00,251270.KS,KRX,equity,35000.0,35050.0,34950.0,35000.0,1220.0,34950.0,35000.0,,,301.0,919.0,17.0,,,,
2026-10-01T00:14:00+00:00,005380.KS,KRX,equity,345250.0,345500.0,345000.0,345500.0,1141.0,345000.0,345500.0,,,1059.0,82.0,164.0,,,,
2026-10-01T00:14:00+00:00,010120.KS,KRX,equity,201000.0,201000.0,200500.0,200500.0,582.0,200500.0,201000.0,,,66.0,516.0,56.0,,,,
2026-10-01T00:14:00+00:00,042700.KS,KRX,equity,262000.0,262500.0,261000.0,261500.0,7261.0,261000.0,261500.0,,,1460.0,5801.0,346.0,,,,
2026-10-01T00:14:00+00:00,387690.KQ,KOSDAQ,equity,19640.0,19780.0,19630.0,19780.0,2991.0,19770.0,19780.0,,,2007.0,984.0,95.0,,,,
2026-10-01T00:14:00+00:00,010060.KS,KRX,equity,215500.0,216500.0,215500.0,216500.0,1999.0,216000.0,216500.0,,,289.0,1710.0,70.0,,,,
2026-10-01T00:14:00+00:00,033780.KS,KRX,equity,176800.0,176900.0,176200.0,176300.0,1580.0,176400.0,176400.0,,,370.0,1210.0,43.0,,,,
2026-10-01T00:14:00+00:00,058470.KQ,KOSDAQ,equity,75300.0,75500.0,75100.0,75400.0,11237.0,75300.0,75400.0,,,8755.0,2482.0,172.0,,,,
2026-10-01T00:14:00+00:00,316140.KS,KRX,equity,33150.0,33250.0,33150.0,33200.0,13178.0,33150.0,33200.0,,,7805.0,5373.0,87.0,,,,
2026-10-01T00:14:00+00:00,000720.KS,KRX,equity,116100.0,116500.0,115800.0,115800.0,9794.0,115800.0,116000.0,,,4636.0,5158.0,240.0,,,,
2026-10-01T00:14:00+00:00,030530.KQ,KOSDAQ,equity,26750.0,26850.0,26750.0,26800.0,2811.0,26800.0,26850.0,,,1493.0,1318.0,58.0,,,,
2026-10-01T00:14:00+00:00,440110.KQ,KOSDAQ,equity,83700.0,83900.0,83700.0,83800.0,952.0,83800.0,83900.0,,,400.0,552.0,50.0,,,,
2026-10-01T00:14:00+00:00,115440.KQ,KOSDAQ,equity,11370.0,11390.0,11340.0,11340.0,1662.0,11340.0,11350.0,,,440.0,1222.0,27.0,,,,
2026-10-01T00:14:00+00:00,010140.KS,KRX,equity,19390.0,19430.0,19380.0,19420.0,24144.0,19410.0,19420.0,,,13574.0,10570.0,223.0,,,,
2026-10-01T00:14:00+00:00,080220.KQ,KOSDAQ,equity,79400.0,79500.0,79000.0,79200.0,10419.0,79200.0,79300.0,,,6268.0,4151.0,174.0,,,,
2026-10-01T00:14:00+00:00,353200.KS,KRX,equity,131600.0,132300.0,131500.0,132200.0,3343.0,132200.0,132300.0,,,2166.0,1177.0,85.0,,,,
2026-10-01T00:14:00+00:00,035420.KS,KRX,equity,192200.0,192300.0,192000.0,192000.0,1401.0,192100.0,192100.0,,,529.0,872.0,128.0,,,,
2026-10-01T00:14:00+00:00,222800.KQ,KOSDAQ,equity,150500.0,150500.0,150000.0,150000.0,1931.0,150100.0,150100.0,,,361.0,1570.0,97.0,,,,
2026-10-01T00:14:00+00:00,267250.KS,KRX,equity,199100.0,199100.0,198700.0,198800.0,2264.0,198900.0,198800.0,,,1142.0,1122.0,67.0,,,,
2026-10-01T00:14:00+00:00,419050.KQ,KOSDAQ,equity,1827.0,1845.0,1827.0,1839.0,4713.0,1839.0,1840.0,,,2948.0,1765.0,76.0,,,,
2026-10-01T00:14:00+00:00,103590.KS,KRX,equity,80800.0,80900.0,80600.0,80600.0,1576.0,80500.0,80600.0,,,316.0,1260.0,48.0,,,,
2026-10-01T00:14:00+00:00,010170.KQ,KOSDAQ,equity,16430.0,16440.0,16410.0,16420.0,12570.0,16410.0,16420.0,,,6187.0,6383.0,148.0,,,,
2026-10-01T00:14:00+00:00,028260.KS,KRX,equity,342500.0,343000.0,341500.0,341500.0,627.0,341500.0,342000.0,,,405.0,222.0,30.0,,,,
2026-10-01T00:14:00+00:00,034020.KS,KRX,equity,81700.0,82100.0,81700.0,81800.0,25915.0,81800.0,81900.0,,,12480.0,13435.0,276.0,,,,
2026-10-01T00:14:00+00:00,003670.KS,KRX,equity,178700.0,179000.0,178600.0,178700.0,1394.0,178700.0,178800.0,,,904.0,490.0,53.0,,,,
2026-10-01T00:14:00+00:00,012330.KS,KRX,equity,380500.0,382000.0,379500.0,380000.0,5635.0,379500.0,380000.0,,,1642.0,3993.0,230.0,,,,
2026-10-01T00:14:00+00:00,068270.KS,KRX,equity,179500.0,179500.0,179200.0,179300.0,1115.0,179300.0,179300.0,,,202.0,913.0,43.0,,,,
2026-10-01T00:14:00+00:00,009540.KS,KRX,equity,322500.0,323000.0,321500.0,322000.0,630.0,322000.0,322000.0,,,350.0,280.0,54.0,,,,
2026-10-01T00:14:00+00:00,011070.KS,KRX,equity,563000.0,563000.0,560000.0,561000.0,1105.0,561000.0,561000.0,,,467.0,638.0,49.0,,,,
2026-10-01T00:14:00+00:00,012450.KS,KRX,equity,1012000.0,1014000.0,1012000.0,1013000.0,165.0,1014000.0,1015000.0,,,159.0,6.0,37.0,,,,
2026-10-01T00:14:00+00:00,042660.KS,KRX,equity,77600.0,77700.0,77600.0,77700.0,4546.0,77600.0,77700.0,,,1556.0,2990.0,175.0,,,,
2026-10-01T00:14:00+00:00,373220.KS,KRX,equity,355500.0,355500.0,354500.0,355000.0,532.0,354500.0,355000.0,,,50.0,482.0,22.0,,,,
2026-10-01T00:14:00+00:00,007660.KS,KRX,equity,115500.0,115600.0,115400.0,115600.0,1294.0,115500.0,115600.0,,,840.0,454.0,78.0,,,,
2026-10-01T00:14:00+00:00,015760.KS,KRX,equity,30050.0,30050.0,30000.0,30000.0,804.0,30000.0,30050.0,,,136.0,668.0,40.0,,,,
2026-10-01T00:14:00+00:00,093370.KS,KRX,equity,15200.0,15200.0,15120.0,15130.0,20828.0,15120.0,15130.0,,,5101.0,15727.0,229.0,,,,
2026-10-01T00:14:00+00:00,001440.KS,KRX,equity,29000.0,29000.0,28950.0,29000.0,4146.0,28950.0,29000.0,,,1815.0,2331.0,98.0,,,,
2026-10-01T00:14:00+00:00,095610.KQ,KOSDAQ,equity,172300.0,172400.0,172100.0,172200.0,2273.0,172100.0,172200.0,,,1351.0,922.0,100.0,,,,
2026-10-01T00:14:00+00:00,108490.KQ,KOSDAQ,equity,282000.0,283000.0,282000.0,282000.0,1190.0,281500.0,282000.0,,,202.0,988.0,65.0,,,,
2026-10-01T00:14:00+00:00,396300.KQ,KOSDAQ,equity,5490.0,5510.0,5490.0,5510.0,7190.0,5500.0,5510.0,,,5144.0,2046.0,33.0,,,,
2026-10-01T00:14:00+00:00,046970.KQ,KOSDAQ,equity,7260.0,7270.0,7210.0,7250.0,3329.0,7210.0,7250.0,,,1622.0,1707.0,23.0,,,,
2026-10-01T00:14:00+00:00,201490.KQ,KOSDAQ,equity,3445.0,3445.0,3440.0,3445.0,2337.0,3445.0,3450.0,,,1369.0,968.0,13.0,,,,
2026-10-01T00:14:00+00:00,005935.KS,KRX,equity,197500.0,197500.0,196900.0,197000.0,14857.0,197000.0,197100.0,,,5033.0,9824.0,260.0,,,,
2026-10-01T00:14:00+00:00,000270.KS,KRX,equity,114050.0,114100.0,113700.0,113700.0,1772.0,113700.0,113800.0,,,293.0,1479.0,59.0,,,,
2026-10-01T00:14:00+00:00,011200.KS,KRX,equity,21050.0,21100.0,21000.0,21050.0,5272.0,21000.0,21050.0,,,472.0,4800.0,32.0,,,,
2026-10-01T00:14:00+00:00,393210.KQ,KOSDAQ,equity,3375.0,3375.0,3360.0,3370.0,1781.0,3365.0,3370.0,,,109.0,1672.0,18.0,,,,
2026-10-01T00:14:00+00:00,047810.KS,KRX,equity,125900.0,125900.0,125800.0,125900.0,516.0,125800.0,125900.0,,,469.0,47.0,40.0,,,,
2026-10-01T00:14:00+00:00,051910.KS,KRX,equity,255250.0,255500.0,255000.0,255000.0,687.0,255000.0,255500.0,,,144.0,543.0,37.0,,,,
2026-10-01T00:14:00+00:00,055550.KS,KRX,equity,104900.0,105200.0,104700.0,105100.0,4459.0,105000.0,105100.0,,,2553.0,1906.0,70.0,,,,
2026-10-01T00:14:00+00:00,005830.KS,KRX,equity,182600.0,182800.0,182400.0,182800.0,619.0,182700.0,182800.0,,,346.0,273.0,31.0,,,,
2026-10-01T00:14:00+00:00,096770.KS,KRX,equity,146800.0,146900.0,146400.0,146500.0,2949.0,146500.0,146600.0,,,1483.0,1466.0,109.0,,,,
2026-10-01T00:14:00+00:00,066570.KS,KRX,equity,208500.0,208500.0,208000.0,208000.0,2214.0,208000.0,208500.0,,,656.0,1558.0,99.0,,,,
2026-10-01T00:14:00+00:00,278470.KS,KRX,equity,362000.0,362000.0,361500.0,361500.0,444.0,361500.0,362000.0,,,257.0,187.0,33.0,,,,
2026-10-01T00:14:00+00:00,0161M0.KQ,KOSDAQ,equity,16250.0,16280.0,16210.0,16230.0,3332.0,16220.0,16230.0,,,253.0,3079.0,61.0,,,,
2026-10-01T00:14:00+00:00,072950.KQ,KOSDAQ,equity,14780.0,14790.0,14730.0,14740.0,2486.0,14730.0,14740.0,,,801.0,1685.0,61.0,,,,
2026-10-01T00:14:00+00:00,326030.KS,KRX,equity,74300.0,74300.0,74200.0,74200.0,107.0,74200.0,74300.0,,,83.0,24.0,10.0,,,,
2026-10-01T00:14:00+00:00,028050.KS,KRX,equity,47500.0,47500.0,47350.0,47450.0,6590.0,47400.0,47450.0,,,1381.0,5209.0,66.0,,,,
2026-10-01T00:14:00+00:00,356680.KQ,KOSDAQ,equity,17740.0,17870.0,17730.0,17750.0,7090.0,17750.0,17770.0,,,1913.0,5177.0,75.0,,,,
2026-10-01T00:14:00+00:00,006360.KS,KRX,equity,33350.0,33400.0,33300.0,33350.0,6537.0,33300.0,33350.0,,,3039.0,3498.0,59.0,,,,
2026-10-01T00:14:00+00:00,272210.KS,KRX,equity,73200.0,73300.0,73200.0,73300.0,1116.0,73200.0,73300.0,,,198.0,918.0,60.0,,,,
2026-10-01T00:14:00+00:00,034730.KS,KRX,equity,580000.0,581000.0,579000.0,580000.0,575.0,579000.0,580000.0,,,226.0,349.0,24.0,,,,
2026-10-01T00:14:00+00:00,017670.KS,KRX,equity,85500.0,85600.0,85400.0,85500.0,1323.0,85500.0,85600.0,,,441.0,882.0,39.0,,,,
2026-10-01T00:14:00+00:00,011780.KS,KRX,equity,115300.0,115300.0,114900.0,114900.0,125.0,114900.0,115000.0,,,30.0,95.0,14.0,,,,
2026-10-01T00:14:00+00:00,000810.KS,KRX,equity,630000.0,630000.0,628000.0,629000.0,361.0,630000.0,629000.0,,,232.0,129.0,19.0,,,,
2026-10-01T00:14:00+00:00,207940.KS,KRX,equity,1393000.0,1393000.0,1390000.0,1391000.0,59.0,1391000.0,1393000.0,,,36.0,23.0,22.0,,,,
2026-10-01T00:14:00+00:00,021240.KS,KRX,equity,99200.0,99200.0,99100.0,99100.0,99.0,99100.0,99200.0,,,52.0,47.0,6.0,,,,
2026-10-01T00:14:00+00:00,035760.KQ,KOSDAQ,equity,36700.0,36700.0,36650.0,36650.0,203.0,36700.0,36750.0,,,0.0,203.0,6.0,,,,
2026-10-01T00:14:00+00:00,128940.KS,KRX,equity,497500.0,498000.0,496000.0,496500.0,707.0,496500.0,497000.0,,,243.0,464.0,34.0,,,,
2026-10-01T00:14:00+00:00,386380.KQ,KOSDAQ,equity,17790.0,17790.0,17720.0,17750.0,1760.0,17720.0,17750.0,,,509.0,1251.0,53.0,,,,
2026-10-01T00:14:00+00:00,003230.KS,KRX,equity,1215000.0,1216000.0,1212000.0,1212000.0,52.0,1212000.0,1213000.0,,,16.0,36.0,18.0,,,,
2026-10-01T00:14:00+00:00,032830.KS,KRX,equity,282000.0,282000.0,280500.0,282000.0,484.0,281000.0,282000.0,,,268.0,216.0,32.0,,,,
2026-10-01T00:14:00+00:00,011170.KS,KRX,equity,60600.0,60600.0,60400.0,60500.0,252.0,60400.0,60500.0,,,83.0,169.0,9.0,,,,
2026-10-01T00:14:00+00:00,478340.KQ,KOSDAQ,equity,13900.0,13940.0,13890.0,13930.0,653.0,13900.0,13910.0,,,368.0,285.0,21.0,,,,
2026-10-01T00:14:00+00:00,180640.KS,KRX,equity,131600.0,131600.0,131300.0,131600.0,171.0,131500.0,131600.0,,,120.0,51.0,15.0,,,,
2026-10-01T00:05:00+00:00,ES=F,CME,index_future,7740.5,7740.75,7739.25,7739.25,0.0,,,,,,,,,,,
2026-10-01T00:05:46+00:00,ES=F,CME,index_future,7739.25,7739.25,7739.25,7739.25,0.0,,,,,,,,,,,
2026-10-01T00:05:00+00:00,NQ=F,CME,index_future,30797.0,30801.5,30790.0,30792.0,0.0,,,,,,,,,,,
2026-10-01T00:05:50+00:00,NQ=F,CME,index_future,30792.75,30792.75,30792.75,30792.75,0.0,,,,,,,,,,,
2026-10-01T00:05:00+00:00,GC=F,COMEX,commodity_future,4180.7998046875,4181.7998046875,4180.60009765625,4181.39990234375,0.0,,,,,,,,,,,
2026-10-01T00:05:47+00:00,GC=F,COMEX,commodity_future,4181.60009765625,4181.60009765625,4181.60009765625,4181.60009765625,0.0,,,,,,,,,,,
2026-10-01T00:05:00+00:00,SI=F,COMEX,commodity_future,60.54499816894531,60.560001373291016,60.52999877929688,60.52999877929688,0.0,,,,,,,,,,,
2026-10-01T00:05:38+00:00,SI=F,COMEX,commodity_future,60.52999877929688,60.52999877929688,60.52999877929688,60.52999877929688,0.0,,,,,,,,,,,
2026-10-01T00:05:00+00:00,CL=F,NYMEX,commodity_future,90.13999938964844,90.1999969482422,90.12999725341795,90.19000244140624,0.0,,,,,,,,,,,
2026-10-01T00:05:42+00:00,CL=F,NYMEX,commodity_future,90.1500015258789,90.1500015258789,90.1500015258789,90.1500015258789,0.0,,,,,,,,,,,
2026-10-01T00:05:00+00:00,HG=F,COMEX,commodity_future,6.625,6.626999855041504,6.625,6.625999927520752,0.0,,,,,,,,,,,
2026-10-01T00:05:38+00:00,HG=F,COMEX,commodity_future,6.626999855041504,6.626999855041504,6.626999855041504,6.626999855041504,0.0,,,,,,,,,,,
2026-10-01T00:13:00+00:00,EURUSD=X,FX,currency,1.1334012746810913,1.1334012746810913,1.1334012746810913,1.1334012746810913,0.0,,,,,,,,,,,
2026-10-01T00:14:00+00:00,KRW=X,FX,currency,1358.47998046875,1358.5799560546875,1358.1800537109375,1358.3800048828125,0.0,,,,,,,,,,,
2026-10-01T00:14:00+00:00,JPY=X,FX,currency,157.7030029296875,157.72999572753906,157.69500732421875,157.7270050048828,0.0,,,,,,,,,,,
2026-10-01T00:13:00+00:00,GBPUSD=X,FX,currency,1.3264182806015017,1.3264182806015017,1.3264182806015017,1.3264182806015017,0.0,,,,,,,,,,,
2026-10-01T00:15:00+00:00,BTC-USD,CRYPTO,crypto,83450.1,83467.4,83421.7,83421.7,0.19035699,,,,,,,102.0,,,,
2026-10-01T00:15:00+00:00,ETH-USD,CRYPTO,crypto,2680.88,2680.88,2679.77,2679.77,1.15178113,,,,,,,19.0,,,,
2026-10-01T00:15:00+00:00,052690.KS,KRX,equity,126100.0,126900.0,126000.0,126900.0,2923.0,126800.0,126900.0,,,1525.0,1398.0,196.0,,,,
2026-10-01T00:15:00+00:00,067310.KQ,KOSDAQ,equity,48400.0,49000.0,48400.0,48950.0,49419.0,48950.0,49000.0,,,28719.0,20700.0,409.0,,,,
2026-10-01T00:15:00+00:00,115440.KQ,KOSDAQ,equity,11350.0,11380.0,11310.0,11310.0,4061.0,11310.0,11330.0,,,480.0,3581.0,28.0,,,,
2026-10-01T00:15:00+00:00,043260.KQ,KOSDAQ,equity,27450.0,27900.0,27400.0,27700.0,96808.0,27650.0,27700.0,,,65378.0,31430.0,743.0,,,,
2026-10-01T00:15:00+00:00,000720.KS,KRX,equity,115900.0,116300.0,115600.0,116100.0,8349.0,116100.0,116200.0,,,3820.0,4529.0,203.0,,,,
2026-10-01T00:15:00+00:00,005490.KS,KRX,equity,305500.0,305500.0,305000.0,305500.0,1028.0,305000.0,305500.0,,,812.0,216.0,81.0,,,,
2026-10-01T00:15:00+00:00,010120.KS,KRX,equity,200750.0,200750.0,200000.0,200000.0,9315.0,200000.0,200500.0,,,1558.0,7757.0,124.0,,,,
2026-10-01T00:15:00+00:00,012330.KS,KRX,equity,380000.0,381000.0,378500.0,378500.0,5362.0,378500.0,379000.0,,,1218.0,4144.0,203.0,,,,
2026-10-01T00:15:00+00:00,0161M0.KQ,KOSDAQ,equity,16230.0,16390.0,16220.0,16390.0,4239.0,16350.0,16390.0,,,2274.0,1965.0,260.0,,,,
2026-10-01T00:15:00+00:00,030200.KS,KRX,equity,51600.0,51700.0,51500.0,51600.0,1798.0,51600.0,51600.0,,,1097.0,701.0,109.0,,,,
2026-10-01T00:15:00+00:00,033780.KS,KRX,equity,176400.0,177300.0,176400.0,177300.0,1515.0,177200.0,177100.0,,,1452.0,63.0,35.0,,,,
2026-10-01T00:15:00+00:00,034020.KS,KRX,equity,81900.0,82200.0,81800.0,82100.0,20763.0,82100.0,82200.0,,,14346.0,6417.0,277.0,,,,
2026-10-01T00:15:00+00:00,036540.KQ,KOSDAQ,equity,11080.0,11180.0,11080.0,11140.0,74449.0,11140.0,11150.0,,,43519.0,30930.0,545.0,,,,
2026-10-01T00:15:00+00:00,042660.KS,KRX,equity,77600.0,77700.0,77200.0,77500.0,26806.0,77400.0,77500.0,,,4416.0,22390.0,171.0,,,,
2026-10-01T00:15:00+00:00,298040.KS,KRX,equity,2716000.0,2716000.0,2707000.0,2712000.0,684.0,2713000.0,2712000.0,,,99.0,585.0,98.0,,,,
2026-10-01T00:15:00+00:00,316140.KS,KRX,equity,33200.0,33300.0,33150.0,33250.0,7730.0,33250.0,33300.0,,,5251.0,2479.0,103.0,,,,
2026-10-01T00:15:00+00:00,005930.KS,KRX,equity,267750.0,268000.0,267000.0,267500.0,38055.0,267000.0,267500.0,,,8994.0,29061.0,534.0,,,,
2026-10-01T00:15:00+00:00,009830.KS,KRX,equity,33350.0,33450.0,33250.0,33400.0,22154.0,33350.0,33400.0,,,9662.0,12492.0,257.0,,,,
2026-10-01T00:15:00+00:00,005380.KS,KRX,equity,345500.0,345500.0,345000.0,345000.0,2467.0,345000.0,345500.0,,,1830.0,637.0,147.0,,,,
2026-10-01T00:15:00+00:00,222800.KQ,KOSDAQ,equity,150050.0,150500.0,149000.0,149300.0,5243.0,149100.0,149300.0,,,979.0,4264.0,194.0,,,,
2026-10-01T00:15:00+00:00,353200.KS,KRX,equity,132200.0,132300.0,131400.0,131600.0,4492.0,131600.0,131800.0,,,381.0,4111.0,95.0,,,,
2026-10-01T00:15:00+00:00,010170.KQ,KOSDAQ,equity,16420.0,16420.0,16390.0,16400.0,14972.0,16390.0,16400.0,,,4548.0,10424.0,187.0,,,,
2026-10-01T00:15:00+00:00,021240.KS,KRX,equity,99100.0,99800.0,99100.0,99800.0,406.0,99700.0,99500.0,,,349.0,57.0,30.0,,,,
2026-10-01T00:15:00+00:00,068270.KS,KRX,equity,179300.0,180300.0,179200.0,180300.0,2805.0,180200.0,180300.0,,,1956.0,849.0,65.0,,,,
2026-10-01T00:15:00+00:00,103590.KS,KRX,equity,80600.0,81000.0,80400.0,80600.0,2533.0,80600.0,80600.0,,,1243.0,1290.0,79.0,,,,
2026-10-01T00:15:00+00:00,403870.KQ,KOSDAQ,equity,66300.0,66500.0,65500.0,65500.0,50197.0,65500.0,65600.0,,,23332.0,26865.0,708.0,,,,
2026-10-01T00:15:00+00:00,042700.KS,KRX,equity,261000.0,261500.0,259000.0,259500.0,12684.0,259000.0,259500.0,,,4393.0,8291.0,341.0,,,,
2026-10-01T00:15:00+00:00,080220.KQ,KOSDAQ,equity,79300.0,79500.0,79200.0,79300.0,7308.0,79200.0,79300.0,,,4498.0,2810.0,156.0,,,,
2026-10-01T00:15:00+00:00,240810.KQ,KOSDAQ,equity,137000.0,137100.0,136100.0,136100.0,11106.0,136100.0,136200.0,,,4771.0,6335.0,335.0,,,,
2026-10-01T00:15:00+00:00,402340.KS,KRX,equity,1108000.0,1108000.0,1100000.0,1101000.0,2572.0,1101000.0,1101000.0,,,536.0,2036.0,203.0,,,,
2026-10-01T00:15:00+00:00,440110.KQ,KOSDAQ,equity,83800.0,84000.0,83800.0,83900.0,1264.0,83900.0,84000.0,,,1021.0,243.0,66.0,,,,
2026-10-01T00:15:00+00:00,089970.KQ,KOSDAQ,equity,64650.0,64700.0,64200.0,64600.0,11588.0,64600.0,64700.0,,,5684.0,5904.0,151.0,,,,
2026-10-01T00:15:00+00:00,006400.KS,KRX,equity,509000.0,509000.0,507000.0,507000.0,1811.0,507000.0,508000.0,,,208.0,1603.0,86.0,,,,
2026-10-01T00:15:00+00:00,007660.KS,KRX,equity,115500.0,115700.0,114900.0,115000.0,8870.0,114900.0,115000.0,,,857.0,8013.0,91.0,,,,
2026-10-01T00:15:00+00:00,010140.KS,KRX,equity,19420.0,19430.0,19400.0,19410.0,19614.0,19400.0,19410.0,,,11983.0,7631.0,277.0,,,,
2026-10-01T00:15:00+00:00,011070.KS,KRX,equity,561000.0,561000.0,559000.0,559000.0,412.0,560000.0,561000.0,,,129.0,283.0,33.0,,,,
2026-10-01T00:15:00+00:00,012450.KS,KRX,equity,1015000.0,1015000.0,1009000.0,1011000.0,1203.0,1011000.0,1011000.0,,,318.0,885.0,59.0,,,,
2026-10-01T00:15:00+00:00,015760.KS,KRX,equity,30000.0,30075.0,30000.0,30050.0,7007.0,30000.0,30050.0,,,5143.0,1864.0,73.0,,,,
2026-10-01T00:15:00+00:00,028260.KS,KRX,equity,341500.0,342000.0,340500.0,341000.0,1730.0,341000.0,341500.0,,,1063.0,667.0,35.0,,,,
2026-10-01T00:15:00+00:00,047040.KS,KRX,equity,17490.0,17590.0,17470.0,17580.0,61706.0,17570.0,17590.0,,,44709.0,16997.0,251.0,,,,
2026-10-01T00:15:00+00:00,000660.KS,KRX,equity,1773000.0,1774000.0,1768000.0,1769000.0,6905.0,1769000.0,1769000.0,,,3112.0,3793.0,332.0,,,,
2026-10-01T00:15:00+00:00,005830.KS,KRX,equity,182800.0,183300.0,182600.0,182800.0,334.0,182800.0,183100.0,,,237.0,97.0,35.0,,,,
2026-10-01T00:15:00+00:00,035420.KS,KRX,equity,192100.0,192100.0,191600.0,191900.0,10353.0,191900.0,191900.0,,,2938.0,7415.0,251.0,,,,
2026-10-01T00:15:00+00:00,096770.KS,KRX,equity,146600.0,146800.0,146500.0,146600.0,1701.0,146600.0,146700.0,,,1042.0,659.0,77.0,,,,
2026-10-01T00:15:00+00:00,267250.KS,KRX,equity,198800.0,199200.0,198800.0,199100.0,1139.0,199100.0,199200.0,,,920.0,219.0,35.0,,,,
2026-10-01T00:15:00+00:00,319660.KQ,KOSDAQ,equity,153000.0,153200.0,151500.0,152200.0,2137.0,151900.0,152100.0,,,1115.0,1022.0,107.0,,,,
2026-10-01T00:15:00+00:00,066570.KS,KRX,equity,208000.0,208500.0,207500.0,208000.0,6991.0,207500.0,208000.0,,,621.0,6370.0,131.0,,,,
2026-10-01T00:15:00+00:00,386380.KQ,KOSDAQ,equity,17730.0,17750.0,17720.0,17730.0,1590.0,17730.0,17750.0,,,531.0,1059.0,31.0,,,,
2026-10-01T00:15:00+00:00,272210.KS,KRX,equity,73300.0,73300.0,72800.0,73000.0,10688.0,73000.0,73100.0,,,3826.0,6862.0,73.0,,,,
2026-10-01T00:15:00+00:00,030530.KQ,KOSDAQ,equity,26800.0,26850.0,26750.0,26800.0,6452.0,26750.0,26850.0,,,2188.0,4264.0,83.0,,,,
2026-10-01T00:15:00+00:00,128940.KS,KRX,equity,496500.0,496500.0,495500.0,496000.0,204.0,495500.0,496000.0,,,39.0,165.0,21.0,,,,
2026-10-01T00:15:00+00:00,036930.KQ,KOSDAQ,equity,230500.0,231500.0,230500.0,231000.0,4445.0,231000.0,231500.0,,,2825.0,1620.0,184.0,,,,
2026-10-01T00:15:00+00:00,058470.KQ,KOSDAQ,equity,75400.0,75500.0,74900.0,75000.0,20734.0,74900.0,75000.0,,,11414.0,9320.0,226.0,,,,
2026-10-01T00:15:00+00:00,001440.KS,KRX,equity,28950.0,29000.0,28950.0,29000.0,7173.0,28950.0,29000.0,,,1721.0,5452.0,88.0,,,,
2026-10-01T00:15:00+00:00,009150.KS,KRX,equity,1482000.0,1482000.0,1475000.0,1477000.0,3306.0,1477000.0,1476000.0,,,725.0,2581.0,305.0,,,,
2026-10-01T00:15:00+00:00,055550.KS,KRX,equity,105000.0,105200.0,104800.0,105100.0,3298.0,105100.0,105200.0,,,1497.0,1801.0,48.0,,,,
2026-10-01T00:15:00+00:00,093370.KS,KRX,equity,15120.0,15230.0,15100.0,15120.0,37299.0,15120.0,15130.0,,,20435.0,16864.0,219.0,,,,
2026-10-01T00:15:00+00:00,001820.KS,KRX,equity,151800.0,151900.0,151000.0,151200.0,3764.0,151200.0,151400.0,,,2656.0,1108.0,240.0,,,,
2026-10-01T00:15:00+00:00,278470.KS,KRX,equity,361500.0,363000.0,361500.0,362000.0,929.0,362000.0,362500.0,,,534.0,395.0,32.0,,,,
2026-10-01T00:15:00+00:00,003670.KS,KRX,equity,178800.0,178900.0,178400.0,178700.0,1425.0,178700.0,178800.0,,,619.0,806.0,65.0,,,,
2026-10-01T00:15:00+00:00,950260.KQ,KOSDAQ,equity,26900.0,26900.0,26250.0,26400.0,25760.0,26400.0,26450.0,,,6869.0,18891.0,146.0,,,,
2026-10-01T00:15:00+00:00,032830.KS,KRX,equity,281500.0,282000.0,281000.0,281000.0,283.0,281000.0,281000.0,,,47.0,236.0,12.0,,,,
2026-10-01T00:15:00+00:00,051910.KS,KRX,equity,255000.0,256000.0,254500.0,255500.0,1185.0,255500.0,256000.0,,,820.0,365.0,45.0,,,,
2026-10-01T00:15:00+00:00,0010S0.KQ,KOSDAQ,equity,19620.0,19690.0,19540.0,19650.0,16349.0,19650.0,19680.0,,,5248.0,11101.0,138.0,,,,
2026-10-01T00:15:00+00:00,000270.KS,KRX,equity,113700.0,113800.0,113400.0,113500.0,4663.0,113600.0,113700.0,,,2189.0,2474.0,65.0,,,,
2026-10-01T00:15:00+00:00,017670.KS,KRX,equity,85500.0,85600.0,85500.0,85500.0,918.0,85500.0,85600.0,,,747.0,171.0,30.0,,,,
2026-10-01T00:15:00+00:00,095610.KQ,KOSDAQ,equity,172200.0,172800.0,172000.0,172300.0,2673.0,172300.0,172300.0,,,1868.0,805.0,122.0,,,,
2026-10-01T00:15:00+00:00,329180.KS,KRX,equity,430000.0,430500.0,429500.0,429500.0,1289.0,429500.0,430000.0,,,910.0,379.0,47.0,,,,
2026-10-01T00:15:00+00:00,387690.KQ,KOSDAQ,equity,19780.0,19810.0,19680.0,19720.0,2653.0,19690.0,19720.0,,,858.0,1795.0,60.0,,,,
2026-10-01T00:15:00+00:00,003230.KS,KRX,equity,1212000.0,1220000.0,1212000.0,1220000.0,122.0,1219000.0,1220000.0,,,113.0,9.0,24.0,,,,
2026-10-01T00:15:00+00:00,072950.KQ,KOSDAQ,equity,14730.0,14770.0,14720.0,14770.0,3945.0,14750.0,14770.0,,,1392.0,2553.0,58.0,,,,
2026-10-01T00:15:00+00:00,003490.KS,KRX,equity,31550.0,31600.0,31500.0,31500.0,8115.0,31500.0,31550.0,,,156.0,7959.0,50.0,,,,
2026-10-01T00:15:00+00:00,006360.KS,KRX,equity,33300.0,33350.0,33300.0,33350.0,2221.0,33350.0,33400.0,,,1246.0,975.0,36.0,,,,
2026-10-01T00:15:00+00:00,035720.KS,KRX,equity,33350.0,33350.0,33300.0,33350.0,1400.0,33300.0,33350.0,,,960.0,440.0,40.0,,,,
2026-10-01T00:15:00+00:00,005935.KS,KRX,equity,197100.0,197300.0,196700.0,197000.0,13747.0,196600.0,197000.0,,,4379.0,9368.0,213.0,,,,
2026-10-01T00:15:00+00:00,000150.KS,KRX,equity,1400000.0,1402000.0,1394000.0,1394000.0,797.0,1393000.0,1394000.0,,,122.0,675.0,71.0,,,,
2026-10-01T00:15:00+00:00,396300.KQ,KOSDAQ,equity,5510.0,5510.0,5450.0,5450.0,8870.0,5460.0,5470.0,,,1254.0,7616.0,46.0,,,,
2026-10-01T00:15:00+00:00,035760.KQ,KOSDAQ,equity,36650.0,36650.0,36550.0,36600.0,232.0,36550.0,36600.0,,,80.0,152.0,7.0,,,,
2026-10-01T00:15:00+00:00,105560.KS,KRX,equity,168300.0,168300.0,167700.0,168100.0,11652.0,168000.0,168100.0,,,4460.0,7192.0,113.0,,,,
2026-10-01T00:15:00+00:00,034730.KS,KRX,equity,579500.0,580000.0,579000.0,579000.0,303.0,579000.0,579000.0,,,16.0,287.0,19.0,,,,
2026-10-01T00:15:00+00:00,356680.KQ,KOSDAQ,equity,17770.0,17800.0,17700.0,17700.0,4332.0,17700.0,17710.0,,,1103.0,3229.0,43.0,,,,
2026-10-01T00:15:00+00:00,393210.KQ,KOSDAQ,equity,3370.0,3370.0,3355.0,3355.0,4326.0,3360.0,3365.0,,,260.0,4066.0,19.0,,,,
2026-10-01T00:15:00+00:00,028050.KS,KRX,equity,47400.0,47450.0,47300.0,47400.0,8973.0,47350.0,47400.0,,,5224.0,3749.0,68.0,,,,
2026-10-01T00:15:00+00:00,009540.KS,KRX,equity,322000.0,322000.0,321500.0,321500.0,644.0,321500.0,322000.0,,,285.0,359.0,34.0,,,,
2026-10-01T00:15:00+00:00,373220.KS,KRX,equity,355000.0,355000.0,354500.0,355000.0,284.0,354500.0,355000.0,,,28.0,256.0,16.0,,,,
2026-10-01T00:15:00+00:00,251270.KS,KRX,equity,35000.0,35000.0,34950.0,35000.0,43.0,34950.0,35000.0,,,42.0,1.0,20.0,,,,
2026-10-01T00:15:00+00:00,011200.KS,KRX,equity,21050.0,21050.0,21000.0,21050.0,2914.0,21000.0,21050.0,,,2271.0,643.0,26.0,,,,
2026-10-01T00:15:00+00:00,010950.KS,KRX,equity,156700.0,157200.0,156700.0,157100.0,584.0,157000.0,157100.0,,,319.0,265.0,33.0,,,,
2026-10-01T00:15:00+00:00,478340.KQ,KOSDAQ,equity,13930.0,13940.0,13900.0,13920.0,459.0,13920.0,13940.0,,,156.0,303.0,13.0,,,,
2026-10-01T00:15:00+00:00,018260.KS,KRX,equity,217500.0,217500.0,217000.0,217000.0,26.0,217000.0,217500.0,,,2.0,24.0,11.0,,,,
2026-10-01T00:15:00+00:00,003550.KS,KRX,equity,109600.0,109700.0,109400.0,109700.0,800.0,109500.0,109700.0,,,439.0,361.0,17.0,,,,
2026-10-01T00:15:00+00:00,108490.KQ,KOSDAQ,equity,282000.0,282000.0,281000.0,281000.0,841.0,281000.0,281500.0,,,186.0,655.0,67.0,,,,
2026-10-01T00:15:00+00:00,010060.KS,KRX,equity,216500.0,216500.0,215500.0,216000.0,1053.0,216000.0,216500.0,,,246.0,807.0,47.0,,,,
2026-10-01T00:15:00+00:00,024110.KS,KRX,equity,20100.0,20100.0,20100.0,20100.0,1370.0,20050.0,20100.0,,,1369.0,1.0,27.0,,,,
2026-10-01T00:15:00+00:00,086790.KS,KRX,equity,129200.0,129500.0,129000.0,129400.0,1028.0,129400.0,129400.0,,,391.0,637.0,28.0,,,,
2026-10-01T00:15:00+00:00,207940.KS,KRX,equity,1391000.0,1395000.0,1391000.0,1391000.0,161.0,1392000.0,1393000.0,,,119.0,42.0,18.0,,,,
2026-10-01T00:15:00+00:00,046970.KQ,KOSDAQ,equity,7240.0,7260.0,7200.0,7200.0,6351.0,7210.0,7250.0,,,4156.0,2195.0,25.0,,,,
2026-10-01T00:15:00+00:00,047810.KS,KRX,equity,125900.0,126000.0,125400.0,125600.0,3490.0,125600.0,125700.0,,,1352.0,2138.0,83.0,,,,
2026-10-01T00:15:00+00:00,326030.KS,KRX,equity,74300.0,74300.0,74300.0,74300.0,268.0,74300.0,74400.0,,,243.0,25.0,8.0,,,,
2026-10-01T00:15:00+00:00,000810.KS,KRX,equity,630000.0,632000.0,629000.0,630000.0,61.0,630000.0,630000.0,,,56.0,5.0,11.0,,,,
2026-10-01T00:15:00+00:00,180640.KS,KRX,equity,131700.0,132300.0,131700.0,132000.0,158.0,132100.0,132200.0,,,47.0,111.0,14.0,,,,
2026-10-01T00:15:00+00:00,201490.KQ,KOSDAQ,equity,3445.0,3445.0,3430.0,3430.0,3676.0,3430.0,3435.0,,,804.0,2872.0,15.0,,,,
2026-10-01T00:15:00+00:00,419050.KQ,KOSDAQ,equity,1839.0,1840.0,1832.0,1837.0,4828.0,1832.0,1837.0,,,1707.0,3121.0,77.0,,,,
2026-10-01T00:15:00+00:00,011170.KS,KRX,equity,60400.0,60600.0,60400.0,60600.0,105.0,60500.0,60600.0,,,17.0,88.0,7.0,,,,
2026-10-01T00:15:00+00:00,011780.KS,KRX,equity,114900.0,115100.0,114900.0,114900.0,32.0,114900.0,115100.0,,,22.0,10.0,5.0,,,,
2026-10-01T00:00:00+00:00,^N225,Japan,index,67106.5234375,67199.0703125,67081.65625,67166.203125,0.0,,,,,,,,,,,
2026-10-01T00:01:45+00:00,^N225,Japan,index,67212.6328125,67212.6328125,67212.6328125,67212.6328125,0.0,,,,,,,,,,,
2026-10-01T00:06:00+00:00,ES=F,CME,index_future,7739.25,7740.75,7738.5,7740.75,0.0,,,,,,,,,,,
2026-10-01T00:06:47+00:00,ES=F,CME,index_future,7740.25,7740.25,7740.25,7740.25,0.0,,,,,,,,,,,
2026-10-01T00:06:00+00:00,NQ=F,CME,index_future,30791.75,30802.25,30787.25,30800.0,0.0,,,,,,,,,,,
2026-10-01T00:06:49+00:00,NQ=F,CME,index_future,30799.75,30799.75,30799.75,30799.75,0.0,,,,,,,,,,,
2026-10-01T00:06:00+00:00,GC=F,COMEX,commodity_future,4181.10009765625,4182.0,4181.0,4181.2998046875,0.0,,,,,,,,,,,
2026-10-01T00:06:40+00:00,GC=F,COMEX,commodity_future,4181.7001953125,4181.7001953125,4181.7001953125,4181.7001953125,0.0,,,,,,,,,,,
2026-10-01T00:06:00+00:00,SI=F,COMEX,commodity_future,60.54499816894531,60.54999923706055,60.54499816894531,60.54999923706055,0.0,,,,,,,,,,,
2026-10-01T00:06:37+00:00,SI=F,COMEX,commodity_future,60.54999923706055,60.54999923706055,60.54999923706055,60.54999923706055,0.0,,,,,,,,,,,
2026-10-01T00:06:00+00:00,CL=F,NYMEX,commodity_future,90.18000030517578,90.25,90.16000366210938,90.1999969482422,0.0,,,,,,,,,,,
2026-10-01T00:06:37+00:00,CL=F,NYMEX,commodity_future,90.18000030517578,90.18000030517578,90.18000030517578,90.18000030517578,0.0,,,,,,,,,,,
2026-10-01T00:06:00+00:00,HG=F,COMEX,commodity_future,6.625999927520752,6.629000186920166,6.625999927520752,6.627500057220459,0.0,,,,,,,,,,,
2026-10-01T00:06:44+00:00,HG=F,COMEX,commodity_future,6.629000186920166,6.629000186920166,6.629000186920166,6.629000186920166,0.0,,,,,,,,,,,
2026-10-01T00:14:00+00:00,EURUSD=X,FX,currency,1.1332728862762451,1.1332728862762451,1.1332728862762451,1.1332728862762451,0.0,,,,,,,,,,,
2026-10-01T00:15:00+00:00,KRW=X,FX,currency,1358.3299560546875,1358.780029296875,1358.280029296875,1358.280029296875,0.0,,,,,,,,,,,
2026-10-01T00:15:00+00:00,JPY=X,FX,currency,157.72799682617188,157.74200439453125,157.68800354003906,157.697998046875,0.0,,,,,,,,,,,
2026-10-01T00:14:00+00:00,GBPUSD=X,FX,currency,1.326383113861084,1.326383113861084,1.326383113861084,1.326383113861084,0.0,,,,,,,,,,,
2026-10-01T00:16:00+00:00,BTC-USD,CRYPTO,crypto,83419.7,83448.7,83400.0,83400.1,2.00852574,,,,,,,116.0,,,,
2026-10-01T00:16:00+00:00,ETH-USD,CRYPTO,crypto,2679.52,2681.0,2679.09,2679.09,36.52066293,,,,,,,57.0,,,,
2026-10-01T00:16:00+00:00,042700.KS,KRX,equity,259500.0,259500.0,258500.0,259000.0,2182.0,259000.0,259000.0,,,343.0,1839.0,57.0,,,,
2026-10-01T00:16:00+00:00,001440.KS,KRX,equity,28950.0,29000.0,28950.0,28950.0,258.0,28950.0,29000.0,,,86.0,172.0,13.0,,,,
2026-10-01T00:16:00+00:00,005930.KS,KRX,equity,267000.0,267000.0,266500.0,266750.0,3234.0,266500.0,267000.0,,,728.0,2506.0,80.0,,,,
2026-10-01T00:16:00+00:00,009830.KS,KRX,equity,33600.0,33650.0,33550.0,33650.0,1701.0,33550.0,33600.0,,,1116.0,585.0,41.0,,,,
2026-10-01T00:16:00+00:00,012330.KS,KRX,equity,378000.0,378000.0,377500.0,378000.0,57.0,377500.0,378000.0,,,25.0,32.0,19.0,,,,
2026-10-01T00:16:00+00:00,012450.KS,KRX,equity,1012000.0,1012000.0,1012000.0,1012000.0,4.0,1012000.0,1012000.0,,,0.0,4.0,1.0,,,,
2026-10-01T00:16:00+00:00,0161M0.KQ,KOSDAQ,equity,16320.0,16360.0,16320.0,16340.0,206.0,16330.0,16340.0,,,117.0,89.0,80.0,,,,
2026-10-01T00:16:00+00:00,030200.KS,KRX,equity,51700.0,51700.0,51600.0,51700.0,46.0,51600.0,51700.0,,,46.0,0.0,13.0,,,,
2026-10-01T00:16:00+00:00,042660.KS,KRX,equity,77500.0,77500.0,77400.0,77500.0,2422.0,77400.0,77500.0,,,1493.0,929.0,21.0,,,,
2026-10-01T00:16:00+00:00,043260.KQ,KOSDAQ,equity,27350.0,27350.0,27300.0,27300.0,11418.0,27300.0,27350.0,,,4254.0,7164.0,124.0,,,,
2026-10-01T00:16:00+00:00,067310.KQ,KOSDAQ,equity,49225.0,49350.0,49150.0,49200.0,13449.0,49150.0,49200.0,,,4521.0,8928.0,134.0,,,,
2026-10-01T00:16:00+00:00,095610.KQ,KOSDAQ,equity,171500.0,171500.0,171300.0,171500.0,56.0,171300.0,171500.0,,,38.0,18.0,23.0,,,,
2026-10-01T00:16:00+00:00,272210.KS,KRX,equity,73100.0,73200.0,73100.0,73100.0,264.0,73100.0,73200.0,,,240.0,24.0,7.0,,,,
2026-10-01T00:16:00+00:00,329180.KS,KRX,equity,430000.0,430000.0,429500.0,430000.0,46.0,429500.0,430000.0,,,45.0,1.0,5.0,,,,
2026-10-01T00:16:00+00:00,393210.KQ,KOSDAQ,equity,3370.0,3370.0,3360.0,3365.0,478.0,3360.0,3365.0,,,443.0,35.0,58.0,,,,
2026-10-01T00:16:00+00:00,222800.KQ,KOSDAQ,equity,148900.0,149400.0,148800.0,148800.0,492.0,148800.0,148900.0,,,332.0,160.0,34.0,,,,
2026-10-01T00:16:00+00:00,000720.KS,KRX,equity,116200.0,116200.0,115900.0,116000.0,1577.0,115900.0,116000.0,,,233.0,1344.0,29.0,,,,
2026-10-01T00:16:00+00:00,128940.KS,KRX,equity,496000.0,496500.0,496000.0,496500.0,16.0,496000.0,496500.0,,,7.0,9.0,3.0,,,,
2026-10-01T00:16:00+00:00,403870.KQ,KOSDAQ,equity,65600.0,65600.0,65400.0,65500.0,6180.0,65400.0,65500.0,,,893.0,5287.0,54.0,,,,
2026-10-01T00:16:00+00:00,066570.KS,KRX,equity,207000.0,207500.0,207000.0,207500.0,340.0,207000.0,207500.0,,,62.0,278.0,27.0,,,,
2026-10-01T00:16:00+00:00,003490.KS,KRX,equity,31500.0,31525.0,31450.0,31450.0,9795.0,31450.0,31500.0,,,8.0,9787.0,13.0,,,,
2026-10-01T00:16:00+00:00,005380.KS,KRX,equity,344500.0,345000.0,344500.0,345000.0,232.0,344500.0,345000.0,,,59.0,173.0,29.0,,,,
2026-10-01T00:16:00+00:00,034020.KS,KRX,equity,82100.0,82100.0,82000.0,82100.0,2731.0,82000.0,82100.0,,,2542.0,189.0,43.0,,,,
2026-10-01T00:16:00+00:00,047040.KS,KRX,equity,17590.0,17600.0,17580.0,17590.0,2913.0,17580.0,17590.0,,,1507.0,1406.0,21.0,,,,
2026-10-01T00:16:00+00:00,035420.KS,KRX,equity,191900.0,192000.0,191900.0,192000.0,263.0,191900.0,192000.0,,,4.0,259.0,14.0,,,,
2026-10-01T00:16:00+00:00,093370.KS,KRX,equity,15010.0,15015.0,15000.0,15010.0,3306.0,15000.0,15010.0,,,575.0,2731.0,31.0,,,,
2026-10-01T00:16:00+00:00,000660.KS,KRX,equity,1768000.0,1768000.0,1766000.0,1767000.0,401.0,1767000.0,1768000.0,,,111.0,290.0,60.0,,,,
2026-10-01T00:16:00+00:00,006360.KS,KRX,equity,33350.0,33350.0,33350.0,33350.0,396.0,33350.0,33400.0,,,0.0,396.0,5.0,,,,
2026-10-01T00:16:00+00:00,036540.KQ,KOSDAQ,equity,11120.0,11160.0,11120.0,11160.0,8212.0,11150.0,11160.0,,,7244.0,968.0,48.0,,,,
2026-10-01T00:16:00+00:00,240810.KQ,KOSDAQ,equity,136000.0,136000.0,135800.0,135900.0,427.0,135800.0,135900.0,,,267.0,160.0,37.0,,,,
2026-10-01T00:16:00+00:00,009150.KS,KRX,equity,1476000.0,1476000.0,1475000.0,1476000.0,201.0,1475000.0,1476000.0,,,74.0,127.0,32.0,,,,
2026-10-01T00:16:00+00:00,386380.KQ,KOSDAQ,equity,17670.0,17670.0,17660.0,17670.0,79.0,17660.0,17670.0,,,69.0,10.0,14.0,,,,
2026-10-01T00:16:00+00:00,402340.KS,KRX,equity,1101000.0,1101000.0,1100000.0,1101000.0,72.0,1101000.0,1101000.0,,,68.0,4.0,21.0,,,,
2026-10-01T00:16:00+00:00,033780.KS,KRX,equity,177200.0,177300.0,177200.0,177300.0,97.0,177200.0,177300.0,,,87.0,10.0,4.0,,,,
2026-10-01T00:16:00+00:00,108490.KQ,KOSDAQ,equity,280000.0,280500.0,279500.0,280000.0,2034.0,279500.0,280000.0,,,57.0,1977.0,26.0,,,,
2026-10-01T00:16:00+00:00,316140.KS,KRX,equity,33300.0,33350.0,33250.0,33300.0,1858.0,33300.0,33350.0,,,1405.0,453.0,34.0,,,,
2026-10-01T00:16:00+00:00,036930.KQ,KOSDAQ,equity,231500.0,231500.0,231000.0,231000.0,189.0,231000.0,231500.0,,,53.0,136.0,22.0,,,,
2026-10-01T00:16:00+00:00,419050.KQ,KOSDAQ,equity,1836.0,1836.0,1831.0,1836.0,692.0,1832.0,1833.0,,,175.0,517.0,11.0,,,,
2026-10-01T00:16:00+00:00,005935.KS,KRX,equity,196100.0,196100.0,196000.0,196050.0,570.0,196000.0,196100.0,,,159.0,411.0,30.0,,,,
2026-10-01T00:16:00+00:00,058470.KQ,KOSDAQ,equity,75100.0,75100.0,74900.0,75000.0,1920.0,74900.0,75000.0,,,444.0,1476.0,18.0,,,,
2026-10-01T00:16:00+00:00,105560.KS,KRX,equity,168300.0,168400.0,168300.0,168300.0,955.0,168300.0,168400.0,,,424.0,531.0,12.0,,,,
2026-10-01T00:16:00+00:00,047810.KS,KRX,equity,125900.0,125900.0,125900.0,125900.0,2.0,125800.0,125900.0,,,2.0,0.0,2.0,,,,
2026-10-01T00:16:00+00:00,319660.KQ,KOSDAQ,equity,151600.0,151600.0,151500.0,151500.0,60.0,151400.0,151500.0,,,43.0,17.0,10.0,,,,
2026-10-01T00:16:00+00:00,030530.KQ,KOSDAQ,equity,26750.0,26800.0,26750.0,26800.0,3082.0,26750.0,26800.0,,,59.0,3023.0,11.0,,,,
2026-10-01T00:16:00+00:00,115440.KQ,KOSDAQ,equity,11330.0,11330.0,11320.0,11320.0,212.0,11320.0,11330.0,,,50.0,162.0,5.0,,,,
2026-10-01T00:16:00+00:00,010060.KS,KRX,equity,216500.0,217000.0,216500.0,217000.0,327.0,216500.0,217000.0,,,117.0,210.0,8.0,,,,
2026-10-01T00:16:00+00:00,278470.KS,KRX,equity,362500.0,362500.0,362500.0,362500.0,4.0,362000.0,362500.0,,,4.0,0.0,2.0,,,,
2026-10-01T00:16:00+00:00,353200.KS,KRX,equity,131000.0,131000.0,130800.0,130900.0,831.0,130900.0,131000.0,,,134.0,697.0,25.0,,,,
2026-10-01T00:16:00+00:00,089970.KQ,KOSDAQ,equity,65300.0,65300.0,65000.0,65100.0,2500.0,65100.0,65200.0,,,903.0,1597.0,23.0,,,,
2026-10-01T00:16:00+00:00,028260.KS,KRX,equity,340500.0,340500.0,340500.0,340500.0,7.0,340000.0,340500.0,,,7.0,0.0,3.0,,,,
2026-10-01T00:16:00+00:00,005830.KS,KRX,equity,183100.0,183100.0,183100.0,183100.0,3.0,182900.0,183100.0,,,3.0,0.0,2.0,,,,
2026-10-01T00:16:00+00:00,052690.KS,KRX,equity,126700.0,126700.0,126400.0,126400.0,249.0,126400.0,126500.0,,,81.0,168.0,24.0,,,,
2026-10-01T00:16:00+00:00,006400.KS,KRX,equity,508000.0,508000.0,507000.0,508000.0,48.0,507000.0,508000.0,,,39.0,9.0,15.0,,,,
2026-10-01T00:16:00+00:00,010950.KS,KRX,equity,157100.0,157300.0,157100.0,157300.0,14.0,157100.0,157300.0,,,5.0,9.0,3.0,,,,
2026-10-01T00:16:00+00:00,267250.KS,KRX,equity,199800.0,199800.0,199800.0,199800.0,22.0,199700.0,199800.0,,,22.0,0.0,4.0,,,,
2026-10-01T00:16:00+00:00,001820.KS,KRX,equity,150800.0,150900.0,150800.0,150800.0,387.0,150800.0,151000.0,,,146.0,241.0,15.0,,,,
2026-10-01T00:16:00+00:00,003230.KS,KRX,equity,1219000.0,1219000.0,1219000.0,1219000.0,1.0,1219000.0,1220000.0,,,0.0,1.0,1.0,,,,
2026-10-01T00:16:00+00:00,035720.KS,KRX,equity,33350.0,33350.0,33350.0,33350.0,233.0,33300.0,33350.0,,,233.0,0.0,6.0,,,,
2026-10-01T00:16:00+00:00,096770.KS,KRX,equity,147200.0,147300.0,146700.0,146900.0,1836.0,146900.0,146900.0,,,507.0,1329.0,25.0,,,,
2026-10-01T00:16:00+00:00,017670.KS,KRX,equity,85500.0,85500.0,85500.0,85500.0,360.0,85400.0,85500.0,,,8.0,352.0,7.0,,,,
2026-10-01T00:16:00+00:00,007660.KS,KRX,equity,115000.0,115100.0,114900.0,115000.0,577.0,114900.0,115000.0,,,22.0,555.0,12.0,,,,
2026-10-01T00:16:00+00:00,072950.KQ,KOSDAQ,equity,14710.0,14720.0,14710.0,14720.0,742.0,14710.0,14720.0,,,152.0,590.0,7.0,,,,
2026-10-01T00:16:00+00:00,086790.KS,KRX,equity,129600.0,129600.0,129500.0,129500.0,264.0,129400.0,129500.0,,,151.0,113.0,12.0,,,,
2026-10-01T00:16:00+00:00,950260.KQ,KOSDAQ,equity,26500.0,26500.0,26450.0,26450.0,237.0,26450.0,26500.0,,,186.0,51.0,10.0,,,,
2026-10-01T00:16:00+00:00,011070.KS,KRX,equity,558000.0,559000.0,558000.0,558000.0,137.0,558000.0,559000.0,,,21.0,116.0,6.0,,,,
2026-10-01T00:16:00+00:00,010120.KS,KRX,equity,200000.0,200500.0,200000.0,200000.0,200.0,200000.0,200500.0,,,112.0,88.0,15.0,,,,
2026-10-01T00:16:00+00:00,068270.KS,KRX,equity,180700.0,180800.0,180600.0,180600.0,379.0,180600.0,180700.0,,,121.0,258.0,22.0,,,,
2026-10-01T00:16:00+00:00,080220.KQ,KOSDAQ,equity,78700.0,78800.0,78600.0,78700.0,1711.0,78600.0,78700.0,,,383.0,1328.0,35.0,,,,
2026-10-01T00:16:00+00:00,103590.KS,KRX,equity,80400.0,80500.0,80300.0,80400.0,82.0,80400.0,80400.0,,,19.0,63.0,11.0,,,,
2026-10-01T00:16:00+00:00,015760.KS,KRX,equity,30050.0,30050.0,30000.0,30050.0,358.0,30000.0,30050.0,,,278.0,80.0,16.0,,,,
2026-10-01T00:16:00+00:00,010140.KS,KRX,equity,19420.0,19430.0,19420.0,19430.0,802.0,19420.0,19430.0,,,398.0,404.0,14.0,,,,
2026-10-01T00:16:00+00:00,000810.KS,KRX,equity,630000.0,630000.0,630000.0,630000.0,1.0,630000.0,630000.0,,,1.0,0.0,1.0,,,,
2026-10-01T00:16:00+00:00,005490.KS,KRX,equity,306000.0,306000.0,305500.0,306000.0,23.0,305500.0,306000.0,,,17.0,6.0,5.0,,,,
2026-10-01T00:16:00+00:00,000150.KS,KRX,equity,1387000.0,1392000.0,1387000.0,1391000.0,10.0,1390000.0,1391000.0,,,8.0,2.0,8.0,,,,
2026-10-01T00:16:00+00:00,010170.KQ,KOSDAQ,equity,16370.0,16400.0,16370.0,16400.0,893.0,16370.0,16400.0,,,109.0,784.0,20.0,,,,
2026-10-01T00:16:00+00:00,046970.KQ,KOSDAQ,equity,7240.0,7250.0,7240.0,7240.0,24.0,7210.0,7240.0,,,24.0,0.0,4.0,,,,
2026-10-01T00:16:00+00:00,032830.KS,KRX,equity,281000.0,281000.0,281000.0,281000.0,7.0,280500.0,281000.0,,,7.0,0.0,3.0,,,,
2026-10-01T00:16:00+00:00,298040.KS,KRX,equity,2713000.0,2713000.0,2711000.0,2712000.0,45.0,2712000.0,2713000.0,,,5.0,40.0,8.0,,,,
2026-10-01T00:16:00+00:00,0010S0.KQ,KOSDAQ,equity,19630.0,19650.0,19610.0,19630.0,1562.0,19630.0,19650.0,,,597.0,965.0,15.0,,,,
2026-10-01T00:16:00+00:00,024110.KS,KRX,equity,20100.0,20100.0,20100.0,20100.0,40.0,20050.0,20100.0,,,40.0,0.0,4.0,,,,
2026-10-01T00:16:00+00:00,440110.KQ,KOSDAQ,equity,84300.0,84600.0,84100.0,84500.0,352.0,84200.0,84500.0,,,239.0,113.0,30.0,,,,
2026-10-01T00:16:00+00:00,003670.KS,KRX,equity,179300.0,179400.0,179200.0,179400.0,215.0,179200.0,179400.0,,,3.0,212.0,5.0,,,,
2026-10-01T00:16:00+00:00,055550.KS,KRX,equity,105400.0,105400.0,105100.0,105200.0,1707.0,105100.0,105200.0,,,480.0,1227.0,20.0,,,,
2026-10-01T00:16:00+00:00,028050.KS,KRX,equity,47450.0,47450.0,47450.0,47450.0,10.0,47400.0,47450.0,,,10.0,0.0,3.0,,,,
2026-10-01T00:16:00+00:00,478340.KQ,KOSDAQ,equity,13940.0,13940.0,13940.0,13940.0,2.0,13920.0,13940.0,,,2.0,0.0,1.0,,,,
2026-10-01T00:16:00+00:00,387690.KQ,KOSDAQ,equity,19700.0,19700.0,19690.0,19690.0,164.0,19690.0,19700.0,,,0.0,164.0,4.0,,,,
2026-10-01T00:16:00+00:00,011200.KS,KRX,equity,21050.0,21050.0,21000.0,21050.0,4377.0,21000.0,21050.0,,,764.0,3613.0,12.0,,,,
2026-10-01T00:16:00+00:00,051910.KS,KRX,equity,256500.0,256500.0,256000.0,256500.0,681.0,256000.0,256500.0,,,52.0,629.0,6.0,,,,
2026-10-01T00:16:00+00:00,356680.KQ,KOSDAQ,equity,17640.0,17640.0,17620.0,17620.0,658.0,17610.0,17620.0,,,274.0,384.0,14.0,,,,
2026-10-01T00:16:00+00:00,018260.KS,KRX,equity,217500.0,218000.0,217500.0,218000.0,267.0,217500.0,218000.0,,,235.0,32.0,13.0,,,,
2026-10-01T00:16:00+00:00,009540.KS,KRX,equity,322000.0,322000.0,321500.0,321500.0,16.0,322000.0,322000.0,,,2.0,14.0,4.0,,,,
2026-10-01T00:16:00+00:00,034730.KS,KRX,equity,578000.0,578000.0,576500.0,576500.0,608.0,577000.0,577000.0,,,0.0,608.0,8.0,,,,
2026-10-01T00:16:00+00:00,000270.KS,KRX,equity,113500.0,113600.0,113500.0,113600.0,142.0,113600.0,113600.0,,,6.0,136.0,10.0,,,,
2026-10-01T00:16:00+00:00,003550.KS,KRX,equity,109600.0,109600.0,109600.0,109600.0,2.0,109600.0,109600.0,,,2.0,0.0,1.0,,,,
2026-10-01T00:16:00+00:00,373220.KS,KRX,equity,355500.0,356000.0,355000.0,355000.0,459.0,355000.0,355500.0,,,288.0,171.0,14.0,,,,
2026-10-01T00:16:00+00:00,201490.KQ,KOSDAQ,equity,3435.0,3435.0,3435.0,3435.0,308.0,3430.0,3435.0,,,308.0,0.0,1.0,,,,
2026-10-01T00:16:00+00:00,011170.KS,KRX,equity,60500.0,60600.0,60500.0,60600.0,18.0,60600.0,60600.0,,,0.0,18.0,3.0,,,,
2026-10-01T00:16:00+00:00,326030.KS,KRX,equity,74400.0,74400.0,74400.0,74400.0,2.0,74400.0,74500.0,,,0.0,2.0,1.0,,,,
2026-10-01T00:16:00+00:00,021240.KS,KRX,equity,99700.0,99700.0,99700.0,99700.0,1.0,99700.0,99800.0,,,0.0,1.0,1.0,,,,
2026-10-01T00:16:00+00:00,035760.KQ,KOSDAQ,equity,36650.0,36650.0,36650.0,36650.0,43.0,36550.0,36650.0,,,43.0,0.0,1.0,,,,
2026-10-01T00:16:00+00:00,207940.KS,KRX,equity,1395000.0,1395000.0,1395000.0,1395000.0,1.0,1394000.0,1395000.0,,,1.0,0.0,1.0,,,,
2026-10-01T00:01:00+00:00,^N225,Japan,index,67195.359375,67242.296875,67186.5703125,67242.296875,0.0,,,,,,,,,,,
2026-10-01T00:02:55+00:00,^N225,Japan,index,67226.7890625,67226.7890625,67226.7890625,67226.7890625,0.0,,,,,,,,,,,
2026-10-01T00:07:00+00:00,ES=F,CME,index_future,7740.5,7741.25,7740.5,7741.25,0.0,,,,,,,,,,,
2026-10-01T00:07:55+00:00,ES=F,CME,index_future,7741.0,7741.0,7741.0,7741.0,0.0,,,,,,,,,,,
2026-10-01T00:07:00+00:00,NQ=F,CME,index_future,30799.0,30805.0,30799.0,30804.25,0.0,,,,,,,,,,,
2026-10-01T00:07:52+00:00,NQ=F,CME,index_future,30801.5,30801.5,30801.5,30801.5,0.0,,,,,,,,,,,
2026-10-01T00:07:00+00:00,GC=F,COMEX,commodity_future,4181.2998046875,4181.39990234375,4180.5,4181.10009765625,0.0,,,,,,,,,,,
2026-10-01T00:07:39+00:00,GC=F,COMEX,commodity_future,4181.10009765625,4181.10009765625,4181.10009765625,4181.10009765625,0.0,,,,,,,,,,,
2026-10-01T00:07:00+00:00,SI=F,COMEX,commodity_future,60.52000045776367,60.53499984741211,60.51499938964844,60.52999877929688,0.0,,,,,,,,,,,
2026-10-01T00:07:39+00:00,SI=F,COMEX,commodity_future,60.52999877929688,60.52999877929688,60.52999877929688,60.52999877929688,0.0,,,,,,,,,,,
2026-10-01T00:07:00+00:00,CL=F,NYMEX,commodity_future,90.18000030517578,90.23999786376952,90.18000030517578,90.19000244140624,0.0,,,,,,,,,,,
2026-10-01T00:07:53+00:00,CL=F,NYMEX,commodity_future,90.19000244140624,90.19000244140624,90.19000244140624,90.19000244140624,0.0,,,,,,,,,,,
2026-10-01T00:07:00+00:00,HG=F,COMEX,commodity_future,6.625999927520752,6.625999927520752,6.625999927520752,6.625999927520752,0.0,,,,,,,,,,,
2026-10-01T00:15:00+00:00,EURUSD=X,FX,currency,1.1332728862762451,1.1332728862762451,1.1332728862762451,1.1332728862762451,0.0,,,,,,,,,,,
2026-10-01T00:16:00+00:00,KRW=X,FX,currency,1358.47998046875,1358.6800537109375,1358.1800537109375,1358.47998046875,0.0,,,,,,,,,,,
2026-10-01T00:16:00+00:00,JPY=X,FX,currency,157.7030029296875,157.72000122070312,157.67100524902344,157.7169952392578,0.0,,,,,,,,,,,
2026-10-01T00:15:00+00:00,GBPUSD=X,FX,currency,1.326383113861084,1.326383113861084,1.326383113861084,1.326383113861084,0.0,,,,,,,,,,,
2026-10-01T00:17:00+00:00,BTC-USD,CRYPTO,crypto,83404.2,83432.5,83401.3,83401.3,0.28517867,,,,,,,74.0,,,,
2026-10-01T00:17:00+00:00,ETH-USD,CRYPTO,crypto,2679.08,2680.04,2677.54,2677.54,51.05156378,,,,,,,65.0,,,,
2026-10-01T00:17:00+00:00,042700.KS,KRX,equity,259000.0,259500.0,258000.0,258000.0,9772.0,258000.0,258500.0,,,4190.0,5582.0,263.0,,,,
2026-10-01T00:17:00+00:00,043260.KQ,KOSDAQ,equity,27250.0,27350.0,27050.0,27200.0,45278.0,27150.0,27200.0,,,17008.0,28270.0,551.0,,,,
2026-10-01T00:17:00+00:00,067310.KQ,KOSDAQ,equity,49150.0,49300.0,48550.0,48750.0,36834.0,48700.0,48750.0,,,13982.0,22852.0,544.0,,,,
2026-10-01T00:17:00+00:00,030200.KS,KRX,equity,51700.0,51800.0,51600.0,51800.0,703.0,51600.0,51700.0,,,523.0,180.0,54.0,,,,
2026-10-01T00:17:00+00:00,240810.KQ,KOSDAQ,equity,135900.0,136000.0,135100.0,135100.0,8740.0,135100.0,135200.0,,,3466.0,5274.0,249.0,,,,
2026-10-01T00:17:00+00:00,030530.KQ,KOSDAQ,equity,26800.0,26800.0,26500.0,26600.0,7837.0,26550.0,26600.0,,,1766.0,6071.0,66.0,,,,
2026-10-01T00:17:00+00:00,036540.KQ,KOSDAQ,equity,11160.0,11160.0,11050.0,11080.0,89268.0,11070.0,11080.0,,,14295.0,74973.0,259.0,,,,
2026-10-01T00:17:00+00:00,068270.KS,KRX,equity,180700.0,181000.0,180600.0,180900.0,4239.0,180800.0,180900.0,,,3587.0,652.0,133.0,,,,
2026-10-01T00:17:00+00:00,095610.KQ,KOSDAQ,equity,171500.0,171500.0,170700.0,170800.0,1643.0,170800.0,170900.0,,,744.0,899.0,117.0,,,,
2026-10-01T00:17:00+00:00,108490.KQ,KOSDAQ,equity,279500.0,280000.0,279000.0,279500.0,1788.0,279500.0,280000.0,,,567.0,1221.0,109.0,,,,
2026-10-01T00:17:00+00:00,222800.KQ,KOSDAQ,equity,148800.0,149100.0,148400.0,148500.0,3239.0,148500.0,148700.0,,,883.0,2356.0,180.0,,,,
2026-10-01T00:17:00+00:00,319660.KQ,KOSDAQ,equity,151400.0,151500.0,151200.0,151300.0,527.0,151200.0,151300.0,,,210.0,317.0,62.0,,,,
2026-10-01T00:17:00+00:00,403870.KQ,KOSDAQ,equity,65500.0,65500.0,65000.0,65100.0,30867.0,65100.0,65200.0,,,6514.0,24353.0,504.0,,,,
2026-10-01T00:17:00+00:00,440110.KQ,KOSDAQ,equity,84500.0,84600.0,84300.0,84500.0,1744.0,84300.0,84600.0,,,474.0,1270.0,78.0,,,,
2026-10-01T00:17:00+00:00,000660.KS,KRX,equity,1767000.0,1773000.0,1767000.0,1771000.0,2942.0,1771000.0,1771000.0,,,2072.0,870.0,294.0,,,,
2026-10-01T00:17:00+00:00,0161M0.KQ,KOSDAQ,equity,16340.0,16470.0,16330.0,16430.0,7644.0,16430.0,16440.0,,,4650.0,2994.0,476.0,,,,
2026-10-01T00:17:00+00:00,028260.KS,KRX,equity,340500.0,340500.0,340000.0,340500.0,1325.0,340000.0,340500.0,,,1291.0,34.0,26.0,,,,
2026-10-01T00:17:00+00:00,072950.KQ,KOSDAQ,equity,14710.0,14730.0,14670.0,14730.0,8707.0,14720.0,14730.0,,,2197.0,6510.0,61.0,,,,
2026-10-01T00:17:00+00:00,115440.KQ,KOSDAQ,equity,11320.0,11320.0,11280.0,11290.0,5493.0,11290.0,11320.0,,,2823.0,2670.0,42.0,,,,
2026-10-01T00:17:00+00:00,478340.KQ,KOSDAQ,equity,13940.0,13940.0,13920.0,13940.0,960.0,13930.0,13940.0,,,542.0,418.0,14.0,,,,
2026-10-01T00:17:00+00:00,402340.KS,KRX,equity,1101000.0,1105000.0,1101000.0,1105000.0,1638.0,1104000.0,1105000.0,,,1051.0,587.0,127.0,,,,
2026-10-01T00:17:00+00:00,005930.KS,KRX,equity,266500.0,267000.0,266500.0,266750.0,18559.0,266500.0,267000.0,,,14859.0,3700.0,538.0,,,,
2026-10-01T00:17:00+00:00,035720.KS,KRX,equity,33350.0,33450.0,33300.0,33400.0,7995.0,33400.0,33450.0,,,5024.0,2971.0,41.0,,,,
2026-10-01T00:17:00+00:00,393210.KQ,KOSDAQ,equity,3360.0,3365.0,3355.0,3365.0,3383.0,3355.0,3365.0,,,2218.0,1165.0,315.0,,,,
2026-10-01T00:17:00+00:00,034020.KS,KRX,equity,82100.0,82200.0,82000.0,82200.0,9757.0,82100.0,82200.0,,,4488.0,5269.0,209.0,,,,
2026-10-01T00:17:00+00:00,005935.KS,KRX,equity,196100.0,196200.0,195700.0,195900.0,7943.0,195900.0,196000.0,,,2768.0,5175.0,182.0,,,,
2026-10-01T00:17:00+00:00,010120.KS,KRX,equity,200500.0,200500.0,200000.0,200500.0,959.0,200000.0,200500.0,,,774.0,185.0,81.0,,,,
2026-10-01T00:17:00+00:00,010170.KQ,KOSDAQ,equity,16370.0,16430.0,16370.0,16420.0,19230.0,16420.0,16430.0,,,13752.0,5478.0,117.0,,,,
2026-10-01T00:17:00+00:00,066570.KS,KRX,equity,207250.0,208000.0,207000.0,208000.0,8422.0,207500.0,208000.0,,,1475.0,6947.0,95.0,,,,
2026-10-01T00:17:00+00:00,329180.KS,KRX,equity,429500.0,430000.0,429500.0,430000.0,277.0,429500.0,430000.0,,,206.0,71.0,25.0,,,,
2026-10-01T00:17:00+00:00,000720.KS,KRX,equity,116000.0,116400.0,115700.0,116000.0,8160.0,116100.0,116200.0,,,4403.0,3757.0,176.0,,,,
2026-10-01T00:17:00+00:00,006400.KS,KRX,equity,508000.0,508000.0,507000.0,508000.0,639.0,507000.0,508000.0,,,284.0,355.0,94.0,,,,
2026-10-01T00:17:00+00:00,009150.KS,KRX,equity,1476000.0,1480000.0,1475000.0,1479000.0,1021.0,1479000.0,1480000.0,,,603.0,418.0,190.0,,,,
2026-10-01T00:17:00+00:00,024110.KS,KRX,equity,20100.0,20100.0,20075.0,20075.0,3695.0,20100.0,20100.0,,,3654.0,41.0,42.0,,,,
2026-10-01T00:17:00+00:00,036930.KQ,KOSDAQ,equity,231000.0,231500.0,230500.0,231000.0,2206.0,230500.0,231000.0,,,839.0,1367.0,140.0,,,,
2026-10-01T00:17:00+00:00,011070.KS,KRX,equity,559000.0,560000.0,558000.0,560000.0,515.0,559000.0,560000.0,,,212.0,303.0,24.0,,,,
2026-10-01T00:17:00+00:00,009830.KS,KRX,equity,33650.0,33750.0,33400.0,33500.0,17399.0,33500.0,33550.0,,,6032.0,11367.0,203.0,,,,
2026-10-01T00:17:00+00:00,003230.KS,KRX,equity,1219000.0,1220000.0,1219000.0,1219000.0,30.0,1219000.0,1220000.0,,,15.0,15.0,13.0,,,,
2026-10-01T00:17:00+00:00,012330.KS,KRX,equity,378000.0,379000.0,376500.0,376500.0,10141.0,377000.0,377500.0,,,2514.0,7627.0,236.0,,,,
2026-10-01T00:17:00+00:00,093370.KS,KRX,equity,15000.0,15080.0,15000.0,15010.0,19867.0,15010.0,15060.0,,,9214.0,10653.0,180.0,,,,
2026-10-01T00:17:00+00:00,042660.KS,KRX,equity,77400.0,77600.0,77400.0,77500.0,4390.0,77500.0,77600.0,,,2203.0,2187.0,116.0,,,,
2026-10-01T00:17:00+00:00,272210.KS,KRX,equity,73100.0,73200.0,72800.0,73000.0,2905.0,72900.0,73000.0,,,731.0,2174.0,56.0,,,,
2026-10-01T00:17:00+00:00,000150.KS,KRX,equity,1391000.0,1398000.0,1390000.0,1393000.0,189.0,1391000.0,1393000.0,,,123.0,66.0,48.0,,,,
2026-10-01T00:17:00+00:00,103590.KS,KRX,equity,80400.0,80400.0,80300.0,80400.0,1889.0,80300.0,80400.0,,,657.0,1232.0,64.0,,,,
2026-10-01T00:17:00+00:00,051910.KS,KRX,equity,256500.0,256500.0,255500.0,256000.0,377.0,255500.0,256000.0,,,118.0,259.0,28.0,,,,
2026-10-01T00:17:00+00:00,003550.KS,KRX,equity,109600.0,109800.0,109500.0,109800.0,204.0,109600.0,109700.0,,,64.0,140.0,18.0,,,,
2026-10-01T00:17:00+00:00,005490.KS,KRX,equity,305500.0,306000.0,305500.0,305500.0,125.0,305500.0,306000.0,,,47.0,78.0,24.0,,,,
2026-10-01T00:17:00+00:00,010060.KS,KRX,equity,217000.0,217000.0,214500.0,215500.0,11422.0,215000.0,215500.0,,,1432.0,9990.0,69.0,,,,
2026-10-01T00:17:00+00:00,052690.KS,KRX,equity,126400.0,126600.0,126200.0,126400.0,1160.0,126400.0,126500.0,,,661.0,499.0,117.0,,,,
2026-10-01T00:17:00+00:00,080220.KQ,KOSDAQ,equity,78600.0,78900.0,78600.0,78750.0,4338.0,78700.0,78800.0,,,1857.0,2481.0,94.0,,,,
2026-10-01T00:17:00+00:00,001820.KS,KRX,equity,150800.0,151000.0,150800.0,150900.0,897.0,150900.0,151000.0,,,348.0,549.0,70.0,,,,
2026-10-01T00:17:00+00:00,007660.KS,KRX,equity,115000.0,115100.0,114800.0,114900.0,551.0,114800.0,114900.0,,,345.0,206.0,56.0,,,,
2026-10-01T00:17:00+00:00,096770.KS,KRX,equity,147000.0,147000.0,146800.0,146900.0,1179.0,146800.0,146900.0,,,551.0,628.0,62.0,,,,
2026-10-01T00:17:00+00:00,000810.KS,KRX,equity,631000.0,631000.0,630000.0,631000.0,70.0,630000.0,631000.0,,,70.0,0.0,8.0,,,,
2026-10-01T00:17:00+00:00,0010S0.KQ,KOSDAQ,equity,19630.0,19930.0,19610.0,19850.0,4108.0,19840.0,19850.0,,,2186.0,1922.0,58.0,,,,
2026-10-01T00:17:00+00:00,058470.KQ,KOSDAQ,equity,75100.0,75100.0,74600.0,74600.0,5940.0,74600.0,74700.0,,,682.0,5258.0,119.0,,,,
2026-10-01T00:17:00+00:00,316140.KS,KRX,equity,33300.0,33400.0,33300.0,33300.0,11737.0,33300.0,33400.0,,,8584.0,3153.0,241.0,,,,
2026-10-01T00:17:00+00:00,032830.KS,KRX,equity,281000.0,281000.0,280000.0,280500.0,752.0,280000.0,280500.0,,,336.0,416.0,37.0,,,,
2026-10-01T00:17:00+00:00,035420.KS,KRX,equity,191950.0,192000.0,191900.0,191900.0,1467.0,191900.0,192000.0,,,391.0,1076.0,72.0,,,,
2026-10-01T00:17:00+00:00,419050.KQ,KOSDAQ,equity,1836.0,1838.0,1831.0,1835.0,9588.0,1832.0,1835.0,,,6872.0,2716.0,82.0,,,,
2026-10-01T00:17:00+00:00,005380.KS,KRX,equity,345000.0,345000.0,344000.0,344500.0,2987.0,344000.0,344500.0,,,710.0,2277.0,254.0,,,,
2026-10-01T00:17:00+00:00,298040.KS,KRX,equity,2712000.0,2713000.0,2712000.0,2713000.0,75.0,2712000.0,2713000.0,,,20.0,55.0,33.0,,,,
2026-10-01T00:17:00+00:00,105560.KS,KRX,equity,168400.0,168900.0,168300.0,168900.0,4886.0,168800.0,168900.0,,,4255.0,631.0,61.0,,,,
2026-10-01T00:17:00+00:00,003670.KS,KRX,equity,179200.0,179300.0,178900.0,179000.0,474.0,179000.0,178900.0,,,59.0,415.0,28.0,,,,
2026-10-01T00:17:00+00:00,089970.KQ,KOSDAQ,equity,65100.0,65400.0,64600.0,64900.0,9165.0,64800.0,64900.0,,,4761.0,4404.0,139.0,,,,
2026-10-01T00:17:00+00:00,000270.KS,KRX,equity,113500.0,113600.0,113300.0,113400.0,1523.0,113300.0,113400.0,,,543.0,980.0,63.0,,,,
2026-10-01T00:17:00+00:00,010140.KS,KRX,equity,19430.0,19450.0,19420.0,19450.0,10231.0,19430.0,19450.0,,,3849.0,6382.0,160.0,,,,
2026-10-01T00:17:00+00:00,006360.KS,KRX,equity,33350.0,33400.0,33350.0,33350.0,3647.0,33350.0,33400.0,,,1943.0,1704.0,31.0,,,,
2026-10-01T00:17:00+00:00,047810.KS,KRX,equity,125900.0,125900.0,125500.0,125600.0,1436.0,125500.0,125600.0,,,458.0,978.0,42.0,,,,
2026-10-01T00:17:00+00:00,353200.KS,KRX,equity,130900.0,131300.0,130800.0,131100.0,1972.0,131000.0,131100.0,,,1142.0,830.0,109.0,,,,
2026-10-01T00:17:00+00:00,003490.KS,KRX,equity,31450.0,31500.0,31450.0,31450.0,3079.0,31450.0,31500.0,,,307.0,2772.0,48.0,,,,
2026-10-01T00:17:00+00:00,046970.KQ,KOSDAQ,equity,7210.0,7240.0,7210.0,7220.0,2638.0,7210.0,7220.0,,,2023.0,615.0,20.0,,,,
2026-10-01T00:17:00+00:00,386380.KQ,KOSDAQ,equity,17670.0,17690.0,17620.0,17630.0,2517.0,17610.0,17630.0,,,587.0,1930.0,51.0,,,,
2026-10-01T00:17:00+00:00,047040.KS,KRX,equity,17590.0,17610.0,17550.0,17600.0,23290.0,17580.0,17600.0,,,15129.0,8161.0,161.0,,,,
2026-10-01T00:17:00+00:00,251270.KS,KRX,equity,35000.0,35000.0,34850.0,34950.0,1482.0,34950.0,34950.0,,,307.0,1175.0,30.0,,,,
2026-10-01T00:17:00+00:00,001440.KS,KRX,equity,28950.0,29000.0,28950.0,28950.0,4321.0,28950.0,29000.0,,,262.0,4059.0,69.0,,,,
2026-10-01T00:17:00+00:00,015760.KS,KRX,equity,30050.0,30050.0,30000.0,30050.0,9958.0,30000.0,30050.0,,,150.0,9808.0,66.0,,,,
2026-10-01T00:17:00+00:00,012450.KS,KRX,equity,1011000.0,1012000.0,1010000.0,1011000.0,219.0,1010000.0,1011000.0,,,96.0,123.0,30.0,,,,
2026-10-01T00:17:00+00:00,207940.KS,KRX,equity,1395000.0,1395000.0,1393000.0,1393000.0,73.0,1393000.0,1395000.0,,,20.0,53.0,12.0,,,,
2026-10-01T00:17:00+00:00,387690.KQ,KOSDAQ,equity,19690.0,19690.0,19620.0,19650.0,1902.0,19630.0,19650.0,,,38.0,1864.0,30.0,,,,
2026-10-01T00:17:00+00:00,356680.KQ,KOSDAQ,equity,17620.0,17620.0,17540.0,17590.0,3982.0,17590.0,17620.0,,,1017.0,2965.0,70.0,,,,
2026-10-01T00:17:00+00:00,278470.KS,KRX,equity,362000.0,363000.0,362000.0,363000.0,566.0,362500.0,363000.0,,,372.0,194.0,22.0,,,,
2026-10-01T00:17:00+00:00,010950.KS,KRX,equity,157100.0,157300.0,156800.0,156800.0,283.0,156900.0,156900.0,,,78.0,205.0,29.0,,,,
2026-10-01T00:17:00+00:00,950260.KQ,KOSDAQ,equity,26450.0,26550.0,26300.0,26400.0,5907.0,26350.0,26400.0,,,905.0,5002.0,61.0,,,,
2026-10-01T00:17:00+00:00,021240.KS,KRX,equity,99700.0,99800.0,99500.0,99800.0,283.0,99600.0,99800.0,,,159.0,124.0,26.0,,,,
2026-10-01T00:17:00+00:00,028050.KS,KRX,equity,47400.0,47450.0,47350.0,47350.0,3096.0,47350.0,47400.0,,,1931.0,1165.0,52.0,,,,
2026-10-01T00:17:00+00:00,017670.KS,KRX,equity,85500.0,85500.0,85400.0,85400.0,472.0,85400.0,85500.0,,,19.0,453.0,24.0,,,,
2026-10-01T00:17:00+00:00,267250.KS,KRX,equity,199700.0,200500.0,199700.0,200500.0,399.0,200000.0,200500.0,,,336.0,63.0,34.0,,,,
2026-10-01T00:17:00+00:00,011200.KS,KRX,equity,21000.0,21050.0,21000.0,21050.0,2113.0,21000.0,21050.0,,,1665.0,448.0,47.0,,,,
2026-10-01T00:17:00+00:00,033780.KS,KRX,equity,177200.0,177600.0,177100.0,177600.0,527.0,177500.0,177400.0,,,400.0,127.0,38.0,,,,
2026-10-01T00:17:00+00:00,018260.KS,KRX,equity,218000.0,218000.0,217500.0,218000.0,66.0,217500.0,218000.0,,,59.0,7.0,15.0,,,,
2026-10-01T00:17:00+00:00,201490.KQ,KOSDAQ,equity,3435.0,3447.0,3435.0,3445.0,2319.0,3445.0,3450.0,,,2277.0,42.0,11.0,,,,
2026-10-01T00:17:00+00:00,009540.KS,KRX,equity,322000.0,322000.0,321500.0,321500.0,228.0,321500.0,322000.0,,,108.0,120.0,26.0,,,,
2026-10-01T00:17:00+00:00,034730.KS,KRX,equity,577000.0,577500.0,576000.0,577000.0,101.0,576000.0,577000.0,,,37.0,64.0,15.0,,,,
2026-10-01T00:17:00+00:00,128940.KS,KRX,equity,496000.0,496000.0,495000.0,495000.0,151.0,495000.0,495500.0,,,41.0,110.0,29.0,,,,
2026-10-01T00:17:00+00:00,086790.KS,KRX,equity,129500.0,130100.0,129500.0,130000.0,4230.0,129900.0,130000.0,,,3995.0,235.0,31.0,,,,
2026-10-01T00:17:00+00:00,055550.KS,KRX,equity,105200.0,105500.0,105100.0,105400.0,5869.0,105300.0,105400.0,,,3697.0,2172.0,50.0,,,,
2026-10-01T00:17:00+00:00,396300.KQ,KOSDAQ,equity,5480.0,5480.0,5450.0,5450.0,3461.0,5450.0,5470.0,,,933.0,2528.0,29.0,,,,
2026-10-01T00:17:00+00:00,180640.KS,KRX,equity,131900.0,131900.0,131900.0,131900.0,33.0,131900.0,132000.0,,,1.0,32.0,5.0,,,,
2026-10-01T00:17:00+00:00,005830.KS,KRX,equity,183100.0,183400.0,182900.0,183100.0,221.0,183100.0,183300.0,,,142.0,79.0,20.0,,,,
2026-10-01T00:17:00+00:00,011170.KS,KRX,equity,60600.0,60600.0,60400.0,60400.0,133.0,60400.0,60500.0,,,17.0,116.0,8.0,,,,
2026-10-01T00:17:00+00:00,011780.KS,KRX,equity,115200.0,115200.0,115000.0,115200.0,86.0,115100.0,115200.0,,,80.0,6.0,16.0,,,,
2026-10-01T00:17:00+00:00,326030.KS,KRX,equity,74400.0,74400.0,74400.0,74400.0,3.0,74400.0,74500.0,,,0.0,3.0,2.0,,,,
2026-10-01T00:17:00+00:00,373220.KS,KRX,equity,355000.0,355500.0,355000.0,355000.0,227.0,355000.0,355500.0,,,131.0,96.0,23.0,,,,
2026-10-01T00:17:00+00:00,035760.KQ,KOSDAQ,equity,36650.0,36700.0,36600.0,36700.0,87.0,36550.0,36650.0,,,87.0,0.0,4.0,,,,
2026-10-01T00:02:00+00:00,^N225,Japan,index,67220.46875,67304.59375,67220.46875,67226.7890625,0.0,,,,,,,,,,,
2026-10-01T00:03:00+00:00,^N225,Japan,index,67206.140625,67370.7734375,67206.140625,67330.3515625,0.0,,,,,,,,,,,
2026-10-01T00:04:05+00:00,^N225,Japan,index,67345.0703125,67345.0703125,67345.0703125,67345.0703125,0.0,,,,,,,,,,,
2026-10-01T00:08:00+00:00,ES=F,CME,index_future,7741.0,7741.0,7740.25,7740.75,126.0,,,,,,,,,,,
2026-10-01T00:09:00+00:00,ES=F,CME,index_future,7740.75,7740.75,7737.25,7739.25,0.0,,,,,,,,,,,
2026-10-01T00:09:04+00:00,ES=F,CME,index_future,7738.25,7738.25,7738.25,7738.25,0.0,,,,,,,,,,,
2026-10-01T00:08:00+00:00,NQ=F,CME,index_future,30804.75,30804.75,30797.25,30801.0,95.0,,,,,,,,,,,
2026-10-01T00:09:00+00:00,NQ=F,CME,index_future,30800.25,30800.25,30782.0,30793.0,0.0,,,,,,,,,,,
2026-10-01T00:09:06+00:00,NQ=F,CME,index_future,30785.25,30785.25,30785.25,30785.25,0.0,,,,,,,,,,,
2026-10-01T00:08:00+00:00,GC=F,COMEX,commodity_future,4181.5,4182.10009765625,4181.39990234375,4181.7001953125,19.0,,,,,,,,,,,
2026-10-01T00:09:00+00:00,GC=F,COMEX,commodity_future,4181.2998046875,4181.60009765625,4180.5,4181.5,0.0,,,,,,,,,,,
2026-10-01T00:08:00+00:00,SI=F,COMEX,commodity_future,60.540000915527344,60.54999923706055,60.53499984741211,60.54999923706055,8.0,,,,,,,,,,,
2026-10-01T00:09:00+00:00,SI=F,COMEX,commodity_future,60.53499984741211,60.53499984741211,60.5,60.52000045776367,0.0,,,,,,,,,,,
2026-10-01T00:09:03+00:00,SI=F,COMEX,commodity_future,60.525001525878906,60.525001525878906,60.525001525878906,60.525001525878906,0.0,,,,,,,,,,,
2026-10-01T00:08:00+00:00,CL=F,NYMEX,commodity_future,90.20999908447266,90.2300033569336,90.20999908447266,90.22000122070312,6.0,,,,,,,,,,,
2026-10-01T00:09:00+00:00,CL=F,NYMEX,commodity_future,90.20999908447266,90.36000061035156,90.20999908447266,90.26000213623048,0.0,,,,,,,,,,,
2026-10-01T00:09:04+00:00,CL=F,NYMEX,commodity_future,90.30999755859376,90.30999755859376,90.30999755859376,90.30999755859376,0.0,,,,,,,,,,,
2026-10-01T00:09:00+00:00,HG=F,COMEX,commodity_future,6.626500129699707,6.626999855041504,6.625,6.626999855041504,0.0,,,,,,,,,,,
2026-10-01T00:16:00+00:00,EURUSD=X,FX,currency,1.1332728862762451,1.1332728862762451,1.1332728862762451,1.1332728862762451,0.0,,,,,,,,,,,
2026-10-01T00:17:00+00:00,EURUSD=X,FX,currency,1.1332728862762451,1.1332728862762451,1.1332728862762451,1.1332728862762451,0.0,,,,,,,,,,,
2026-10-01T00:17:00+00:00,KRW=X,FX,currency,1358.3800048828125,1358.47998046875,1357.6800537109375,1357.780029296875,0.0,,,,,,,,,,,
2026-10-01T00:18:00+00:00,KRW=X,FX,currency,1357.800048828125,1357.8800048828125,1356.780029296875,1357.47998046875,0.0,,,,,,,,,,,
2026-10-01T00:17:00+00:00,JPY=X,FX,currency,157.70599365234375,157.71800231933594,157.6699981689453,157.6719970703125,0.0,,,,,,,,,,,
2026-10-01T00:18:00+00:00,JPY=X,FX,currency,157.6790008544922,157.68099975585938,157.64700317382812,157.66700744628906,0.0,,,,,,,,,,,
2026-10-01T00:16:00+00:00,GBPUSD=X,FX,currency,1.326207160949707,1.326207160949707,1.326207160949707,1.326207160949707,0.0,,,,,,,,,,,
2026-10-01T00:17:00+00:00,GBPUSD=X,FX,currency,1.3262951374053955,1.3262951374053955,1.3262951374053955,1.3262951374053955,0.0,,,,,,,,,,,
2026-10-01T00:18:00+00:00,BTC-USD,CRYPTO,crypto,83401.3,83418.5,83379.1,83401.8,2.3163941,,,,,,,102.0,,,,
2026-10-01T00:18:00+00:00,ETH-USD,CRYPTO,crypto,2677.79,2678.52,2677.0,2678.52,4.82154554,,,,,,,22.0,,,,
2026-10-01T00:18:00+00:00,028260.KS,KRX,equity,340500.0,340500.0,340000.0,340500.0,246.0,340000.0,340500.0,,,68.0,178.0,27.0,,,,
2026-10-01T00:18:00+00:00,067310.KQ,KOSDAQ,equity,48700.0,48950.0,48400.0,48800.0,21764.0,48750.0,48800.0,,,9630.0,12134.0,295.0,,,,
2026-10-01T00:18:00+00:00,000720.KS,KRX,equity,116200.0,116200.0,115900.0,116000.0,3281.0,115900.0,116000.0,,,1463.0,1818.0,113.0,,,,
2026-10-01T00:18:00+00:00,0010S0.KQ,KOSDAQ,equity,19850.0,19860.0,19700.0,19740.0,2336.0,19740.0,19750.0,,,1065.0,1271.0,59.0,,,,
2026-10-01T00:18:00+00:00,017670.KS,KRX,equity,85400.0,85600.0,85400.0,85500.0,1258.0,85400.0,85500.0,,,1116.0,142.0,42.0,,,,
2026-10-01T00:18:00+00:00,043260.KQ,KOSDAQ,equity,27150.0,27450.0,27150.0,27400.0,25188.0,27350.0,27400.0,,,18394.0,6794.0,425.0,,,,
2026-10-01T00:18:00+00:00,093370.KS,KRX,equity,15010.0,15080.0,15000.0,15080.0,11940.0,15080.0,15090.0,,,4944.0,6996.0,113.0,,,,
2026-10-01T00:18:00+00:00,316140.KS,KRX,equity,33350.0,33400.0,33300.0,33400.0,13588.0,33350.0,33400.0,,,10072.0,3516.0,153.0,,,,
2026-10-01T00:18:00+00:00,353200.KS,KRX,equity,131100.0,131100.0,130600.0,130700.0,3297.0,130600.0,130700.0,,,719.0,2578.0,123.0,,,,
2026-10-01T00:18:00+00:00,393210.KQ,KOSDAQ,equity,3355.0,3365.0,3350.0,3355.0,4046.0,3355.0,3360.0,,,822.0,3224.0,309.0,,,,
2026-10-01T00:18:00+00:00,042660.KS,KRX,equity,77600.0,77600.0,77500.0,77500.0,2858.0,77500.0,77500.0,,,301.0,2557.0,79.0,,,,
2026-10-01T00:18:00+00:00,003490.KS,KRX,equity,31450.0,31500.0,31350.0,31400.0,12398.0,31400.0,31450.0,,,294.0,12104.0,63.0,,,,
2026-10-01T00:18:00+00:00,005930.KS,KRX,equity,267000.0,267500.0,266000.0,266500.0,65948.0,266500.0,266500.0,,,19977.0,45971.0,769.0,,,,
2026-10-01T00:18:00+00:00,068270.KS,KRX,equity,180900.0,180900.0,180300.0,180600.0,2385.0,180600.0,180700.0,,,1117.0,1268.0,119.0,,,,
2026-10-01T00:18:00+00:00,108490.KQ,KOSDAQ,equity,280000.0,280000.0,278250.0,279500.0,2499.0,279000.0,279500.0,,,1002.0,1497.0,90.0,,,,
2026-10-01T00:18:00+00:00,356680.KQ,KOSDAQ,equity,17590.0,17620.0,17480.0,17480.0,7362.0,17480.0,17500.0,,,1200.0,6162.0,74.0,,,,
2026-10-01T00:18:00+00:00,000810.KS,KRX,equity,631000.0,633000.0,630000.0,631000.0,145.0,631000.0,631000.0,,,132.0,13.0,17.0,,,,
2026-10-01T00:18:00+00:00,036540.KQ,KOSDAQ,equity,11080.0,11150.0,11070.0,11140.0,33647.0,11140.0,11150.0,,,16761.0,16886.0,182.0,,,,
2026-10-01T00:18:00+00:00,222800.KQ,KOSDAQ,equity,148700.0,149000.0,148400.0,149000.0,1798.0,148900.0,149000.0,,,1048.0,750.0,126.0,,,,
2026-10-01T00:18:00+00:00,240810.KQ,KOSDAQ,equity,135200.0,135600.0,135000.0,135600.0,7426.0,135500.0,135600.0,,,4263.0,3163.0,224.0,,,,
2026-10-01T00:18:00+00:00,319660.KQ,KOSDAQ,equity,151300.0,152500.0,151100.0,152500.0,1466.0,152400.0,152500.0,,,1293.0,173.0,95.0,,,,
2026-10-01T00:18:00+00:00,042700.KS,KRX,equity,258000.0,259000.0,258000.0,259000.0,4237.0,258500.0,259000.0,,,2165.0,2072.0,198.0,,,,
2026-10-01T00:18:00+00:00,010170.KQ,KOSDAQ,equity,16420.0,16460.0,16420.0,16420.0,13859.0,16420.0,16430.0,,,4351.0,9508.0,123.0,,,,
2026-10-01T00:18:00+00:00,009830.KS,KRX,equity,33550.0,33700.0,33500.0,33700.0,16281.0,33650.0,33700.0,,,11372.0,4909.0,215.0,,,,
2026-10-01T00:18:00+00:00,010140.KS,KRX,equity,19430.0,19450.0,19370.0,19370.0,74592.0,19360.0,19370.0,,,7541.0,67051.0,275.0,,,,
2026-10-01T00:18:00+00:00,035420.KS,KRX,equity,191950.0,192000.0,191900.0,191900.0,1812.0,191900.0,192000.0,,,614.0,1198.0,60.0,,,,
2026-10-01T00:18:00+00:00,089970.KQ,KOSDAQ,equity,64800.0,65500.0,64500.0,65500.0,11520.0,65300.0,65500.0,,,7160.0,4360.0,123.0,,,,
2026-10-01T00:18:00+00:00,030200.KS,KRX,equity,51800.0,51800.0,51600.0,51700.0,1398.0,51700.0,51700.0,,,1035.0,363.0,65.0,,,,
2026-10-01T00:18:00+00:00,033780.KS,KRX,equity,177600.0,177600.0,177100.0,177300.0,450.0,177200.0,177200.0,,,138.0,312.0,36.0,,,,
2026-10-01T00:18:00+00:00,051910.KS,KRX,equity,255500.0,256000.0,255500.0,256000.0,407.0,255500.0,256000.0,,,329.0,78.0,25.0,,,,
2026-10-01T00:18:00+00:00,000270.KS,KRX,equity,113300.0,113600.0,113100.0,113400.0,3874.0,113400.0,113500.0,,,2357.0,1517.0,91.0,,,,
2026-10-01T00:18:00+00:00,005380.KS,KRX,equity,344000.0,344500.0,343500.0,344000.0,7232.0,344000.0,344500.0,,,4312.0,2920.0,196.0,,,,
2026-10-01T00:18:00+00:00,0161M0.KQ,KOSDAQ,equity,16440.0,16440.0,16340.0,16400.0,5194.0,16390.0,16400.0,,,986.0,4208.0,446.0,,,,
2026-10-01T00:18:00+00:00,035720.KS,KRX,equity,33450.0,33450.0,33400.0,33450.0,647.0,33400.0,33450.0,,,601.0,46.0,31.0,,,,
2026-10-01T00:18:00+00:00,086790.KS,KRX,equity,130000.0,130000.0,129800.0,129900.0,1432.0,129900.0,129900.0,,,64.0,1368.0,16.0,,,,
2026-10-01T00:18:00+00:00,103590.KS,KRX,equity,80300.0,80400.0,80200.0,80300.0,2875.0,80200.0,80300.0,,,412.0,2463.0,73.0,,,,
2026-10-01T00:18:00+00:00,005935.KS,KRX,equity,196000.0,196100.0,195900.0,196000.0,4792.0,196000.0,196100.0,,,2787.0,2005.0,176.0,,,,
2026-10-01T00:18:00+00:00,403870.KQ,KOSDAQ,equity,65200.0,65300.0,64800.0,65300.0,21493.0,65200.0,65300.0,,,8170.0,13323.0,372.0,,,,
2026-10-01T00:18:00+00:00,950260.KQ,KOSDAQ,equity,26400.0,26400.0,26150.0,26200.0,7027.0,26150.0,26200.0,,,2136.0,4891.0,77.0,,,,
2026-10-01T00:18:00+00:00,052690.KS,KRX,equity,126400.0,126500.0,126300.0,126300.0,1427.0,126300.0,126400.0,,,438.0,989.0,113.0,,,,
2026-10-01T00:18:00+00:00,478340.KQ,KOSDAQ,equity,13940.0,13940.0,13920.0,13940.0,1204.0,13930.0,13960.0,,,1060.0,144.0,18.0,,,,
2026-10-01T00:18:00+00:00,096770.KS,KRX,equity,146900.0,147000.0,146600.0,146700.0,1601.0,146700.0,146800.0,,,861.0,740.0,65.0,,,,
2026-10-01T00:18:00+00:00,387690.KQ,KOSDAQ,equity,19640.0,19640.0,19310.0,19430.0,16319.0,19400.0,19420.0,,,2668.0,13651.0,112.0,,,,
2026-10-01T00:18:00+00:00,036930.KQ,KOSDAQ,equity,230500.0,231000.0,229000.0,230000.0,6142.0,230000.0,230500.0,,,803.0,5339.0,199.0,,,,
2026-10-01T00:18:00+00:00,001820.KS,KRX,equity,150900.0,152200.0,150900.0,152000.0,3630.0,151700.0,152000.0,,,3348.0,282.0,90.0,,,,
2026-10-01T00:18:00+00:00,007660.KS,KRX,equity,114900.0,114900.0,114500.0,114600.0,4134.0,114500.0,114600.0,,,357.0,3777.0,64.0,,,,
2026-10-01T00:18:00+00:00,047040.KS,KRX,equity,17600.0,17610.0,17560.0,17610.0,20908.0,17600.0,17610.0,,,15359.0,5549.0,153.0,,,,
2026-10-01T00:18:00+00:00,440110.KQ,KOSDAQ,equity,84500.0,85300.0,84500.0,85300.0,9524.0,85200.0,85300.0,,,8444.0,1080.0,148.0,,,,
2026-10-01T00:18:00+00:00,000660.KS,KRX,equity,1771000.0,1771000.0,1764000.0,1766000.0,7515.0,1767000.0,1766000.0,,,4637.0,2878.0,252.0,,,,
2026-10-01T00:18:00+00:00,005830.KS,KRX,equity,183100.0,183300.0,182900.0,183100.0,394.0,183100.0,183200.0,,,295.0,99.0,35.0,,,,
2026-10-01T00:18:00+00:00,009150.KS,KRX,equity,1479000.0,1480000.0,1477000.0,1478000.0,1407.0,1477000.0,1478000.0,,,465.0,942.0,187.0,,,,
2026-10-01T00:18:00+00:00,034020.KS,KRX,equity,82200.0,82200.0,82100.0,82200.0,6354.0,82100.0,82200.0,,,4235.0,2119.0,229.0,,,,
2026-10-01T00:18:00+00:00,105560.KS,KRX,equity,168900.0,169000.0,168600.0,168750.0,6683.0,168700.0,168800.0,,,3351.0,3332.0,83.0,,,,
2026-10-01T00:18:00+00:00,012330.KS,KRX,equity,377000.0,378000.0,376500.0,378000.0,4113.0,377500.0,378000.0,,,680.0,3433.0,181.0,,,,
2026-10-01T00:18:00+00:00,072950.KQ,KOSDAQ,equity,14730.0,14770.0,14650.0,14650.0,8913.0,14660.0,14700.0,,,1046.0,7867.0,98.0,,,,
2026-10-01T00:18:00+00:00,003550.KS,KRX,equity,109700.0,109700.0,109300.0,109500.0,320.0,109500.0,109500.0,,,149.0,171.0,24.0,,,,
2026-10-01T00:18:00+00:00,024110.KS,KRX,equity,20100.0,20100.0,20075.0,20100.0,3467.0,20100.0,20100.0,,,3410.0,57.0,47.0,,,,
2026-10-01T00:18:00+00:00,011780.KS,KRX,equity,115200.0,115200.0,115000.0,115200.0,175.0,115100.0,115200.0,,,71.0,104.0,17.0,,,,
2026-10-01T00:18:00+00:00,009540.KS,KRX,equity,321500.0,321500.0,321000.0,321000.0,628.0,321000.0,321500.0,,,113.0,515.0,36.0,,,,
2026-10-01T00:18:00+00:00,047810.KS,KRX,equity,125500.0,125700.0,125500.0,125700.0,441.0,125600.0,125700.0,,,306.0,135.0,22.0,,,,
2026-10-01T00:18:00+00:00,066570.KS,KRX,equity,207500.0,208000.0,207500.0,207500.0,2747.0,207500.0,208000.0,,,1240.0,1507.0,96.0,,,,
2026-10-01T00:18:00+00:00,055550.KS,KRX,equity,105400.0,105400.0,105300.0,105400.0,771.0,105300.0,105400.0,,,65.0,706.0,22.0,,,,
2026-10-01T00:18:00+00:00,402340.KS,KRX,equity,1104000.0,1106000.0,1101000.0,1104000.0,1364.0,1103000.0,1102000.0,,,727.0,637.0,154.0,,,,
2026-10-01T00:18:00+00:00,419050.KQ,KOSDAQ,equity,1835.0,1838.0,1824.0,1826.0,30080.0,1826.0,1832.0,,,9253.0,20827.0,55.0,,,,
2026-10-01T00:18:00+00:00,251270.KS,KRX,equity,34950.0,34950.0,34900.0,34950.0,65.0,34900.0,34950.0,,,34.0,31.0,20.0,,,,
2026-10-01T00:18:00+00:00,006400.KS,KRX,equity,508000.0,508000.0,507000.0,507000.0,1021.0,507000.0,508000.0,,,128.0,893.0,72.0,,,,
2026-10-01T00:18:00+00:00,015760.KS,KRX,equity,30050.0,30050.0,30000.0,30050.0,4322.0,30000.0,30050.0,,,2762.0,1560.0,32.0,,,,
2026-10-01T00:18:00+00:00,201490.KQ,KOSDAQ,equity,3445.0,3445.0,3435.0,3445.0,2060.0,3435.0,3445.0,,,1130.0,930.0,11.0,,,,
2026-10-01T00:18:00+00:00,021240.KS,KRX,equity,99800.0,99800.0,99500.0,99600.0,341.0,99500.0,99600.0,,,173.0,168.0,25.0,,,,
2026-10-01T00:18:00+00:00,028050.KS,KRX,equity,47400.0,47400.0,47350.0,47400.0,5775.0,47350.0,47400.0,,,2230.0,3545.0,47.0,,,,
2026-10-01T00:18:00+00:00,095610.KQ,KOSDAQ,equity,170900.0,171900.0,170400.0,171700.0,1201.0,171700.0,171600.0,,,777.0,424.0,93.0,,,,
2026-10-01T00:18:00+00:00,128940.KS,KRX,equity,495000.0,495500.0,494000.0,495000.0,238.0,494500.0,495000.0,,,87.0,151.0,32.0,,,,
2026-10-01T00:18:00+00:00,005490.KS,KRX,equity,305500.0,306000.0,305000.0,305500.0,1177.0,305000.0,305500.0,,,201.0,976.0,52.0,,,,
2026-10-01T00:18:00+00:00,080220.KQ,KOSDAQ,equity,78700.0,78900.0,78700.0,78800.0,3414.0,78800.0,78900.0,,,1802.0,1612.0,81.0,,,,
2026-10-01T00:18:00+00:00,010120.KS,KRX,equity,200000.0,200500.0,200000.0,200500.0,1236.0,200000.0,200500.0,,,719.0,517.0,92.0,,,,
2026-10-01T00:18:00+00:00,207940.KS,KRX,equity,1393000.0,1394000.0,1392000.0,1394000.0,203.0,1394000.0,1395000.0,,,138.0,65.0,33.0,,,,
2026-10-01T00:18:00+00:00,046970.KQ,KOSDAQ,equity,7230.0,7240.0,7210.0,7210.0,5356.0,7210.0,7240.0,,,4048.0,1308.0,21.0,,,,
2026-10-01T00:18:00+00:00,000150.KS,KRX,equity,1393000.0,1393000.0,1390000.0,1391000.0,118.0,1390000.0,1391000.0,,,59.0,59.0,42.0,,,,
2026-10-01T00:18:00+00:00,018260.KS,KRX,equity,218000.0,218000.0,217000.0,217000.0,436.0,217000.0,217500.0,,,110.0,326.0,23.0,,,,
2026-10-01T00:18:00+00:00,012450.KS,KRX,equity,1011000.0,1013000.0,1010000.0,1012000.0,248.0,1012000.0,1013000.0,,,119.0,129.0,38.0,,,,
2026-10-01T00:18:00+00:00,272210.KS,KRX,equity,72900.0,73400.0,72800.0,73400.0,2726.0,73300.0,73400.0,,,1981.0,745.0,71.0,,,,
2026-10-01T00:18:00+00:00,010950.KS,KRX,equity,156900.0,156900.0,156500.0,156600.0,424.0,156500.0,156600.0,,,126.0,298.0,34.0,,,,
2026-10-01T00:18:00+00:00,058470.KQ,KOSDAQ,equity,74700.0,74800.0,74600.0,74800.0,3733.0,74700.0,74800.0,,,1929.0,1804.0,87.0,,,,
2026-10-01T00:18:00+00:00,001440.KS,KRX,equity,28950.0,29000.0,28950.0,29000.0,7848.0,28950.0,29000.0,,,1805.0,6043.0,77.0,,,,
2026-10-01T00:18:00+00:00,010060.KS,KRX,equity,215500.0,216500.0,214500.0,215500.0,745.0,215500.0,216000.0,,,281.0,464.0,61.0,,,,
2026-10-01T00:18:00+00:00,006360.KS,KRX,equity,33350.0,33400.0,33300.0,33350.0,1620.0,33300.0,33400.0,,,981.0,639.0,39.0,,,,
2026-10-01T00:18:00+00:00,011170.KS,KRX,equity,60400.0,60500.0,60300.0,60500.0,190.0,60300.0,60500.0,,,78.0,112.0,9.0,,,,
2026-10-01T00:18:00+00:00,011200.KS,KRX,equity,21050.0,21050.0,20950.0,21000.0,10084.0,20950.0,21000.0,,,3124.0,6960.0,32.0,,,,
2026-10-01T00:18:00+00:00,003230.KS,KRX,equity,1219000.0,1220000.0,1219000.0,1220000.0,178.0,1219000.0,1220000.0,,,146.0,32.0,20.0,,,,
2026-10-01T00:18:00+00:00,035760.KQ,KOSDAQ,equity,36700.0,36700.0,36600.0,36600.0,50.0,36550.0,36600.0,,,45.0,5.0,7.0,,,,
2026-10-01T00:18:00+00:00,011070.KS,KRX,equity,560000.0,560000.0,559000.0,560000.0,123.0,559000.0,560000.0,,,83.0,40.0,20.0,,,,
2026-10-01T00:18:00+00:00,003670.KS,KRX,equity,178900.0,178900.0,178700.0,178800.0,466.0,178900.0,178800.0,,,314.0,152.0,31.0,,,,
2026-10-01T00:18:00+00:00,030530.KQ,KOSDAQ,equity,26625.0,26700.0,26600.0,26600.0,2165.0,26600.0,26650.0,,,314.0,1851.0,37.0,,,,
2026-10-01T00:18:00+00:00,032830.KS,KRX,equity,280500.0,280500.0,280000.0,280000.0,254.0,280000.0,280500.0,,,83.0,171.0,29.0,,,,
2026-10-01T00:18:00+00:00,329180.KS,KRX,equity,430000.0,430500.0,429500.0,430000.0,452.0,429500.0,430000.0,,,175.0,277.0,33.0,,,,
2026-10-01T00:18:00+00:00,373220.KS,KRX,equity,355000.0,355500.0,354500.0,354500.0,154.0,355000.0,355000.0,,,33.0,121.0,20.0,,,,
2026-10-01T00:18:00+00:00,267250.KS,KRX,equity,200500.0,200500.0,199900.0,200500.0,88.0,200000.0,200500.0,,,31.0,57.0,15.0,,,,
2026-10-01T00:18:00+00:00,396300.KQ,KOSDAQ,equity,5450.0,5450.0,5430.0,5440.0,1072.0,5430.0,5440.0,,,183.0,889.0,13.0,,,,
2026-10-01T00:18:00+00:00,115440.KQ,KOSDAQ,equity,11290.0,11350.0,11290.0,11310.0,1524.0,11310.0,11330.0,,,1053.0,471.0,26.0,,,,
2026-10-01T00:18:00+00:00,278470.KS,KRX,equity,362500.0,363000.0,361500.0,361500.0,551.0,361500.0,362000.0,,,33.0,518.0,20.0,,,,
2026-10-01T00:18:00+00:00,034730.KS,KRX,equity,577500.0,577500.0,575000.0,576000.0,245.0,576000.0,576000.0,,,83.0,162.0,21.0,,,,
2026-10-01T00:18:00+00:00,386380.KQ,KOSDAQ,equity,17630.0,17730.0,17600.0,17650.0,4836.0,17630.0,17740.0,,,2048.0,2788.0,48.0,,,,
2026-10-01T00:18:00+00:00,298040.KS,KRX,equity,2713000.0,2714000.0,2712000.0,2713000.0,89.0,2713000.0,2713000.0,,,53.0,36.0,54.0,,,,
2026-10-01T00:18:00+00:00,180640.KS,KRX,equity,131900.0,131900.0,131600.0,131900.0,174.0,131900.0,132000.0,,,92.0,82.0,15.0,,,,
2026-10-01T00:18:00+00:00,326030.KS,KRX,equity,74400.0,74400.0,74200.0,74200.0,175.0,74300.0,74300.0,,,21.0,154.0,9.0,,,,
2026-10-01T00:04:00+00:00,^N225,Japan,index,67344.4609375,67345.0703125,67290.2265625,67290.2265625,0.0,,,,,,,,,,,
2026-10-01T00:05:10+00:00,^N225,Japan,index,67318.75,67318.75,67318.75,67318.75,0.0,,,,,,,,,,,
2026-10-01T00:10:00+00:00,ES=F,CME,index_future,7739.5,7740.75,7739.5,7739.75,0.0,,,,,,,,,,,
2026-10-01T00:10:11+00:00,ES=F,CME,index_future,7739.5,7739.5,7739.5,7739.5,0.0,,,,,,,,,,,
2026-10-01T00:10:00+00:00,NQ=F,CME,index_future,30795.5,30801.5,30792.5,30799.25,0.0,,,,,,,,,,,
2026-10-01T00:10:11+00:00,NQ=F,CME,index_future,30794.25,30794.25,30794.25,30794.25,0.0,,,,,,,,,,,
2026-10-01T00:10:00+00:00,GC=F,COMEX,commodity_future,4181.7001953125,4182.2001953125,4181.39990234375,4182.0,0.0,,,,,,,,,,,
2026-10-01T00:10:10+00:00,GC=F,COMEX,commodity_future,4181.7998046875,4181.7998046875,4181.7998046875,4181.7998046875,0.0,,,,,,,,,,,
2026-10-01T00:09:30+00:00,SI=F,COMEX,commodity_future,60.52000045776367,60.52000045776367,60.52000045776367,60.52000045776367,0.0,,,,,,,,,,,
2026-10-01T00:10:00+00:00,CL=F,NYMEX,commodity_future,90.26000213623048,90.43000030517578,90.23999786376952,90.41999816894533,0.0,,,,,,,,,,,
2026-10-01T00:10:09+00:00,CL=F,NYMEX,commodity_future,90.25,90.25,90.25,90.25,0.0,,,,,,,,,,,
2026-10-01T00:10:00+00:00,HG=F,COMEX,commodity_future,6.627999782562256,6.627999782562256,6.626999855041504,6.626999855041504,0.0,,,,,,,,,,,
2026-10-01T00:18:00+00:00,EURUSD=X,FX,currency,1.1332728862762451,1.1332728862762451,1.1332728862762451,1.1332728862762451,0.0,,,,,,,,,,,
2026-10-01T00:19:00+00:00,KRW=X,FX,currency,1357.47998046875,1357.780029296875,1357.3800048828125,1357.3800048828125,0.0,,,,,,,,,,,
2026-10-01T00:19:00+00:00,JPY=X,FX,currency,157.6649932861328,157.68600463867188,157.64999389648438,157.65699768066406,0.0,,,,,,,,,,,
2026-10-01T00:18:00+00:00,GBPUSD=X,FX,currency,1.3263126611709597,1.3263126611709597,1.3263126611709597,1.3263126611709597,0.0,,,,,,,,,,,
2026-10-01T00:19:00+00:00,BTC-USD,CRYPTO,crypto,83401.8,83404.9,83385.9,83394.5,0.20901465,,,,,,,56.0,,,,
2026-10-01T00:19:00+00:00,ETH-USD,CRYPTO,crypto,2677.51,2678.21,2677.5,2677.91,10.77455537,,,,,,,14.0,,,,
2026-10-01T00:19:00+00:00,001440.KS,KRX,equity,28950.0,29000.0,28950.0,29000.0,2675.0,28950.0,29000.0,,,1375.0,1300.0,81.0,,,,
2026-10-01T00:19:00+00:00,006400.KS,KRX,equity,508000.0,508000.0,506000.0,506000.0,3843.0,506000.0,507000.0,,,246.0,3597.0,109.0,,,,
2026-10-01T00:19:00+00:00,009830.KS,KRX,equity,33700.0,33800.0,33400.0,33475.0,25096.0,33450.0,33500.0,,,4818.0,20278.0,184.0,,,,
2026-10-01T00:19:00+00:00,010120.KS,KRX,equity,200000.0,200500.0,200000.0,200000.0,826.0,200000.0,200500.0,,,455.0,371.0,85.0,,,,
2026-10-01T00:19:00+00:00,012330.KS,KRX,equity,378000.0,380500.0,377500.0,380000.0,2651.0,380000.0,380500.0,,,1716.0,935.0,179.0,,,,
2026-10-01T00:19:00+00:00,036540.KQ,KOSDAQ,equity,11140.0,11180.0,11100.0,11170.0,50053.0,11170.0,11180.0,,,33628.0,16425.0,258.0,,,,
2026-10-01T00:19:00+00:00,043260.KQ,KOSDAQ,equity,27350.0,27425.0,27000.0,27100.0,46042.0,27000.0,27100.0,,,9218.0,36824.0,426.0,,,,
2026-10-01T00:19:00+00:00,080220.KQ,KOSDAQ,equity,78900.0,79000.0,78800.0,78900.0,2620.0,78800.0,78900.0,,,1333.0,1287.0,77.0,,,,
2026-10-01T00:19:00+00:00,105560.KS,KRX,equity,168800.0,169300.0,168700.0,169200.0,7972.0,169200.0,169200.0,,,5803.0,2169.0,92.0,,,,
2026-10-01T00:19:00+00:00,108490.KQ,KOSDAQ,equity,279000.0,280000.0,279000.0,279500.0,1746.0,279000.0,279500.0,,,815.0,931.0,102.0,,,,
2026-10-01T00:19:00+00:00,319660.KQ,KOSDAQ,equity,152500.0,152700.0,152000.0,152500.0,714.0,152500.0,152700.0,,,510.0,204.0,76.0,,,,
2026-10-01T00:19:00+00:00,396300.KQ,KOSDAQ,equity,5440.0,5440.0,5410.0,5430.0,7728.0,5420.0,5430.0,,,3226.0,4502.0,47.0,,,,
2026-10-01T00:19:00+00:00,000270.KS,KRX,equity,113500.0,113700.0,113500.0,113700.0,2132.0,113600.0,113700.0,,,1321.0,811.0,64.0,,,,
2026-10-01T00:19:00+00:00,000660.KS,KRX,equity,1767000.0,1772000.0,1765000.0,1770000.0,5488.0,1771000.0,1770000.0,,,4170.0,1318.0,305.0,,,,
2026-10-01T00:19:00+00:00,000720.KS,KRX,equity,116000.0,116100.0,115800.0,115900.0,5992.0,115900.0,115900.0,,,2728.0,3264.0,111.0,,,,
2026-10-01T00:19:00+00:00,007660.KS,KRX,equity,114500.0,114800.0,114500.0,114800.0,2158.0,114600.0,114800.0,,,1086.0,1072.0,81.0,,,,
2026-10-01T00:19:00+00:00,0161M0.KQ,KOSDAQ,equity,16400.0,16420.0,16350.0,16390.0,2666.0,16380.0,16390.0,,,1244.0,1422.0,444.0,,,,
2026-10-01T00:19:00+00:00,030530.KQ,KOSDAQ,equity,26600.0,26600.0,26450.0,26550.0,3725.0,26450.0,26600.0,,,1451.0,2274.0,49.0,,,,
2026-10-01T00:19:00+00:00,067310.KQ,KOSDAQ,equity,48775.0,48900.0,48550.0,48750.0,10559.0,48750.0,48800.0,,,4877.0,5682.0,213.0,,,,
2026-10-01T00:19:00+00:00,316140.KS,KRX,equity,33350.0,33450.0,33350.0,33450.0,19556.0,33400.0,33450.0,,,14075.0,5481.0,244.0,,,,
2026-10-01T00:19:00+00:00,950260.KQ,KOSDAQ,equity,26200.0,26250.0,26100.0,26200.0,3978.0,26150.0,26200.0,,,1207.0,2771.0,63.0,,,,
2026-10-01T00:19:00+00:00,478340.KQ,KOSDAQ,equity,13930.0,13950.0,13930.0,13950.0,331.0,13940.0,13950.0,,,54.0,277.0,15.0,,,,
2026-10-01T00:19:00+00:00,005930.KS,KRX,equity,266500.0,267000.0,266000.0,267000.0,32045.0,266500.0,267000.0,,,26133.0,5912.0,575.0,,,,
2026-10-01T00:19:00+00:00,012450.KS,KRX,equity,1013000.0,1015000.0,1012000.0,1013000.0,395.0,1012000.0,1013000.0,,,172.0,223.0,35.0,,,,
2026-10-01T00:19:00+00:00,032830.KS,KRX,equity,280000.0,280500.0,280000.0,280500.0,94.0,280000.0,280500.0,,,35.0,59.0,21.0,,,,
2026-10-01T00:19:00+00:00,035720.KS,KRX,equity,33450.0,33450.0,33400.0,33400.0,1901.0,33350.0,33400.0,,,256.0,1645.0,32.0,,,,
2026-10-01T00:19:00+00:00,035760.KQ,KOSDAQ,equity,36600.0,36700.0,36550.0,36550.0,231.0,36550.0,36600.0,,,181.0,50.0,8.0,,,,
2026-10-01T00:19:00+00:00,036930.KQ,KOSDAQ,equity,230500.0,231000.0,229500.0,230000.0,3451.0,230000.0,230500.0,,,1267.0,2184.0,129.0,,,,
2026-10-01T00:19:00+00:00,003490.KS,KRX,equity,31400.0,31450.0,31350.0,31350.0,3991.0,31350.0,31400.0,,,1468.0,2523.0,57.0,,,,
2026-10-01T00:19:00+00:00,005380.KS,KRX,equity,344500.0,345000.0,344000.0,345000.0,2570.0,344500.0,345000.0,,,1713.0,857.0,152.0,,,,
2026-10-01T00:19:00+00:00,005935.KS,KRX,equity,196100.0,196100.0,195900.0,196100.0,3652.0,196000.0,196100.0,,,1624.0,2028.0,142.0,,,,
2026-10-01T00:19:00+00:00,010950.KS,KRX,equity,156500.0,156600.0,156200.0,156200.0,1388.0,156100.0,156200.0,,,244.0,1144.0,64.0,,,,
2026-10-01T00:19:00+00:00,046970.KQ,KOSDAQ,equity,7210.0,7225.0,7180.0,7180.0,6045.0,7200.0,7210.0,,,2324.0,3721.0,21.0,,,,
2026-10-01T00:19:00+00:00,052690.KS,KRX,equity,126400.0,126400.0,125700.0,125700.0,4273.0,125700.0,125800.0,,,1053.0,3220.0,149.0,,,,
2026-10-01T00:19:00+00:00,058470.KQ,KOSDAQ,equity,74700.0,75500.0,74700.0,75100.0,14140.0,75100.0,75400.0,,,9059.0,5081.0,130.0,,,,
2026-10-01T00:19:00+00:00,003670.KS,KRX,equity,178900.0,178900.0,178700.0,178700.0,467.0,178700.0,178800.0,,,198.0,269.0,27.0,,,,
2026-10-01T00:19:00+00:00,042700.KS,KRX,equity,258750.0,260000.0,258500.0,260000.0,4539.0,259500.0,260000.0,,,3233.0,1306.0,211.0,,,,
2026-10-01T00:19:00+00:00,329180.KS,KRX,equity,430000.0,430000.0,429000.0,430000.0,1081.0,429500.0,430000.0,,,752.0,329.0,37.0,,,,
2026-10-01T00:19:00+00:00,093370.KS,KRX,equity,15090.0,15090.0,14980.0,14990.0,23398.0,14990.0,15000.0,,,2690.0,20708.0,145.0,,,,
2026-10-01T00:19:00+00:00,095610.KQ,KOSDAQ,equity,171800.0,171900.0,171000.0,171300.0,791.0,171200.0,171300.0,,,300.0,491.0,89.0,,,,
2026-10-01T00:19:00+00:00,001820.KS,KRX,equity,151700.0,152000.0,151200.0,151700.0,2554.0,151600.0,151700.0,,,1649.0,905.0,111.0,,,,
2026-10-01T00:19:00+00:00,222800.KQ,KOSDAQ,equity,149000.0,149300.0,148600.0,149100.0,1077.0,149000.0,149100.0,,,623.0,454.0,117.0,,,,
2026-10-01T00:19:00+00:00,006360.KS,KRX,equity,33350.0,33400.0,33300.0,33400.0,1305.0,33350.0,33400.0,,,596.0,709.0,31.0,,,,
2026-10-01T00:19:00+00:00,010140.KS,KRX,equity,19370.0,19420.0,19350.0,19410.0,40717.0,19410.0,19410.0,,,26743.0,13974.0,203.0,,,,
2026-10-01T00:19:00+00:00,393210.KQ,KOSDAQ,equity,3360.0,3365.0,3330.0,3355.0,14225.0,3335.0,3350.0,,,2615.0,11610.0,132.0,,,,
2026-10-01T00:19:00+00:00,240810.KQ,KOSDAQ,equity,135600.0,135700.0,135200.0,135600.0,6161.0,135500.0,135600.0,,,3667.0,2494.0,235.0,,,,
2026-10-01T00:19:00+00:00,089970.KQ,KOSDAQ,equity,65500.0,65700.0,65200.0,65400.0,9327.0,65400.0,65500.0,,,6268.0,3059.0,144.0,,,,
2026-10-01T00:19:00+00:00,042660.KS,KRX,equity,77500.0,77500.0,77300.0,77350.0,9811.0,77300.0,77400.0,,,1127.0,8684.0,109.0,,,,
2026-10-01T00:19:00+00:00,403870.KQ,KOSDAQ,equity,65300.0,65400.0,65100.0,65200.0,9792.0,65100.0,65200.0,,,3414.0,6378.0,265.0,,,,
2026-10-01T00:19:00+00:00,000810.KS,KRX,equity,632000.0,632000.0,630000.0,630000.0,158.0,630000.0,631000.0,,,1.0,157.0,7.0,,,,
2026-10-01T00:19:00+00:00,033780.KS,KRX,equity,177500.0,177600.0,177100.0,177300.0,288.0,177300.0,177500.0,,,161.0,127.0,30.0,,,,
2026-10-01T00:19:00+00:00,072950.KQ,KOSDAQ,equity,14650.0,14660.0,14600.0,14600.0,7368.0,14590.0,14610.0,,,1229.0,6139.0,77.0,,,,
2026-10-01T00:19:00+00:00,386380.KQ,KOSDAQ,equity,17640.0,17700.0,17620.0,17630.0,2109.0,17630.0,17680.0,,,629.0,1480.0,41.0,,,,
2026-10-01T00:19:00+00:00,011200.KS,KRX,equity,21050.0,21050.0,21000.0,21000.0,898.0,21000.0,21050.0,,,9.0,889.0,13.0,,,,
2026-10-01T00:19:00+00:00,034020.KS,KRX,equity,82200.0,82200.0,82100.0,82200.0,11076.0,82100.0,82200.0,,,2969.0,8107.0,199.0,,,,
2026-10-01T00:19:00+00:00,0010S0.KQ,KOSDAQ,equity,19750.0,19810.0,19750.0,19780.0,1419.0,19770.0,19780.0,,,564.0,855.0,39.0,,,,
2026-10-01T00:19:00+00:00,387690.KQ,KOSDAQ,equity,19430.0,19550.0,19410.0,19460.0,3356.0,19450.0,19490.0,,,2605.0,751.0,60.0,,,,
2026-10-01T00:19:00+00:00,051910.KS,KRX,equity,256000.0,256000.0,255500.0,256000.0,255.0,255500.0,256000.0,,,208.0,47.0,28.0,,,,
2026-10-01T00:19:00+00:00,066570.KS,KRX,equity,207500.0,208000.0,207500.0,208000.0,2083.0,207500.0,208000.0,,,1519.0,564.0,92.0,,,,
2026-10-01T00:19:00+00:00,267250.KS,KRX,equity,200500.0,200500.0,200000.0,200000.0,130.0,200000.0,200500.0,,,23.0,107.0,19.0,,,,
2026-10-01T00:19:00+00:00,010170.KQ,KOSDAQ,equity,16425.0,16430.0,16370.0,16380.0,17554.0,16370.0,16390.0,,,6273.0,11281.0,118.0,,,,
2026-10-01T00:19:00+00:00,005490.KS,KRX,equity,305500.0,305500.0,304500.0,305000.0,1411.0,304500.0,305000.0,,,129.0,1282.0,50.0,,,,
2026-10-01T00:19:00+00:00,024110.KS,KRX,equity,20100.0,20150.0,20050.0,20100.0,1833.0,20100.0,20150.0,,,321.0,1512.0,23.0,,,,
2026-10-01T00:19:00+00:00,278470.KS,KRX,equity,361500.0,362000.0,361000.0,361500.0,807.0,361000.0,361500.0,,,17.0,790.0,33.0,,,,
2026-10-01T00:19:00+00:00,009150.KS,KRX,equity,1478000.0,1484000.0,1476000.0,1484000.0,2463.0,1483000.0,1483000.0,,,1948.0,515.0,204.0,,,,
2026-10-01T00:19:00+00:00,017670.KS,KRX,equity,85500.0,85500.0,85400.0,85400.0,969.0,85400.0,85500.0,,,73.0,896.0,27.0,,,,
2026-10-01T00:19:00+00:00,005830.KS,KRX,equity,183200.0,184700.0,183100.0,183400.0,432.0,183400.0,184000.0,,,351.0,81.0,38.0,,,,
2026-10-01T00:19:00+00:00,010060.KS,KRX,equity,216000.0,216000.0,215500.0,216000.0,272.0,215500.0,216000.0,,,149.0,123.0,24.0,,,,
2026-10-01T00:19:00+00:00,068270.KS,KRX,equity,180700.0,181200.0,180600.0,181100.0,6618.0,181000.0,181100.0,,,5704.0,914.0,125.0,,,,
2026-10-01T00:19:00+00:00,030200.KS,KRX,equity,51700.0,51900.0,51700.0,51700.0,3103.0,51700.0,51800.0,,,593.0,2510.0,64.0,,,,
2026-10-01T00:19:00+00:00,086790.KS,KRX,equity,129900.0,130100.0,129800.0,130000.0,1551.0,130000.0,130000.0,,,1044.0,507.0,26.0,,,,
2026-10-01T00:19:00+00:00,034730.KS,KRX,equity,576000.0,577000.0,575000.0,576000.0,80.0,576000.0,576000.0,,,5.0,75.0,17.0,,,,
2026-10-01T00:19:00+00:00,373220.KS,KRX,equity,355000.0,355000.0,354500.0,354500.0,154.0,354500.0,355000.0,,,32.0,122.0,16.0,,,,
2026-10-01T00:19:00+00:00,047040.KS,KRX,equity,17600.0,17620.0,17540.0,17540.0,19376.0,17540.0,17560.0,,,6602.0,12774.0,127.0,,,,
2026-10-01T00:19:00+00:00,440110.KQ,KOSDAQ,equity,85200.0,85400.0,84900.0,85300.0,7033.0,85200.0,85300.0,,,3261.0,3772.0,125.0,,,,
2026-10-01T00:19:00+00:00,402340.KS,KRX,equity,1103000.0,1106000.0,1101000.0,1105000.0,994.0,1105000.0,1106000.0,,,482.0,512.0,114.0,,,,
2026-10-01T00:19:00+00:00,115440.KQ,KOSDAQ,equity,11320.0,11330.0,11310.0,11330.0,2753.0,11310.0,11330.0,,,1467.0,1286.0,24.0,,,,
2026-10-01T00:19:00+00:00,251270.KS,KRX,equity,34950.0,35100.0,34900.0,35100.0,1420.0,35000.0,35100.0,,,698.0,722.0,40.0,,,,
2026-10-01T00:19:00+00:00,353200.KS,KRX,equity,130600.0,131700.0,130600.0,131100.0,5444.0,130900.0,131100.0,,,4791.0,653.0,103.0,,,,
2026-10-01T00:19:00+00:00,009540.KS,KRX,equity,320500.0,321500.0,320500.0,321500.0,274.0,321000.0,321500.0,,,147.0,127.0,22.0,,,,
2026-10-01T00:19:00+00:00,015760.KS,KRX,equity,30050.0,30050.0,30000.0,30050.0,4360.0,30000.0,30050.0,,,2562.0,1798.0,46.0,,,,
2026-10-01T00:19:00+00:00,298040.KS,KRX,equity,2714000.0,2717000.0,2712000.0,2713000.0,197.0,2712000.0,2713000.0,,,66.0,131.0,46.0,,,,
2026-10-01T00:19:00+00:00,028050.KS,KRX,equity,47400.0,47400.0,47300.0,47300.0,6844.0,47250.0,47300.0,,,763.0,6081.0,53.0,,,,
2026-10-01T00:19:00+00:00,055550.KS,KRX,equity,105400.0,105800.0,105300.0,105700.0,5658.0,105600.0,105700.0,,,3847.0,1811.0,58.0,,,,
2026-10-01T00:19:00+00:00,021240.KS,KRX,equity,99600.0,99900.0,99500.0,99500.0,75.0,99500.0,99600.0,,,71.0,4.0,8.0,,,,
2026-10-01T00:19:00+00:00,018260.KS,KRX,equity,217000.0,217500.0,217000.0,217000.0,348.0,217000.0,217500.0,,,161.0,187.0,24.0,,,,
2026-10-01T00:19:00+00:00,272210.KS,KRX,equity,73400.0,73800.0,73300.0,73700.0,2617.0,73600.0,73700.0,,,2199.0,418.0,85.0,,,,
2026-10-01T00:19:00+00:00,356680.KQ,KOSDAQ,equity,17480.0,17570.0,17450.0,17520.0,6936.0,17500.0,17520.0,,,3865.0,3071.0,82.0,,,,
2026-10-01T00:19:00+00:00,103590.KS,KRX,equity,80300.0,80400.0,80200.0,80300.0,1802.0,80300.0,80500.0,,,1460.0,342.0,44.0,,,,
2026-10-01T00:19:00+00:00,028260.KS,KRX,equity,340500.0,340500.0,339500.0,340000.0,523.0,339500.0,340000.0,,,178.0,345.0,38.0,,,,
2026-10-01T00:19:00+00:00,000150.KS,KRX,equity,1391000.0,1394000.0,1387000.0,1392000.0,637.0,1390000.0,1392000.0,,,221.0,416.0,66.0,,,,
2026-10-01T00:19:00+00:00,096770.KS,KRX,equity,146800.0,146900.0,146400.0,146400.0,2494.0,146600.0,146700.0,,,850.0,1644.0,68.0,,,,
2026-10-01T00:19:00+00:00,326030.KS,KRX,equity,74200.0,74300.0,74200.0,74300.0,304.0,74200.0,74300.0,,,71.0,233.0,19.0,,,,
2026-10-01T00:19:00+00:00,035420.KS,KRX,equity,191900.0,192300.0,191900.0,192100.0,5881.0,192100.0,192200.0,,,4480.0,1401.0,110.0,,,,
2026-10-01T00:19:00+00:00,011070.KS,KRX,equity,559000.0,561000.0,559000.0,560000.0,310.0,560000.0,561000.0,,,238.0,72.0,32.0,,,,
2026-10-01T00:19:00+00:00,128940.KS,KRX,equity,495000.0,496000.0,495000.0,495500.0,113.0,495000.0,495500.0,,,83.0,30.0,17.0,,,,
2026-10-01T00:19:00+00:00,011170.KS,KRX,equity,60500.0,60500.0,60300.0,60300.0,18.0,60300.0,60500.0,,,15.0,3.0,5.0,,,,
2026-10-01T00:19:00+00:00,047810.KS,KRX,equity,125700.0,126200.0,125600.0,125700.0,811.0,125900.0,126000.0,,,635.0,176.0,24.0,,,,
2026-10-01T00:19:00+00:00,003550.KS,KRX,equity,109500.0,109900.0,109400.0,109500.0,280.0,109400.0,109500.0,,,101.0,179.0,27.0,,,,
2026-10-01T00:19:00+00:00,011780.KS,KRX,equity,115200.0,115700.0,115200.0,115700.0,110.0,115500.0,115700.0,,,108.0,2.0,15.0,,,,
2026-10-01T00:19:00+00:00,003230.KS,KRX,equity,1219000.0,1219000.0,1214000.0,1218000.0,19.0,1218000.0,1219000.0,,,2.0,17.0,14.0,,,,
2026-10-01T00:19:00+00:00,419050.KQ,KOSDAQ,equity,1831.0,1832.0,1822.0,1823.0,2410.0,1823.0,1824.0,,,411.0,1999.0,32.0,,,,
2026-10-01T00:19:00+00:00,180640.KS,KRX,equity,132100.0,132100.0,131800.0,132100.0,9.0,131900.0,132100.0,,,5.0,4.0,4.0,,,,
2026-10-01T00:19:00+00:00,207940.KS,KRX,equity,1394000.0,1398000.0,1394000.0,1395000.0,192.0,1395000.0,1398000.0,,,151.0,41.0,34.0,,,,
2026-10-01T00:19:00+00:00,201490.KQ,KOSDAQ,equity,3435.0,3445.0,3430.0,3440.0,700.0,3430.0,3440.0,,,118.0,582.0,10.0,,,,
2026-10-01T00:00:50+00:00,^KS11,KRX,index,6802.509765625,6802.509765625,6802.509765625,6802.509765625,0.0,,,,,,,,,,,
2026-10-01T00:00:50+00:00,^KQ11,KOSDAQ,index,852.4500122070312,852.4500122070312,852.4500122070312,852.4500122070312,0.0,,,,,,,,,,,
2026-10-01T00:20:00+00:00,BTC-USD,CRYPTO,crypto,83394.4,83451.0,83394.4,83442.7,0.26770673,,,,,,,90.0,,,,
2026-10-01T00:20:00+00:00,ETH-USD,CRYPTO,crypto,2678.21,2679.93,2678.21,2679.93,13.50680168,,,,,,,39.0,,,,
2026-10-01T00:20:00+00:00,095610.KQ,KOSDAQ,equity,171100.0,172000.0,171100.0,171400.0,1595.0,171500.0,171600.0,,,855.0,740.0,113.0,,,,
2026-10-01T00:20:00+00:00,043260.KQ,KOSDAQ,equity,27000.0,27200.0,26900.0,27150.0,37629.0,27100.0,27150.0,,,14231.0,23398.0,318.0,,,,
2026-10-01T00:20:00+00:00,000660.KS,KRX,equity,1770000.0,1772000.0,1765000.0,1766000.0,5785.0,1766000.0,1766000.0,,,3559.0,2226.0,257.0,,,,
2026-10-01T00:20:00+00:00,005930.KS,KRX,equity,266750.0,267250.0,266500.0,267000.0,37249.0,266500.0,267000.0,,,20050.0,17199.0,530.0,,,,
2026-10-01T00:20:00+00:00,010120.KS,KRX,equity,200000.0,200500.0,200000.0,200500.0,1111.0,200000.0,200500.0,,,700.0,411.0,91.0,,,,
2026-10-01T00:20:00+00:00,034020.KS,KRX,equity,82200.0,82200.0,82000.0,82000.0,10412.0,82000.0,82100.0,,,1327.0,9085.0,195.0,,,,
2026-10-01T00:20:00+00:00,035720.KS,KRX,equity,33400.0,33450.0,33350.0,33400.0,2241.0,33350.0,33400.0,,,459.0,1782.0,32.0,,,,
2026-10-01T00:20:00+00:00,067310.KQ,KOSDAQ,equity,48800.0,48950.0,48750.0,48750.0,13040.0,48750.0,48850.0,,,9145.0,3895.0,197.0,,,,
2026-10-01T00:20:00+00:00,068270.KS,KRX,equity,181100.0,181500.0,181000.0,181400.0,9161.0,181400.0,181500.0,,,7434.0,1727.0,181.0,,,,
2026-10-01T00:20:00+00:00,316140.KS,KRX,equity,33450.0,33450.0,33400.0,33400.0,4322.0,33400.0,33450.0,,,2207.0,2115.0,145.0,,,,
2026-10-01T00:20:00+00:00,353200.KS,KRX,equity,131100.0,131100.0,130800.0,130900.0,2166.0,130800.0,130900.0,,,643.0,1523.0,92.0,,,,
2026-10-01T00:20:00+00:00,066570.KS,KRX,equity,208000.0,208000.0,207500.0,207500.0,2793.0,207500.0,208000.0,,,942.0,1851.0,86.0,,,,
2026-10-01T00:20:00+00:00,080220.KQ,KOSDAQ,equity,78900.0,79200.0,78800.0,78900.0,4115.0,78900.0,79000.0,,,2273.0,1842.0,113.0,,,,
2026-10-01T00:20:00+00:00,272210.KS,KRX,equity,73650.0,74000.0,73600.0,74000.0,1727.0,73900.0,74000.0,,,1467.0,260.0,81.0,,,,
2026-10-01T00:20:00+00:00,329180.KS,KRX,equity,430000.0,430000.0,429500.0,430000.0,318.0,430000.0,430000.0,,,118.0,200.0,30.0,,,,
2026-10-01T00:20:00+00:00,0161M0.KQ,KOSDAQ,equity,16390.0,16390.0,16280.0,16320.0,5966.0,16320.0,16330.0,,,1281.0,4685.0,451.0,,,,
2026-10-01T00:20:00+00:00,093370.KS,KRX,equity,14990.0,15180.0,14980.0,15160.0,31723.0,15140.0,15160.0,,,25122.0,6601.0,185.0,,,,
2026-10-01T00:20:00+00:00,115440.KQ,KOSDAQ,equity,11330.0,11340.0,11300.0,11320.0,3449.0,11300.0,11330.0,,,716.0,2733.0,31.0,,,,
2026-10-01T00:20:00+00:00,240810.KQ,KOSDAQ,equity,135500.0,136100.0,135500.0,135800.0,8672.0,135800.0,135900.0,,,5049.0,3623.0,224.0,,,,
2026-10-01T00:20:00+00:00,278470.KS,KRX,equity,361500.0,362000.0,360500.0,361500.0,1067.0,361500.0,362000.0,,,312.0,755.0,36.0,,,,
2026-10-01T00:20:00+00:00,009830.KS,KRX,equity,33500.0,33700.0,33250.0,33550.0,33958.0,33500.0,33550.0,,,13265.0,20693.0,198.0,,,,
2026-10-01T00:20:00+00:00,011780.KS,KRX,equity,115600.0,115600.0,115400.0,115400.0,187.0,115400.0,115500.0,,,14.0,173.0,15.0,,,,
2026-10-01T00:20:00+00:00,030530.KQ,KOSDAQ,equity,26450.0,26700.0,26450.0,26650.0,3321.0,26650.0,26750.0,,,2132.0,1189.0,42.0,,,,
2026-10-01T00:20:00+00:00,089970.KQ,KOSDAQ,equity,65300.0,65600.0,65300.0,65500.0,7341.0,65400.0,65500.0,,,4380.0,2961.0,97.0,,,,
2026-10-01T00:20:00+00:00,403870.KQ,KOSDAQ,equity,65100.0,65800.0,65100.0,65700.0,24692.0,65600.0,65700.0,,,17346.0,7346.0,398.0,,,,
2026-10-01T00:20:00+00:00,222800.KQ,KOSDAQ,equity,149100.0,149200.0,148900.0,149100.0,938.0,149100.0,149200.0,,,595.0,343.0,85.0,,,,
2026-10-01T00:20:00+00:00,005935.KS,KRX,equity,196000.0,196100.0,195600.0,195600.0,8071.0,195600.0,195800.0,,,2965.0,5106.0,168.0,,,,
2026-10-01T00:20:00+00:00,042700.KS,KRX,equity,260000.0,261500.0,259500.0,260000.0,8399.0,260000.0,260500.0,,,5483.0,2916.0,258.0,,,,
2026-10-01T00:20:00+00:00,047040.KS,KRX,equity,17540.0,17580.0,17510.0,17580.0,34576.0,17560.0,17580.0,,,15297.0,19279.0,167.0,,,,
2026-10-01T00:20:00+00:00,319660.KQ,KOSDAQ,equity,152500.0,152800.0,152500.0,152600.0,1353.0,152600.0,152700.0,,,1096.0,257.0,98.0,,,,
2026-10-01T00:20:00+00:00,005490.KS,KRX,equity,304500.0,305500.0,304500.0,305500.0,1543.0,305000.0,305500.0,,,1101.0,442.0,41.0,,,,
2026-10-01T00:20:00+00:00,012330.KS,KRX,equity,380500.0,381250.0,380000.0,380500.0,3699.0,380000.0,380500.0,,,845.0,2854.0,153.0,,,,
2026-10-01T00:20:00+00:00,207940.KS,KRX,equity,1395000.0,1398000.0,1395000.0,1397000.0,223.0,1397000.0,1399000.0,,,167.0,56.0,26.0,,,,
2026-10-01T00:20:00+00:00,036540.KQ,KOSDAQ,equity,11160.0,11190.0,11120.0,11120.0,42435.0,11120.0,11130.0,,,18301.0,24134.0,448.0,,,,
2026-10-01T00:20:00+00:00,393210.KQ,KOSDAQ,equity,3335.0,3360.0,3320.0,3360.0,11333.0,3335.0,3345.0,,,5262.0,6071.0,35.0,,,,
2026-10-01T00:20:00+00:00,000150.KS,KRX,equity,1390000.0,1392000.0,1387000.0,1390000.0,190.0,1390000.0,1390000.0,,,160.0,30.0,46.0,,,,
2026-10-01T00:20:00+00:00,009150.KS,KRX,equity,1484000.0,1484000.0,1479000.0,1480000.0,1894.0,1480000.0,1480000.0,,,971.0,923.0,240.0,,,,
2026-10-01T00:20:00+00:00,010170.KQ,KOSDAQ,equity,16380.0,16500.0,16380.0,16450.0,18904.0,16440.0,16450.0,,,15185.0,3719.0,110.0,,,,
2026-10-01T00:20:00+00:00,015760.KS,KRX,equity,30050.0,30050.0,30000.0,30050.0,4062.0,30000.0,30050.0,,,431.0,3631.0,25.0,,,,
2026-10-01T00:20:00+00:00,003230.KS,KRX,equity,1219000.0,1219000.0,1217000.0,1219000.0,48.0,1214000.0,1219000.0,,,36.0,12.0,12.0,,,,
2026-10-01T00:20:00+00:00,017670.KS,KRX,equity,85400.0,85500.0,85300.0,85400.0,1210.0,85400.0,85500.0,,,215.0,995.0,42.0,,,,
2026-10-01T00:20:00+00:00,001820.KS,KRX,equity,151800.0,151900.0,151500.0,151500.0,1322.0,151500.0,151600.0,,,842.0,480.0,87.0,,,,
2026-10-01T00:20:00+00:00,096770.KS,KRX,equity,146500.0,147000.0,146300.0,146800.0,3764.0,146800.0,146900.0,,,2431.0,1333.0,90.0,,,,
2026-10-01T00:20:00+00:00,440110.KQ,KOSDAQ,equity,85200.0,85600.0,84900.0,85500.0,4868.0,85500.0,85600.0,,,3295.0,1573.0,319.0,,,,
2026-10-01T00:20:00+00:00,042660.KS,KRX,equity,77300.0,77400.0,77300.0,77400.0,11208.0,77400.0,77500.0,,,6081.0,5127.0,105.0,,,,
2026-10-01T00:20:00+00:00,950260.KQ,KOSDAQ,equity,26150.0,26500.0,26150.0,26400.0,2763.0,26400.0,26450.0,,,1938.0,825.0,69.0,,,,
2026-10-01T00:20:00+00:00,051910.KS,KRX,equity,255500.0,256500.0,255500.0,256000.0,742.0,256000.0,256000.0,,,552.0,190.0,40.0,,,,
2026-10-01T00:20:00+00:00,251270.KS,KRX,equity,35000.0,35000.0,34950.0,35000.0,1245.0,34950.0,35000.0,,,695.0,550.0,23.0,,,,
2026-10-01T00:20:00+00:00,356680.KQ,KOSDAQ,equity,17500.0,17620.0,17500.0,17510.0,7075.0,17510.0,17530.0,,,3635.0,3440.0,96.0,,,,
2026-10-01T00:20:00+00:00,000270.KS,KRX,equity,113700.0,113900.0,113600.0,113800.0,1371.0,113800.0,113900.0,,,907.0,464.0,74.0,,,,
2026-10-01T00:20:00+00:00,298040.KS,KRX,equity,2713000.0,2720000.0,2713000.0,2718000.0,94.0,2718000.0,2720000.0,,,80.0,14.0,33.0,,,,
2026-10-01T00:20:00+00:00,419050.KQ,KOSDAQ,equity,1822.0,1824.0,1814.0,1823.0,35045.0,1820.0,1823.0,,,21593.0,13452.0,41.0,,,,
2026-10-01T00:20:00+00:00,003490.KS,KRX,equity,31350.0,31500.0,31350.0,31500.0,8246.0,31450.0,31500.0,,,6394.0,1852.0,44.0,,,,
2026-10-01T00:20:00+00:00,033780.KS,KRX,equity,177600.0,177600.0,177200.0,177200.0,149.0,177200.0,177400.0,,,83.0,66.0,18.0,,,,
2026-10-01T00:20:00+00:00,201490.KQ,KOSDAQ,equity,3435.0,3440.0,3435.0,3435.0,116.0,3435.0,3440.0,,,93.0,23.0,5.0,,,,
2026-10-01T00:20:00+00:00,006400.KS,KRX,equity,506000.0,507000.0,506000.0,506000.0,1301.0,506000.0,507000.0,,,305.0,996.0,101.0,,,,
2026-10-01T00:20:00+00:00,009540.KS,KRX,equity,321500.0,321500.0,320000.0,321500.0,999.0,320500.0,321000.0,,,573.0,426.0,56.0,,,,
2026-10-01T00:20:00+00:00,387690.KQ,KOSDAQ,equity,19450.0,19460.0,19360.0,19360.0,3496.0,19360.0,19430.0,,,1477.0,2019.0,54.0,,,,
2026-10-01T00:20:00+00:00,028260.KS,KRX,equity,340000.0,340500.0,339500.0,339500.0,1178.0,339500.0,340000.0,,,316.0,862.0,35.0,,,,
2026-10-01T00:20:00+00:00,386380.KQ,KOSDAQ,equity,17630.0,17690.0,17600.0,17690.0,3520.0,17630.0,17690.0,,,986.0,2534.0,48.0,,,,
2026-10-01T00:20:00+00:00,001440.KS,KRX,equity,29000.0,29000.0,28950.0,28950.0,4421.0,28950.0,29000.0,,,2060.0,2361.0,100.0,,,,
2026-10-01T00:20:00+00:00,005380.KS,KRX,equity,344500.0,345000.0,344500.0,345000.0,714.0,344500.0,345000.0,,,391.0,323.0,103.0,,,,
2026-10-01T00:20:00+00:00,052690.KS,KRX,equity,125700.0,125800.0,125300.0,125600.0,7198.0,125700.0,125800.0,,,2246.0,4952.0,206.0,,,,
2026-10-01T00:20:00+00:00,103590.KS,KRX,equity,80500.0,80700.0,80400.0,80500.0,1370.0,80500.0,80600.0,,,827.0,543.0,39.0,,,,
2026-10-01T00:20:00+00:00,058470.KQ,KOSDAQ,equity,75100.0,75600.0,75100.0,75200.0,18634.0,75300.0,75400.0,,,10391.0,8243.0,147.0,,,,
2026-10-01T00:20:00+00:00,036930.KQ,KOSDAQ,equity,230000.0,231500.0,230000.0,231000.0,4099.0,231000.0,231500.0,,,1700.0,2399.0,110.0,,,,
2026-10-01T00:20:00+00:00,000720.KS,KRX,equity,115900.0,116400.0,115600.0,116100.0,6536.0,116100.0,116200.0,,,2355.0,4181.0,113.0,,,,
2026-10-01T00:20:00+00:00,072950.KQ,KOSDAQ,equity,14590.0,14690.0,14580.0,14690.0,5040.0,14680.0,14690.0,,,2495.0,2545.0,86.0,,,,
2026-10-01T00:20:00+00:00,010950.KS,KRX,equity,156100.0,156400.0,156000.0,156300.0,1088.0,156200.0,156300.0,,,333.0,755.0,44.0,,,,
2026-10-01T00:20:00+00:00,055550.KS,KRX,equity,105700.0,105700.0,105400.0,105500.0,1534.0,105400.0,105500.0,,,209.0,1325.0,37.0,,,,
2026-10-01T00:20:00+00:00,007660.KS,KRX,equity,114600.0,114900.0,114600.0,114900.0,892.0,114800.0,114900.0,,,668.0,224.0,64.0,,,,
2026-10-01T00:20:00+00:00,396300.KQ,KOSDAQ,equity,5420.0,5430.0,5410.0,5420.0,4827.0,5420.0,5430.0,,,2001.0,2826.0,26.0,,,,
2026-10-01T00:20:00+00:00,024110.KS,KRX,equity,20100.0,20150.0,20050.0,20075.0,3238.0,20100.0,20100.0,,,576.0,2662.0,38.0,,,,
2026-10-01T00:20:00+00:00,028050.KS,KRX,equity,47300.0,47300.0,47100.0,47100.0,15108.0,47100.0,47150.0,,,2775.0,12333.0,99.0,,,,
2026-10-01T00:20:00+00:00,003670.KS,KRX,equity,178800.0,179300.0,178400.0,179100.0,2195.0,179000.0,179200.0,,,1014.0,1181.0,63.0,,,,
2026-10-01T00:20:00+00:00,011070.KS,KRX,equity,560000.0,561000.0,559000.0,559000.0,201.0,559000.0,560000.0,,,22.0,179.0,30.0,,,,
2026-10-01T00:20:00+00:00,006360.KS,KRX,equity,33400.0,33400.0,33350.0,33400.0,2947.0,33350.0,33400.0,,,763.0,2184.0,43.0,,,,
2026-10-01T00:20:00+00:00,010140.KS,KRX,equity,19410.0,19470.0,19380.0,19460.0,23930.0,19440.0,19460.0,,,11580.0,12350.0,108.0,,,,
2026-10-01T00:20:00+00:00,267250.KS,KRX,equity,200500.0,200500.0,199300.0,200000.0,3403.0,199700.0,200000.0,,,1572.0,1831.0,70.0,,,,
2026-10-01T00:20:00+00:00,018260.KS,KRX,equity,217000.0,217500.0,217000.0,217500.0,156.0,217000.0,217500.0,,,31.0,125.0,11.0,,,,
2026-10-01T00:20:00+00:00,402340.KS,KRX,equity,1106000.0,1108000.0,1103000.0,1104000.0,2518.0,1105000.0,1104000.0,,,1577.0,941.0,98.0,,,,
2026-10-01T00:20:00+00:00,012450.KS,KRX,equity,1013000.0,1014000.0,1012000.0,1014000.0,151.0,1013000.0,1014000.0,,,145.0,6.0,35.0,,,,
2026-10-01T00:20:00+00:00,108490.KQ,KOSDAQ,equity,279000.0,280500.0,279000.0,280000.0,1784.0,280000.0,280500.0,,,900.0,884.0,94.0,,,,
2026-10-01T00:20:00+00:00,086790.KS,KRX,equity,130000.0,130000.0,129800.0,129800.0,1469.0,129700.0,129800.0,,,236.0,1233.0,28.0,,,,
2026-10-01T00:20:00+00:00,047810.KS,KRX,equity,125900.0,125900.0,125700.0,125800.0,287.0,125700.0,125800.0,,,77.0,210.0,24.0,,,,
2026-10-01T00:20:00+00:00,011170.KS,KRX,equity,60400.0,60400.0,60200.0,60200.0,252.0,60200.0,60300.0,,,4.0,248.0,8.0,,,,
2026-10-01T00:20:00+00:00,326030.KS,KRX,equity,74200.0,74500.0,74200.0,74400.0,231.0,74400.0,74500.0,,,199.0,32.0,20.0,,,,
2026-10-01T00:20:00+00:00,035420.KS,KRX,equity,192100.0,192200.0,192000.0,192100.0,1518.0,192000.0,192100.0,,,1201.0,317.0,93.0,,,,
2026-10-01T00:20:00+00:00,000810.KS,KRX,equity,631000.0,631000.0,629000.0,629000.0,94.0,629000.0,630000.0,,,42.0,52.0,12.0,,,,
2026-10-01T00:20:00+00:00,011200.KS,KRX,equity,21050.0,21050.0,20950.0,21000.0,3687.0,21000.0,21050.0,,,1118.0,2569.0,40.0,,,,
2026-10-01T00:20:00+00:00,030200.KS,KRX,equity,51700.0,51700.0,51600.0,51600.0,795.0,51700.0,51700.0,,,187.0,608.0,28.0,,,,
2026-10-01T00:20:00+00:00,032830.KS,KRX,equity,280500.0,280500.0,280000.0,280000.0,173.0,280000.0,280500.0,,,63.0,110.0,22.0,,,,
2026-10-01T00:20:00+00:00,128940.KS,KRX,equity,495000.0,498000.0,495000.0,496500.0,359.0,496000.0,496500.0,,,253.0,106.0,24.0,,,,
2026-10-01T00:20:00+00:00,034730.KS,KRX,equity,575000.0,577000.0,575000.0,576000.0,94.0,576000.0,576000.0,,,3.0,91.0,16.0,,,,
2026-10-01T00:20:00+00:00,105560.KS,KRX,equity,169200.0,169300.0,168700.0,169000.0,5421.0,168800.0,168800.0,,,2332.0,3089.0,90.0,,,,
2026-10-01T00:20:00+00:00,373220.KS,KRX,equity,355000.0,355000.0,353500.0,355000.0,1245.0,354500.0,355000.0,,,599.0,646.0,27.0,,,,
2026-10-01T00:20:00+00:00,0010S0.KQ,KOSDAQ,equity,19770.0,19770.0,19710.0,19730.0,3119.0,19710.0,19730.0,,,379.0,2740.0,48.0,,,,
2026-10-01T00:20:00+00:00,003550.KS,KRX,equity,109400.0,109800.0,109400.0,109600.0,463.0,109500.0,109600.0,,,407.0,56.0,23.0,,,,
2026-10-01T00:20:00+00:00,010060.KS,KRX,equity,216000.0,216000.0,215500.0,216000.0,742.0,215500.0,216000.0,,,186.0,556.0,42.0,,,,
2026-10-01T00:20:00+00:00,046970.KQ,KOSDAQ,equity,7210.0,7210.0,7170.0,7200.0,3346.0,7200.0,7220.0,,,780.0,2566.0,28.0,,,,
2026-10-01T00:20:00+00:00,478340.KQ,KOSDAQ,equity,13960.0,14000.0,13940.0,13990.0,1265.0,13990.0,14000.0,,,884.0,381.0,27.0,,,,
2026-10-01T00:05:00+00:00,^N225,Japan,index,67284.9609375,67379.1171875,67284.9609375,67379.1171875,0.0,,,,,,,,,,,
2026-10-01T00:06:20+00:00,^N225,Japan,index,67386.9921875,67386.9921875,67386.9921875,67386.9921875,0.0,,,,,,,,,,,
2026-10-01T00:11:00+00:00,ES=F,CME,index_future,7740.0,7740.5,7739.0,7739.75,0.0,,,,,,,,,,,
2026-10-01T00:11:21+00:00,ES=F,CME,index_future,7739.25,7739.25,7739.25,7739.25,0.0,,,,,,,,,,,
2026-10-01T00:11:00+00:00,NQ=F,CME,index_future,30799.25,30803.25,30793.25,30800.5,0.0,,,,,,,,,,,
2026-10-01T00:11:21+00:00,NQ=F,CME,index_future,30796.75,30796.75,30796.75,30796.75,0.0,,,,,,,,,,,
2026-10-01T00:11:00+00:00,GC=F,COMEX,commodity_future,4181.7998046875,4182.0,4180.7001953125,4181.2998046875,0.0,,,,,,,,,,,
2026-10-01T00:11:14+00:00,GC=F,COMEX,commodity_future,4180.89990234375,4180.89990234375,4180.89990234375,4180.89990234375,0.0,,,,,,,,,,,
2026-10-01T00:10:00+00:00,SI=F,COMEX,commodity_future,60.55500030517578,60.560001373291016,60.55500030517578,60.55500030517578,3.0,,,,,,,,,,,
2026-10-01T00:11:00+00:00,SI=F,COMEX,commodity_future,60.55500030517578,60.560001373291016,60.540000915527344,60.540000915527344,0.0,,,,,,,,,,,
2026-10-01T00:11:20+00:00,SI=F,COMEX,commodity_future,60.54499816894531,60.54499816894531,60.54499816894531,60.54499816894531,0.0,,,,,,,,,,,
2026-10-01T00:11:00+00:00,CL=F,NYMEX,commodity_future,90.41000366210938,90.62999725341795,90.38999938964844,90.38999938964844,0.0,,,,,,,,,,,
2026-10-01T00:11:21+00:00,CL=F,NYMEX,commodity_future,90.58999633789062,90.58999633789062,90.58999633789062,90.58999633789062,0.0,,,,,,,,,,,
2026-10-01T00:11:00+00:00,HG=F,COMEX,commodity_future,6.626999855041504,6.626999855041504,6.626999855041504,6.626999855041504,0.0,,,,,,,,,,,
2026-10-01T00:11:09+00:00,HG=F,COMEX,commodity_future,6.626999855041504,6.626999855041504,6.626999855041504,6.626999855041504,0.0,,,,,,,,,,,
2026-10-01T00:19:00+00:00,EURUSD=X,FX,currency,1.1332728862762451,1.1332728862762451,1.1332728862762451,1.1332728862762451,0.0,,,,,,,,,,,
2026-10-01T00:20:00+00:00,KRW=X,FX,currency,1357.3800048828125,1357.5999755859375,1357.280029296875,1357.5999755859375,0.0,,,,,,,,,,,
2026-10-01T00:20:00+00:00,JPY=X,FX,currency,157.6649932861328,157.69000244140625,157.6529998779297,157.6790008544922,0.0,,,,,,,,,,,
2026-10-01T00:19:00+00:00,GBPUSD=X,FX,currency,1.3263479471206665,1.3263479471206665,1.3263479471206665,1.3263479471206665,0.0,,,,,,,,,,,
2026-10-01T00:20:00+00:00,005830.KS,KRX,equity,183500.0,183800.0,182800.0,183600.0,281.0,183000.0,183600.0,,,125.0,156.0,29.0,,,,
2026-10-01T00:20:00+00:00,180640.KS,KRX,equity,132100.0,132200.0,132100.0,132200.0,31.0,132200.0,132200.0,,,8.0,23.0,4.0,,,,
2026-10-01T00:20:00+00:00,035760.KQ,KOSDAQ,equity,36550.0,36600.0,36550.0,36550.0,76.0,36550.0,36600.0,,,1.0,75.0,6.0,,,,
2026-10-01T00:20:00+00:00,021240.KS,KRX,equity,99500.0,99900.0,99500.0,99600.0,19.0,99600.0,99700.0,,,14.0,5.0,4.0,,,,
2026-10-01T00:00:00+00:00,^KS11,KRX,index,6814.490234375,6814.490234375,6802.509765625,6802.509765625,0.0,,,,,,,,,,,
2026-10-01T00:01:50+00:00,^KS11,KRX,index,6792.8798828125,6792.8798828125,6792.8798828125,6792.8798828125,0.0,,,,,,,,,,,
2026-10-01T00:00:00+00:00,^KQ11,KOSDAQ,index,853.9600219726562,853.9600219726562,852.4500122070312,852.4500122070312,0.0,,,,,,,,,,,
2026-10-01T00:01:50+00:00,^KQ11,KOSDAQ,index,853.739990234375,853.739990234375,853.739990234375,853.739990234375,0.0,,,,,,,,,,,
2026-10-01T00:21:00+00:00,009150.KS,KRX,equity,1479000.0,1481000.0,1477000.0,1478000.0,1399.0,1478000.0,1477000.0,,,565.0,834.0,208.0,,,,
2026-10-01T00:21:00+00:00,402340.KS,KRX,equity,1104000.0,1105000.0,1102000.0,1103000.0,924.0,1102000.0,1103000.0,,,488.0,436.0,120.0,,,,
2026-10-01T00:21:00+00:00,BTC-USD,CRYPTO,crypto,83442.9,83454.4,83425.8,83435.6,0.27208517,,,,,,,52.0,,,,
2026-10-01T00:21:00+00:00,ETH-USD,CRYPTO,crypto,2680.1,2680.57,2679.99,2680.57,2.99595479,,,,,,,30.0,,,,
2026-10-01T00:21:00+00:00,072950.KQ,KOSDAQ,equity,14680.0,14720.0,14660.0,14680.0,3741.0,14680.0,14690.0,,,1891.0,1850.0,49.0,,,,
2026-10-01T00:21:00+00:00,240810.KQ,KOSDAQ,equity,135800.0,136200.0,135700.0,135800.0,5030.0,135700.0,135800.0,,,3216.0,1814.0,182.0,,,,
2026-10-01T00:21:00+00:00,005930.KS,KRX,equity,267000.0,267500.0,266500.0,266750.0,40050.0,266500.0,267000.0,,,27483.0,12567.0,586.0,,,,
2026-10-01T00:21:00+00:00,006360.KS,KRX,equity,33400.0,33450.0,33350.0,33450.0,1114.0,33400.0,33450.0,,,598.0,516.0,22.0,,,,
2026-10-01T00:21:00+00:00,093370.KS,KRX,equity,15160.0,15240.0,15140.0,15240.0,49907.0,15220.0,15240.0,,,38166.0,11741.0,205.0,,,,
2026-10-01T00:21:00+00:00,000660.KS,KRX,equity,1766000.0,1769000.0,1763000.0,1766000.0,7200.0,1767000.0,1767000.0,,,4778.0,2422.0,316.0,,,,
2026-10-01T00:21:00+00:00,010140.KS,KRX,equity,19440.0,19460.0,19410.0,19410.0,34464.0,19440.0,19420.0,,,8699.0,25765.0,151.0,,,,
2026-10-01T00:21:00+00:00,010950.KS,KRX,equity,156400.0,156500.0,156100.0,156100.0,261.0,156100.0,156200.0,,,36.0,225.0,35.0,,,,
2026-10-01T00:21:00+00:00,067310.KQ,KOSDAQ,equity,48800.0,49000.0,48750.0,48950.0,15523.0,48950.0,49000.0,,,7858.0,7665.0,224.0,,,,
2026-10-01T00:21:00+00:00,089970.KQ,KOSDAQ,equity,65500.0,65600.0,65300.0,65500.0,6703.0,65500.0,65500.0,,,2831.0,3872.0,88.0,,,,
2026-10-01T00:21:00+00:00,012330.KS,KRX,equity,380500.0,383500.0,380500.0,382000.0,5933.0,381500.0,382000.0,,,3680.0,2253.0,232.0,,,,
2026-10-01T00:21:00+00:00,0161M0.KQ,KOSDAQ,equity,16330.0,16450.0,16320.0,16450.0,4576.0,16440.0,16450.0,,,3295.0,1281.0,438.0,,,,
2026-10-01T00:21:00+00:00,035720.KS,KRX,equity,33350.0,33450.0,33350.0,33350.0,747.0,33350.0,33400.0,,,455.0,292.0,34.0,,,,
2026-10-01T00:21:00+00:00,036540.KQ,KOSDAQ,equity,11120.0,11210.0,11110.0,11160.0,129741.0,11140.0,11160.0,,,79766.0,49975.0,325.0,,,,
2026-10-01T00:21:00+00:00,005935.KS,KRX,equity,195800.0,195800.0,195400.0,195500.0,5120.0,195400.0,195500.0,,,1227.0,3893.0,163.0,,,,
2026-10-01T00:21:00+00:00,042700.KS,KRX,equity,260500.0,260500.0,260000.0,260000.0,1097.0,260000.0,260500.0,,,573.0,524.0,126.0,,,,
2026-10-01T00:21:00+00:00,387690.KQ,KOSDAQ,equity,19370.0,19370.0,19150.0,19190.0,13475.0,19190.0,19260.0,,,3863.0,9612.0,125.0,,,,
2026-10-01T00:21:00+00:00,000270.KS,KRX,equity,113900.0,114200.0,113700.0,113900.0,3801.0,113900.0,113800.0,,,2010.0,1791.0,84.0,,,,
2026-10-01T00:21:00+00:00,005380.KS,KRX,equity,345000.0,346000.0,345000.0,345500.0,3482.0,345500.0,345500.0,,,2798.0,684.0,128.0,,,,
2026-10-01T00:21:00+00:00,035420.KS,KRX,equity,192100.0,192200.0,191950.0,192000.0,1057.0,192000.0,192000.0,,,328.0,729.0,66.0,,,,
2026-10-01T00:21:00+00:00,043260.KQ,KOSDAQ,equity,27150.0,27250.0,27100.0,27150.0,23172.0,27150.0,27200.0,,,13252.0,9920.0,296.0,,,,
2026-10-01T00:21:00+00:00,055550.KS,KRX,equity,105500.0,105500.0,105400.0,105500.0,190.0,105400.0,105500.0,,,167.0,23.0,22.0,,,,
2026-10-01T00:21:00+00:00,105560.KS,KRX,equity,169000.0,169100.0,168700.0,169000.0,3894.0,169000.0,169000.0,,,2372.0,1522.0,68.0,,,,
2026-10-01T00:21:00+00:00,386380.KQ,KOSDAQ,equity,17630.0,17690.0,17630.0,17640.0,1196.0,17630.0,17640.0,,,227.0,969.0,30.0,,,,
2026-10-01T00:21:00+00:00,034020.KS,KRX,equity,82100.0,82100.0,81800.0,81900.0,13418.0,81800.0,81900.0,,,2203.0,11215.0,218.0,,,,
2026-10-01T00:21:00+00:00,068270.KS,KRX,equity,181500.0,181500.0,181100.0,181100.0,1794.0,181100.0,181200.0,,,1212.0,582.0,115.0,,,,
2026-10-01T00:21:00+00:00,080220.KQ,KOSDAQ,equity,78900.0,79200.0,78800.0,79000.0,6053.0,79000.0,79100.0,,,4145.0,1908.0,96.0,,,,
2026-10-01T00:21:00+00:00,319660.KQ,KOSDAQ,equity,152700.0,152800.0,152600.0,152700.0,1087.0,152600.0,152700.0,,,990.0,97.0,58.0,,,,
2026-10-01T00:21:00+00:00,396300.KQ,KOSDAQ,equity,5430.0,5430.0,5420.0,5420.0,2538.0,5420.0,5430.0,,,1225.0,1313.0,21.0,,,,
2026-10-01T00:21:00+00:00,403870.KQ,KOSDAQ,equity,65700.0,66100.0,65600.0,65700.0,28590.0,65700.0,65800.0,,,20578.0,8012.0,391.0,,,,
2026-10-01T00:21:00+00:00,003490.KS,KRX,equity,31450.0,31500.0,31450.0,31500.0,438.0,31450.0,31500.0,,,329.0,109.0,26.0,,,,
2026-10-01T00:21:00+00:00,009830.KS,KRX,equity,33500.0,33550.0,33250.0,33300.0,13432.0,33250.0,33300.0,,,3577.0,9855.0,209.0,,,,
2026-10-01T00:21:00+00:00,018260.KS,KRX,equity,217500.0,218000.0,217250.0,217500.0,775.0,217000.0,217500.0,,,472.0,303.0,26.0,,,,
2026-10-01T00:21:00+00:00,066570.KS,KRX,equity,208000.0,208000.0,207000.0,207000.0,1455.0,207000.0,207500.0,,,646.0,809.0,126.0,,,,
2026-10-01T00:21:00+00:00,316140.KS,KRX,equity,33450.0,33450.0,33400.0,33450.0,25529.0,33400.0,33450.0,,,18404.0,7125.0,206.0,,,,
2026-10-01T00:21:00+00:00,001820.KS,KRX,equity,151600.0,151600.0,150400.0,150600.0,3486.0,150600.0,150700.0,,,369.0,3117.0,77.0,,,,
2026-10-01T00:21:00+00:00,393210.KQ,KOSDAQ,equity,3340.0,3365.0,3335.0,3360.0,6422.0,3360.0,3365.0,,,2921.0,3501.0,15.0,,,,
2026-10-01T00:21:00+00:00,010120.KS,KRX,equity,200000.0,201000.0,200000.0,200500.0,2755.0,200500.0,200500.0,,,1496.0,1259.0,74.0,,,,
2026-10-01T00:21:00+00:00,052690.KS,KRX,equity,125700.0,126300.0,125500.0,125800.0,2225.0,125800.0,125900.0,,,1072.0,1153.0,151.0,,,,
2026-10-01T00:21:00+00:00,095610.KQ,KOSDAQ,equity,171500.0,171800.0,171100.0,171500.0,1411.0,171500.0,171500.0,,,575.0,836.0,79.0,,,,
2026-10-01T00:21:00+00:00,356680.KQ,KOSDAQ,equity,17510.0,17510.0,17450.0,17450.0,4176.0,17450.0,17460.0,,,1145.0,3031.0,59.0,,,,
2026-10-01T00:21:00+00:00,440110.KQ,KOSDAQ,equity,85500.0,85900.0,85300.0,85800.0,6310.0,85800.0,85900.0,,,4159.0,2151.0,171.0,,,,
2026-10-01T00:21:00+00:00,006400.KS,KRX,equity,507000.0,507000.0,506000.0,506000.0,498.0,506000.0,507000.0,,,179.0,319.0,76.0,,,,
2026-10-01T00:21:00+00:00,007660.KS,KRX,equity,114900.0,115000.0,114600.0,114700.0,1689.0,114600.0,114700.0,,,283.0,1406.0,63.0,,,,
2026-10-01T00:21:00+00:00,000720.KS,KRX,equity,116100.0,116300.0,115900.0,116000.0,2800.0,116000.0,116000.0,,,1236.0,1564.0,92.0,,,,
2026-10-01T00:21:00+00:00,036930.KQ,KOSDAQ,equity,230500.0,233000.0,230500.0,232000.0,9203.0,231500.0,232000.0,,,7128.0,2075.0,238.0,,,,
2026-10-01T00:21:00+00:00,047040.KS,KRX,equity,17560.0,17600.0,17560.0,17580.0,13922.0,17560.0,17580.0,,,7768.0,6154.0,129.0,,,,
2026-10-01T00:21:00+00:00,042660.KS,KRX,equity,77500.0,77500.0,77300.0,77400.0,4656.0,77400.0,77500.0,,,616.0,4040.0,81.0,,,,
2026-10-01T00:21:00+00:00,419050.KQ,KOSDAQ,equity,1823.0,1837.0,1816.0,1821.0,13147.0,1822.0,1835.0,,,9818.0,3329.0,77.0,,,,
2026-10-01T00:21:00+00:00,003670.KS,KRX,equity,179000.0,179600.0,178500.0,178500.0,1037.0,178500.0,178500.0,,,414.0,623.0,53.0,,,,
2026-10-01T00:21:00+00:00,103590.KS,KRX,equity,80500.0,80900.0,80500.0,80800.0,1212.0,80700.0,80800.0,,,464.0,748.0,48.0,,,,
2026-10-01T00:21:00+00:00,329180.KS,KRX,equity,430000.0,430500.0,429000.0,429500.0,226.0,429500.0,429500.0,,,42.0,184.0,41.0,,,,
2026-10-01T00:21:00+00:00,950260.KQ,KOSDAQ,equity,26400.0,26500.0,26250.0,26300.0,2315.0,26250.0,26300.0,,,634.0,1681.0,44.0,,,,
2026-10-01T00:21:00+00:00,003550.KS,KRX,equity,109600.0,109700.0,109500.0,109600.0,86.0,109600.0,109700.0,,,41.0,45.0,12.0,,,,
2026-10-01T00:21:00+00:00,010060.KS,KRX,equity,216000.0,216000.0,215000.0,215500.0,1679.0,215000.0,215500.0,,,279.0,1400.0,43.0,,,,
2026-10-01T00:21:00+00:00,267250.KS,KRX,equity,200000.0,201000.0,200000.0,201000.0,923.0,200500.0,201000.0,,,853.0,70.0,24.0,,,,
2026-10-01T00:21:00+00:00,0010S0.KQ,KOSDAQ,equity,19720.0,19750.0,19710.0,19750.0,1609.0,19740.0,19750.0,,,537.0,1072.0,31.0,,,,
2026-10-01T00:21:00+00:00,096770.KS,KRX,equity,146800.0,147100.0,146300.0,146300.0,1233.0,146300.0,146400.0,,,537.0,696.0,74.0,,,,
2026-10-01T00:21:00+00:00,278470.KS,KRX,equity,361500.0,362000.0,361500.0,361500.0,150.0,361500.0,362000.0,,,52.0,98.0,21.0,,,,
2026-10-01T00:21:00+00:00,051910.KS,KRX,equity,256500.0,256500.0,255500.0,256000.0,211.0,255500.0,256000.0,,,36.0,175.0,34.0,,,,
2026-10-01T00:21:00+00:00,353200.KS,KRX,equity,130900.0,130900.0,130400.0,130600.0,5562.0,130400.0,130600.0,,,803.0,4759.0,87.0,,,,
2026-10-01T00:21:00+00:00,272210.KS,KRX,equity,74000.0,74200.0,73800.0,73900.0,1372.0,73800.0,73900.0,,,729.0,643.0,83.0,,,,
2026-10-01T00:21:00+00:00,028260.KS,KRX,equity,339500.0,340250.0,339500.0,340000.0,181.0,339500.0,340000.0,,,84.0,97.0,29.0,,,,
2026-10-01T00:21:00+00:00,028050.KS,KRX,equity,47125.0,47250.0,47075.0,47150.0,7270.0,47100.0,47150.0,,,4623.0,2647.0,85.0,,,,
2026-10-01T00:21:00+00:00,180640.KS,KRX,equity,132200.0,132200.0,132100.0,132100.0,10.0,132100.0,132300.0,,,0.0,10.0,3.0,,,,
2026-10-01T00:21:00+00:00,017670.KS,KRX,equity,85400.0,85600.0,85400.0,85600.0,1929.0,85500.0,85600.0,,,1429.0,500.0,41.0,,,,
2026-10-01T00:21:00+00:00,108490.KQ,KOSDAQ,equity,280500.0,280500.0,279000.0,279000.0,1015.0,279000.0,279500.0,,,231.0,784.0,106.0,,,,
2026-10-01T00:21:00+00:00,010170.KQ,KOSDAQ,equity,16460.0,16460.0,16420.0,16420.0,6118.0,16410.0,16420.0,,,3955.0,2163.0,107.0,,,,
2026-10-01T00:21:00+00:00,222800.KQ,KOSDAQ,equity,149100.0,149300.0,148800.0,148900.0,2676.0,148900.0,148900.0,,,911.0,1765.0,140.0,,,,
2026-10-01T00:21:00+00:00,005490.KS,KRX,equity,305500.0,305500.0,305000.0,305500.0,103.0,305000.0,305500.0,,,42.0,61.0,21.0,,,,
2026-10-01T00:21:00+00:00,032830.KS,KRX,equity,280500.0,280500.0,280000.0,280500.0,127.0,280000.0,280500.0,,,33.0,94.0,23.0,,,,
2026-10-01T00:21:00+00:00,373220.KS,KRX,equity,354500.0,355000.0,354000.0,354000.0,302.0,354000.0,354000.0,,,10.0,292.0,26.0,,,,
2026-10-01T00:21:00+00:00,478340.KQ,KOSDAQ,equity,13980.0,13980.0,13870.0,13890.0,8189.0,13870.0,13890.0,,,133.0,8056.0,48.0,,,,
2026-10-01T00:21:00+00:00,058470.KQ,KOSDAQ,equity,75300.0,75500.0,75200.0,75300.0,7027.0,75300.0,75400.0,,,4683.0,2344.0,112.0,,,,
2026-10-01T00:21:00+00:00,326030.KS,KRX,equity,74500.0,74500.0,74400.0,74400.0,59.0,74400.0,74500.0,,,46.0,13.0,8.0,,,,
2026-10-01T00:21:00+00:00,033780.KS,KRX,equity,177500.0,177500.0,177200.0,177300.0,132.0,177200.0,177400.0,,,36.0,96.0,21.0,,,,
2026-10-01T00:21:00+00:00,000810.KS,KRX,equity,629000.0,630000.0,629000.0,629000.0,27.0,629000.0,630000.0,,,20.0,7.0,10.0,,,,
2026-10-01T00:21:00+00:00,015760.KS,KRX,equity,30050.0,30050.0,30000.0,30000.0,746.0,30000.0,30050.0,,,310.0,436.0,26.0,,,,
2026-10-01T00:21:00+00:00,047810.KS,KRX,equity,125800.0,126300.0,125600.0,125900.0,1503.0,125900.0,126000.0,,,792.0,711.0,45.0,,,,
2026-10-01T00:21:00+00:00,005830.KS,KRX,equity,183600.0,183600.0,183500.0,183500.0,44.0,183200.0,183500.0,,,44.0,0.0,10.0,,,,
2026-10-01T00:21:00+00:00,012450.KS,KRX,equity,1014000.0,1017000.0,1014000.0,1015000.0,306.0,1014000.0,1015000.0,,,239.0,67.0,44.0,,,,
2026-10-01T00:21:00+00:00,024110.KS,KRX,equity,20100.0,20100.0,20050.0,20100.0,829.0,20100.0,20100.0,,,396.0,433.0,43.0,,,,
2026-10-01T00:21:00+00:00,000150.KS,KRX,equity,1390000.0,1394000.0,1390000.0,1391000.0,169.0,1389000.0,1390000.0,,,123.0,46.0,33.0,,,,
2026-10-01T00:21:00+00:00,011170.KS,KRX,equity,60300.0,60400.0,60200.0,60200.0,260.0,60300.0,60400.0,,,135.0,125.0,11.0,,,,
2026-10-01T00:21:00+00:00,011780.KS,KRX,equity,115400.0,115600.0,115200.0,115200.0,182.0,115200.0,115300.0,,,15.0,167.0,18.0,,,,
2026-10-01T00:21:00+00:00,030530.KQ,KOSDAQ,equity,26650.0,26750.0,26650.0,26700.0,1642.0,26650.0,26700.0,,,1198.0,444.0,45.0,,,,
2026-10-01T00:21:00+00:00,001440.KS,KRX,equity,28975.0,29100.0,28950.0,29000.0,15101.0,28950.0,29000.0,,,7811.0,7290.0,69.0,,,,
2026-10-01T00:21:00+00:00,021240.KS,KRX,equity,99800.0,99800.0,99700.0,99800.0,32.0,99600.0,99700.0,,,32.0,0.0,10.0,,,,
2026-10-01T00:21:00+00:00,298040.KS,KRX,equity,2718000.0,2726000.0,2714000.0,2719000.0,218.0,2719000.0,2716000.0,,,151.0,67.0,61.0,,,,
2026-10-01T00:21:00+00:00,128940.KS,KRX,equity,496500.0,497000.0,495500.0,495500.0,319.0,495500.0,496000.0,,,81.0,238.0,24.0,,,,
2026-10-01T00:21:00+00:00,011070.KS,KRX,equity,560000.0,560000.0,557000.0,557000.0,991.0,557000.0,558000.0,,,246.0,745.0,30.0,,,,
2026-10-01T00:21:00+00:00,035760.KQ,KOSDAQ,equity,36550.0,36550.0,36350.0,36350.0,624.0,36350.0,36400.0,,,12.0,612.0,13.0,,,,
2026-10-01T00:21:00+00:00,115440.KQ,KOSDAQ,equity,11320.0,11330.0,11300.0,11320.0,2360.0,11320.0,11330.0,,,1860.0,500.0,24.0,,,,
2026-10-01T00:21:00+00:00,011200.KS,KRX,equity,21000.0,21050.0,21000.0,21000.0,1301.0,21000.0,21050.0,,,100.0,1201.0,15.0,,,,
2026-10-01T00:21:00+00:00,030200.KS,KRX,equity,51600.0,51700.0,51600.0,51700.0,351.0,51600.0,51700.0,,,15.0,336.0,12.0,,,,
2026-10-01T00:21:00+00:00,086790.KS,KRX,equity,129800.0,130000.0,129700.0,130000.0,2157.0,129900.0,129900.0,,,1994.0,163.0,27.0,,,,
2026-10-01T00:21:00+00:00,009540.KS,KRX,equity,321500.0,322000.0,321000.0,321000.0,230.0,321000.0,321500.0,,,34.0,196.0,26.0,,,,
2026-10-01T00:21:00+00:00,034730.KS,KRX,equity,575000.0,576000.0,575000.0,576000.0,203.0,576000.0,576000.0,,,68.0,135.0,20.0,,,,
2026-10-01T00:21:00+00:00,003230.KS,KRX,equity,1214000.0,1219000.0,1214000.0,1217000.0,65.0,1217000.0,1219000.0,,,37.0,28.0,20.0,,,,
2026-10-01T00:21:00+00:00,046970.KQ,KOSDAQ,equity,7210.0,7220.0,7200.0,7210.0,2150.0,7200.0,7210.0,,,1948.0,202.0,9.0,,,,
2026-10-01T00:21:00+00:00,207940.KS,KRX,equity,1397000.0,1399000.0,1394000.0,1396000.0,191.0,1396000.0,1397000.0,,,75.0,116.0,30.0,,,,
2026-10-01T00:21:00+00:00,251270.KS,KRX,equity,35050.0,35050.0,34900.0,34950.0,792.0,34950.0,34950.0,,,206.0,586.0,13.0,,,,
2026-10-01T00:21:00+00:00,201490.KQ,KOSDAQ,equity,3440.0,3440.0,3420.0,3425.0,5017.0,3425.0,3440.0,,,2374.0,2643.0,16.0,,,,
2026-10-01T00:06:00+00:00,^N225,Japan,index,67392.0078125,67399.8515625,67363.2421875,67363.2421875,0.0,,,,,,,,,,,
2026-10-01T00:07:30+00:00,^N225,Japan,index,67292.84375,67292.84375,67292.84375,67292.84375,0.0,,,,,,,,,,,
2026-10-01T00:12:00+00:00,ES=F,CME,index_future,7740.0,7741.0,7740.0,7740.25,0.0,,,,,,,,,,,
2026-10-01T00:12:31+00:00,ES=F,CME,index_future,7740.5,7740.5,7740.5,7740.5,0.0,,,,,,,,,,,
2026-10-01T00:12:00+00:00,NQ=F,CME,index_future,30801.0,30807.25,30800.75,30804.5,0.0,,,,,,,,,,,
2026-10-01T00:12:31+00:00,NQ=F,CME,index_future,30805.0,30805.0,30805.0,30805.0,0.0,,,,,,,,,,,
2026-10-01T00:12:00+00:00,GC=F,COMEX,commodity_future,4181.7998046875,4183.7998046875,4181.7998046875,4182.5,0.0,,,,,,,,,,,
2026-10-01T00:12:28+00:00,GC=F,COMEX,commodity_future,4183.7998046875,4183.7998046875,4183.7998046875,4183.7998046875,0.0,,,,,,,,,,,
2026-10-01T00:12:00+00:00,SI=F,COMEX,commodity_future,60.560001373291016,60.59999847412109,60.560001373291016,60.59000015258789,0.0,,,,,,,,,,,
2026-10-01T00:12:00+00:00,CL=F,NYMEX,commodity_future,90.38999938964844,90.43000030517578,90.3000030517578,90.4000015258789,0.0,,,,,,,,,,,
2026-10-01T00:12:31+00:00,CL=F,NYMEX,commodity_future,90.3499984741211,90.3499984741211,90.3499984741211,90.3499984741211,0.0,,,,,,,,,,,
2026-10-01T00:12:00+00:00,HG=F,COMEX,commodity_future,6.627500057220459,6.63100004196167,6.627500057220459,6.627500057220459,0.0,,,,,,,,,,,
2026-10-01T00:20:00+00:00,EURUSD=X,FX,currency,1.1334012746810913,1.1334012746810913,1.1334012746810913,1.1334012746810913,0.0,,,,,,,,,,,
2026-10-01T00:21:00+00:00,KRW=X,FX,currency,1357.3599853515625,1358.280029296875,1357.3599853515625,1358.280029296875,0.0,,,,,,,,,,,
2026-10-01T00:21:00+00:00,JPY=X,FX,currency,157.6790008544922,157.7220001220703,157.6699981689453,157.7169952392578,0.0,,,,,,,,,,,
2026-10-01T00:20:00+00:00,GBPUSD=X,FX,currency,1.326400637626648,1.326400637626648,1.326400637626648,1.326400637626648,0.0,,,,,,,,,,,
2026-10-01T00:01:00+00:00,^KS11,KRX,index,6792.89013671875,6795.5498046875,6790.330078125,6792.8798828125,3565.0,,,,,,,,,,,
2026-10-01T00:02:00+00:00,^KS11,KRX,index,6788.77978515625,6788.77978515625,6782.06982421875,6782.06982421875,5203.0,,,,,,,,,,,
2026-10-01T00:01:00+00:00,^KQ11,KOSDAQ,index,851.9199829101562,853.8499755859375,851.9199829101562,853.739990234375,5189.0,,,,,,,,,,,
2026-10-01T00:02:00+00:00,^KQ11,KOSDAQ,index,853.7100219726562,854.1099853515625,853.7100219726562,853.8800048828125,5477.0,,,,,,,,,,,
2026-10-01T00:22:00+00:00,BTC-USD,CRYPTO,crypto,83435.6,83435.6,83413.6,83414.8,0.57907585,,,,,,,51.0,,,,
2026-10-01T00:22:00+00:00,ETH-USD,CRYPTO,crypto,2680.68,2680.89,2680.05,2680.05,0.12162558,,,,,,,11.0,,,,
2026-10-01T00:22:00+00:00,005935.KS,KRX,equity,195500.0,195700.0,195100.0,195400.0,10183.0,195400.0,195700.0,,,5543.0,4640.0,217.0,,,,
2026-10-01T00:22:00+00:00,009830.KS,KRX,equity,33300.0,33350.0,33050.0,33100.0,43069.0,33100.0,33150.0,,,13539.0,29530.0,238.0,,,,
2026-10-01T00:22:00+00:00,0161M0.KQ,KOSDAQ,equity,16440.0,16640.0,16420.0,16550.0,13332.0,16530.0,16550.0,,,9145.0,4187.0,512.0,,,,
2026-10-01T00:22:00+00:00,387690.KQ,KOSDAQ,equity,19190.0,19200.0,19080.0,19080.0,15329.0,19080.0,19150.0,,,2859.0,12470.0,148.0,,,,
2026-10-01T00:22:00+00:00,005930.KS,KRX,equity,267000.0,267000.0,266000.0,266500.0,45340.0,266500.0,266500.0,,,5831.0,39509.0,545.0,,,,
2026-10-01T00:22:00+00:00,006400.KS,KRX,equity,506000.0,506000.0,505000.0,505000.0,4104.0,505000.0,506000.0,,,235.0,3869.0,107.0,,,,
2026-10-01T00:22:00+00:00,028260.KS,KRX,equity,339500.0,339500.0,338500.0,339000.0,1021.0,339000.0,339500.0,,,563.0,458.0,42.0,,,,
2026-10-01T00:22:00+00:00,042660.KS,KRX,equity,77400.0,77500.0,77200.0,77300.0,10597.0,77300.0,77300.0,,,1624.0,8973.0,120.0,,,,
2026-10-01T00:22:00+00:00,093370.KS,KRX,equity,15220.0,15230.0,15110.0,15140.0,29622.0,15110.0,15130.0,,,6851.0,22771.0,189.0,,,,
2026-10-01T00:22:00+00:00,353200.KS,KRX,equity,130500.0,130600.0,130400.0,130400.0,1243.0,130400.0,130500.0,,,268.0,975.0,106.0,,,,
2026-10-01T00:22:00+00:00,402340.KS,KRX,equity,1102000.0,1104000.0,1102000.0,1102000.0,894.0,1102000.0,1103000.0,,,339.0,555.0,95.0,,,,
2026-10-01T00:22:00+00:00,950260.KQ,KOSDAQ,equity,26350.0,26450.0,26250.0,26400.0,1154.0,26350.0,26400.0,,,578.0,576.0,31.0,,,,
2026-10-01T00:22:00+00:00,067310.KQ,KOSDAQ,equity,48950.0,49050.0,48750.0,48775.0,23509.0,48750.0,48800.0,,,6428.0,17081.0,163.0,,,,
2026-10-01T00:22:00+00:00,003670.KS,KRX,equity,178400.0,178500.0,178100.0,178100.0,592.0,178100.0,178200.0,,,93.0,499.0,44.0,,,,
2026-10-01T00:22:00+00:00,011200.KS,KRX,equity,21000.0,21050.0,21000.0,21000.0,1934.0,21000.0,21050.0,,,5.0,1929.0,22.0,,,,
2026-10-01T00:22:00+00:00,012330.KS,KRX,equity,382000.0,383000.0,380500.0,382000.0,2445.0,382000.0,382000.0,,,1129.0,1316.0,142.0,,,,
2026-10-01T00:22:00+00:00,036540.KQ,KOSDAQ,equity,11160.0,11190.0,11140.0,11150.0,38794.0,11140.0,11150.0,,,10738.0,28056.0,181.0,,,,
2026-10-01T00:22:00+00:00,0010S0.KQ,KOSDAQ,equity,19750.0,19850.0,19750.0,19830.0,999.0,19830.0,19870.0,,,615.0,384.0,29.0,,,,
2026-10-01T00:22:00+00:00,001440.KS,KRX,equity,29000.0,29050.0,28900.0,28900.0,19894.0,28900.0,28950.0,,,4426.0,15468.0,97.0,,,,
2026-10-01T00:22:00+00:00,042700.KS,KRX,equity,260000.0,260500.0,259000.0,259500.0,5387.0,259000.0,259500.0,,,2660.0,2727.0,131.0,,,,
2026-10-01T00:22:00+00:00,066570.KS,KRX,equity,207000.0,208000.0,207000.0,207500.0,4918.0,207500.0,208000.0,,,2385.0,2533.0,122.0,,,,
2026-10-01T00:22:00+00:00,080220.KQ,KOSDAQ,equity,79000.0,79200.0,79000.0,79100.0,5737.0,79000.0,79100.0,,,3702.0,2035.0,89.0,,,,
2026-10-01T00:22:00+00:00,089970.KQ,KOSDAQ,equity,65500.0,65600.0,65400.0,65500.0,9201.0,65300.0,65500.0,,,4606.0,4595.0,99.0,,,,
2026-10-01T00:22:00+00:00,034020.KS,KRX,equity,81800.0,81900.0,81600.0,81700.0,23346.0,81700.0,81800.0,,,1564.0,21782.0,308.0,,,,
2026-10-01T00:22:00+00:00,035420.KS,KRX,equity,192000.0,192000.0,191900.0,191900.0,2032.0,191900.0,192000.0,,,604.0,1428.0,80.0,,,,
2026-10-01T00:22:00+00:00,043260.KQ,KOSDAQ,equity,27200.0,27200.0,27100.0,27100.0,12469.0,27100.0,27150.0,,,6586.0,5883.0,212.0,,,,
2026-10-01T00:22:00+00:00,419050.KQ,KOSDAQ,equity,1824.0,1840.0,1824.0,1838.0,9359.0,1827.0,1836.0,,,7870.0,1489.0,100.0,,,,
2026-10-01T00:22:00+00:00,096770.KS,KRX,equity,146200.0,146300.0,146100.0,146100.0,3608.0,146000.0,146100.0,,,1195.0,2413.0,72.0,,,,
2026-10-01T00:22:00+00:00,316140.KS,KRX,equity,33400.0,33450.0,33350.0,33400.0,23785.0,33400.0,33450.0,,,6473.0,17312.0,214.0,,,,
2026-10-01T00:22:00+00:00,319660.KQ,KOSDAQ,equity,152600.0,152700.0,152100.0,152300.0,856.0,152200.0,152300.0,,,416.0,440.0,46.0,,,,
2026-10-01T00:22:00+00:00,003230.KS,KRX,equity,1217000.0,1219000.0,1217000.0,1217000.0,8.0,1217000.0,1219000.0,,,2.0,6.0,7.0,,,,
2026-10-01T00:22:00+00:00,240810.KQ,KOSDAQ,equity,135800.0,136500.0,135700.0,136000.0,6260.0,135900.0,136000.0,,,3745.0,2515.0,196.0,,,,
2026-10-01T00:22:00+00:00,396300.KQ,KOSDAQ,equity,5420.0,5430.0,5400.0,5420.0,7455.0,5410.0,5420.0,,,867.0,6588.0,24.0,,,,
2026-10-01T00:22:00+00:00,403870.KQ,KOSDAQ,equity,65800.0,65950.0,65700.0,65800.0,13953.0,65700.0,65800.0,,,6116.0,7837.0,261.0,,,,
2026-10-01T00:22:00+00:00,010950.KS,KRX,equity,156200.0,156600.0,156100.0,156500.0,1011.0,156500.0,156600.0,,,729.0,282.0,43.0,,,,
2026-10-01T00:22:00+00:00,052690.KS,KRX,equity,125800.0,125800.0,125300.0,125300.0,2459.0,125400.0,125500.0,,,614.0,1845.0,129.0,,,,
2026-10-01T00:22:00+00:00,051910.KS,KRX,equity,255500.0,256000.0,254500.0,254500.0,1052.0,254500.0,255000.0,,,356.0,696.0,54.0,,,,
2026-10-01T00:22:00+00:00,000150.KS,KRX,equity,1388000.0,1390000.0,1385000.0,1385000.0,220.0,1385000.0,1386000.0,,,89.0,131.0,43.0,,,,
2026-10-01T00:22:00+00:00,036930.KQ,KOSDAQ,equity,231500.0,233000.0,231500.0,232500.0,7092.0,232000.0,232500.0,,,3437.0,3655.0,247.0,,,,
2026-10-01T00:22:00+00:00,000660.KS,KRX,equity,1767000.0,1768000.0,1763000.0,1765000.0,5266.0,1764000.0,1765000.0,,,2651.0,2615.0,293.0,,,,
2026-10-01T00:22:00+00:00,068270.KS,KRX,equity,181100.0,181400.0,181100.0,181100.0,2657.0,181100.0,181200.0,,,1975.0,682.0,95.0,,,,
2026-10-01T00:22:00+00:00,393210.KQ,KOSDAQ,equity,3360.0,3360.0,3345.0,3360.0,1683.0,3360.0,3365.0,,,278.0,1405.0,6.0,,,,
2026-10-01T00:22:00+00:00,005380.KS,KRX,equity,345000.0,345500.0,345000.0,345250.0,1217.0,345000.0,345500.0,,,863.0,354.0,98.0,,,,
2026-10-01T00:22:00+00:00,005490.KS,KRX,equity,305500.0,305500.0,304000.0,304000.0,2451.0,304000.0,304500.0,,,210.0,2241.0,77.0,,,,
2026-10-01T00:22:00+00:00,010060.KS,KRX,equity,215500.0,215500.0,214000.0,214500.0,4575.0,214000.0,215000.0,,,1168.0,3407.0,76.0,,,,
2026-10-01T00:22:00+00:00,272210.KS,KRX,equity,73800.0,73900.0,73700.0,73700.0,1759.0,73700.0,73800.0,,,365.0,1394.0,51.0,,,,
2026-10-01T00:22:00+00:00,386380.KQ,KOSDAQ,equity,17640.0,17640.0,17550.0,17570.0,6456.0,17560.0,17570.0,,,526.0,5930.0,65.0,,,,
2026-10-01T00:22:00+00:00,267250.KS,KRX,equity,201000.0,201000.0,200500.0,200500.0,433.0,200000.0,200500.0,,,51.0,382.0,24.0,,,,
2026-10-01T00:22:00+00:00,440110.KQ,KOSDAQ,equity,85900.0,85900.0,85300.0,85700.0,2333.0,85300.0,85700.0,,,966.0,1367.0,137.0,,,,
2026-10-01T00:22:00+00:00,000720.KS,KRX,equity,116000.0,116000.0,115800.0,115900.0,2172.0,115900.0,116000.0,,,948.0,1224.0,123.0,,,,
2026-10-01T00:22:00+00:00,030530.KQ,KOSDAQ,equity,26700.0,26700.0,26650.0,26650.0,2860.0,26650.0,26700.0,,,1103.0,1757.0,52.0,,,,
2026-10-01T00:22:00+00:00,108490.KQ,KOSDAQ,equity,279500.0,279500.0,278500.0,278500.0,1871.0,278500.0,278500.0,,,114.0,1757.0,81.0,,,,
2026-10-01T00:22:00+00:00,222800.KQ,KOSDAQ,equity,149000.0,149300.0,148900.0,149200.0,941.0,149200.0,149300.0,,,432.0,509.0,72.0,,,,
2026-10-01T00:22:00+00:00,095610.KQ,KOSDAQ,equity,171500.0,172000.0,171200.0,171200.0,1370.0,171300.0,171200.0,,,442.0,928.0,74.0,,,,
2026-10-01T00:22:00+00:00,007660.KS,KRX,equity,114700.0,115000.0,114500.0,114900.0,1166.0,114700.0,114900.0,,,818.0,348.0,92.0,,,,
2026-10-01T00:22:00+00:00,010170.KQ,KOSDAQ,equity,16420.0,16420.0,16350.0,16400.0,28902.0,16400.0,16410.0,,,8851.0,20051.0,104.0,,,,
2026-10-01T00:22:00+00:00,009150.KS,KRX,equity,1478000.0,1478000.0,1475000.0,1476000.0,1248.0,1476000.0,1477000.0,,,288.0,960.0,190.0,,,,
2026-10-01T00:22:00+00:00,278470.KS,KRX,equity,361500.0,362000.0,360500.0,361500.0,550.0,361500.0,362000.0,,,151.0,399.0,36.0,,,,
2026-10-01T00:22:00+00:00,326030.KS,KRX,equity,74400.0,74400.0,74200.0,74300.0,400.0,74200.0,74300.0,,,3.0,397.0,19.0,,,,
2026-10-01T00:22:00+00:00,000810.KS,KRX,equity,630000.0,630000.0,629000.0,629000.0,16.0,629000.0,630000.0,,,12.0,4.0,7.0,,,,
2026-10-01T00:22:00+00:00,015760.KS,KRX,equity,30050.0,30050.0,30000.0,30050.0,785.0,30000.0,30050.0,,,458.0,327.0,32.0,,,,
2026-10-01T00:22:00+00:00,017670.KS,KRX,equity,85600.0,85600.0,85400.0,85500.0,320.0,85400.0,85500.0,,,9.0,311.0,18.0,,,,
2026-10-01T00:22:00+00:00,047040.KS,KRX,equity,17580.0,17580.0,17520.0,17550.0,16654.0,17530.0,17550.0,,,7498.0,9156.0,124.0,,,,
2026-10-01T00:22:00+00:00,035760.KQ,KOSDAQ,equity,36350.0,36400.0,36350.0,36350.0,264.0,36350.0,36400.0,,,105.0,159.0,9.0,,,,
2026-10-01T00:22:00+00:00,128940.KS,KRX,equity,495500.0,496000.0,494500.0,495500.0,232.0,495500.0,496000.0,,,143.0,89.0,25.0,,,,
2026-10-01T00:22:00+00:00,058470.KQ,KOSDAQ,equity,75300.0,75400.0,75300.0,75300.0,4140.0,75300.0,75300.0,,,944.0,3196.0,83.0,,,,
2026-10-01T00:22:00+00:00,251270.KS,KRX,equity,34950.0,34950.0,34950.0,34950.0,7.0,34950.0,34950.0,,,7.0,0.0,5.0,,,,
2026-10-01T00:22:00+00:00,010120.KS,KRX,equity,200500.0,201000.0,200000.0,200500.0,2107.0,200500.0,201000.0,,,715.0,1392.0,92.0,,,,
2026-10-01T00:22:00+00:00,028050.KS,KRX,equity,47150.0,47150.0,46850.0,46900.0,21038.0,46900.0,47050.0,,,5009.0,16029.0,120.0,,,,
2026-10-01T00:22:00+00:00,021240.KS,KRX,equity,99800.0,99800.0,99500.0,99600.0,115.0,99500.0,99700.0,,,83.0,32.0,14.0,,,,
2026-10-01T00:22:00+00:00,105560.KS,KRX,equity,169000.0,169100.0,168900.0,169100.0,4523.0,169000.0,169100.0,,,2343.0,2180.0,64.0,,,,
2026-10-01T00:22:00+00:00,011070.KS,KRX,equity,558000.0,558000.0,556000.0,556000.0,417.0,556000.0,557000.0,,,96.0,321.0,41.0,,,,
2026-10-01T00:22:00+00:00,329180.KS,KRX,equity,429500.0,429500.0,428000.0,428000.0,1288.0,428000.0,428500.0,,,217.0,1071.0,56.0,,,,
2026-10-01T00:22:00+00:00,006360.KS,KRX,equity,33450.0,33450.0,33350.0,33400.0,2686.0,33350.0,33400.0,,,301.0,2385.0,40.0,,,,
2026-10-01T00:22:00+00:00,010140.KS,KRX,equity,19410.0,19440.0,19390.0,19400.0,12061.0,19410.0,19400.0,,,4296.0,7765.0,167.0,,,,
2026-10-01T00:22:00+00:00,115440.KQ,KOSDAQ,equity,11320.0,11330.0,11240.0,11240.0,13838.0,11230.0,11240.0,,,104.0,13734.0,48.0,,,,
2026-10-01T00:22:00+00:00,009540.KS,KRX,equity,321000.0,321500.0,320500.0,320500.0,793.0,320500.0,320500.0,,,65.0,728.0,27.0,,,,
2026-10-01T00:22:00+00:00,356680.KQ,KOSDAQ,equity,17450.0,17460.0,17420.0,17460.0,4099.0,17450.0,17460.0,,,1768.0,2331.0,69.0,,,,
2026-10-01T00:22:00+00:00,001820.KS,KRX,equity,150600.0,151100.0,150500.0,150700.0,2805.0,150600.0,150900.0,,,899.0,1906.0,71.0,,,,
2026-10-01T00:22:00+00:00,298040.KS,KRX,equity,2719000.0,2719000.0,2712000.0,2713000.0,214.0,2712000.0,2713000.0,,,42.0,172.0,55.0,,,,
2026-10-01T00:22:00+00:00,000270.KS,KRX,equity,113700.0,113900.0,113700.0,113850.0,1034.0,113800.0,113900.0,,,597.0,437.0,37.0,,,,
2026-10-01T00:22:00+00:00,034730.KS,KRX,equity,575000.0,575500.0,574000.0,575000.0,729.0,574000.0,574000.0,,,180.0,549.0,20.0,,,,
2026-10-01T00:22:00+00:00,072950.KQ,KOSDAQ,equity,14680.0,14690.0,14630.0,14630.0,2370.0,14630.0,14640.0,,,439.0,1931.0,48.0,,,,
2026-10-01T00:22:00+00:00,103590.KS,KRX,equity,80800.0,80800.0,80500.0,80500.0,1124.0,80500.0,80600.0,,,149.0,975.0,37.0,,,,
2026-10-01T00:22:00+00:00,047810.KS,KRX,equity,125900.0,125900.0,125700.0,125700.0,200.0,125700.0,125800.0,,,135.0,65.0,12.0,,,,
2026-10-01T00:22:00+00:00,033780.KS,KRX,equity,177200.0,177300.0,177100.0,177100.0,195.0,177200.0,177300.0,,,38.0,157.0,21.0,,,,
2026-10-01T00:22:00+00:00,032830.KS,KRX,equity,280000.0,280500.0,279500.0,279500.0,992.0,279500.0,280000.0,,,50.0,942.0,28.0,,,,
2026-10-01T00:22:00+00:00,035720.KS,KRX,equity,33400.0,33400.0,33350.0,33350.0,241.0,33350.0,33400.0,,,77.0,164.0,17.0,,,,
2026-10-01T00:22:00+00:00,024110.KS,KRX,equity,20100.0,20150.0,20100.0,20100.0,169.0,20100.0,20150.0,,,66.0,103.0,13.0,,,,
2026-10-01T00:22:00+00:00,030200.KS,KRX,equity,51600.0,51700.0,51600.0,51700.0,41.0,51600.0,51700.0,,,26.0,15.0,10.0,,,,
2026-10-01T00:22:00+00:00,201490.KQ,KOSDAQ,equity,3425.0,3425.0,3425.0,3425.0,500.0,3425.0,3440.0,,,171.0,329.0,2.0,,,,
2026-10-01T00:22:00+00:00,046970.KQ,KOSDAQ,equity,7210.0,7220.0,7200.0,7220.0,965.0,7210.0,7220.0,,,483.0,482.0,12.0,,,,
2026-10-01T00:22:00+00:00,003550.KS,KRX,equity,109700.0,109800.0,109300.0,109700.0,280.0,109700.0,109800.0,,,147.0,133.0,26.0,,,,
2026-10-01T00:22:00+00:00,003490.KS,KRX,equity,31500.0,31500.0,31400.0,31400.0,5453.0,31400.0,31450.0,,,342.0,5111.0,40.0,,,,
2026-10-01T00:22:00+00:00,373220.KS,KRX,equity,353500.0,354000.0,353000.0,353500.0,387.0,353000.0,353500.0,,,22.0,365.0,19.0,,,,
2026-10-01T00:22:00+00:00,086790.KS,KRX,equity,129900.0,130000.0,129900.0,130000.0,258.0,129900.0,130000.0,,,218.0,40.0,23.0,,,,
2026-10-01T00:22:00+00:00,011780.KS,KRX,equity,115100.0,115100.0,114900.0,114900.0,320.0,114900.0,115000.0,,,60.0,260.0,16.0,,,,
2026-10-01T00:22:00+00:00,012450.KS,KRX,equity,1015000.0,1015000.0,1012000.0,1012000.0,308.0,1012000.0,1013000.0,,,123.0,185.0,33.0,,,,
2026-10-01T00:22:00+00:00,055550.KS,KRX,equity,105400.0,105500.0,105400.0,105400.0,112.0,105400.0,105500.0,,,73.0,39.0,12.0,,,,
2026-10-01T00:22:00+00:00,207940.KS,KRX,equity,1397000.0,1397000.0,1396000.0,1397000.0,10.0,1396000.0,1397000.0,,,7.0,3.0,9.0,,,,
2026-10-01T00:22:00+00:00,478340.KQ,KOSDAQ,equity,13880.0,13930.0,13850.0,13930.0,2566.0,13870.0,13930.0,,,930.0,1636.0,34.0,,,,
2026-10-01T00:22:00+00:00,005830.KS,KRX,equity,183200.0,183700.0,183200.0,183600.0,113.0,183300.0,183600.0,,,97.0,16.0,12.0,,,,
2026-10-01T00:22:00+00:00,018260.KS,KRX,equity,217500.0,217500.0,217000.0,217000.0,430.0,217000.0,217500.0,,,43.0,387.0,14.0,,,,
2026-10-01T00:22:00+00:00,180640.KS,KRX,equity,132100.0,132200.0,132100.0,132200.0,79.0,132100.0,132200.0,,,8.0,71.0,6.0,,,,
2026-10-01T00:07:00+00:00,^N225,Japan,index,67380.6171875,67380.6171875,67284.890625,67304.6875,0.0,,,,,,,,,,,
2026-10-01T00:08:40+00:00,^N225,Japan,index,67300.0078125,67300.0078125,67300.0078125,67300.0078125,0.0,,,,,,,,,,,
2026-10-01T00:13:00+00:00,ES=F,CME,index_future,7740.25,7740.25,7739.75,7740.0,0.0,,,,,,,,,,,
2026-10-01T00:13:37+00:00,ES=F,CME,index_future,7739.75,7739.75,7739.75,7739.75,0.0,,,,,,,,,,,
2026-10-01T00:13:00+00:00,NQ=F,CME,index_future,30802.75,30804.5,30797.25,30800.25,0.0,,,,,,,,,,,
2026-10-01T00:13:42+00:00,NQ=F,CME,index_future,30800.0,30800.0,30800.0,30800.0,0.0,,,,,,,,,,,
2026-10-01T00:13:00+00:00,GC=F,COMEX,commodity_future,4182.7001953125,4182.7998046875,4181.7001953125,4182.5,0.0,,,,,,,,,,,
2026-10-01T00:13:30+00:00,GC=F,COMEX,commodity_future,4182.5,4182.5,4182.5,4182.5,0.0,,,,,,,,,,,
2026-10-01T00:12:58+00:00,SI=F,COMEX,commodity_future,60.59000015258789,60.59000015258789,60.59000015258789,60.59000015258789,0.0,,,,,,,,,,,
2026-10-01T00:13:00+00:00,CL=F,NYMEX,commodity_future,90.38999938964844,90.4800033569336,90.33000183105467,90.43000030517578,0.0,,,,,,,,,,,
2026-10-01T00:13:43+00:00,CL=F,NYMEX,commodity_future,90.33999633789062,90.33999633789062,90.33999633789062,90.33999633789062,0.0,,,,,,,,,,,
2026-10-01T00:21:00+00:00,EURUSD=X,FX,currency,1.1332728862762451,1.1332728862762451,1.1332728862762451,1.1332728862762451,0.0,,,,,,,,,,,
2026-10-01T00:22:00+00:00,KRW=X,FX,currency,1358.3800048828125,1358.6800537109375,1358.1800537109375,1358.280029296875,0.0,,,,,,,,,,,
2026-10-01T00:22:00+00:00,JPY=X,FX,currency,157.70899963378906,157.72799682617188,157.697998046875,157.72000122070312,0.0,,,,,,,,,,,
2026-10-01T00:21:00+00:00,GBPUSD=X,FX,currency,1.3263479471206665,1.3263479471206665,1.3263479471206665,1.3263479471206665,0.0,,,,,,,,,,,
2026-10-01T00:22:00+00:00,011170.KS,KRX,equity,60300.0,60400.0,60200.0,60300.0,455.0,60200.0,60300.0,,,63.0,392.0,14.0,,,,
2026-10-01T00:23:00+00:00,BTC-USD,CRYPTO,crypto,83414.8,83421.5,83398.4,83401.9,14.95459392,,,,,,,142.0,,,,
2026-10-01T00:23:00+00:00,ETH-USD,CRYPTO,crypto,2680.24,2680.24,2679.12,2679.14,2.91716114,,,,,,,13.0,,,,
2026-10-01T00:23:00+00:00,353200.KS,KRX,equity,130400.0,130400.0,130100.0,130200.0,4730.0,130100.0,130200.0,,,333.0,4397.0,113.0,,,,
2026-10-01T00:23:00+00:00,316140.KS,KRX,equity,33450.0,33450.0,33350.0,33350.0,19059.0,33350.0,33450.0,,,6901.0,12158.0,200.0,,,,
2026-10-01T00:23:00+00:00,000660.KS,KRX,equity,1764000.0,1765000.0,1761000.0,1762000.0,4418.0,1762000.0,1762000.0,,,2187.0,2231.0,290.0,,,,
2026-10-01T00:23:00+00:00,005930.KS,KRX,equity,266500.0,266500.0,265500.0,266000.0,80329.0,266000.0,266000.0,,,17584.0,62745.0,516.0,,,,
2026-10-01T00:23:00+00:00,006400.KS,KRX,equity,505000.0,506000.0,505000.0,506000.0,1296.0,505000.0,506000.0,,,191.0,1105.0,89.0,,,,
2026-10-01T00:23:00+00:00,011200.KS,KRX,equity,21000.0,21000.0,20950.0,20950.0,436.0,20950.0,21000.0,,,413.0,23.0,28.0,,,,
2026-10-01T00:23:00+00:00,034020.KS,KRX,equity,81700.0,81800.0,81700.0,81700.0,9791.0,81700.0,81800.0,,,2631.0,7160.0,255.0,,,,
2026-10-01T00:23:00+00:00,035420.KS,KRX,equity,191900.0,191900.0,191600.0,191600.0,3605.0,191700.0,191700.0,,,618.0,2987.0,124.0,,,,
2026-10-01T00:23:00+00:00,047040.KS,KRX,equity,17530.0,17550.0,17510.0,17520.0,13163.0,17510.0,17520.0,,,6623.0,6540.0,119.0,,,,
2026-10-01T00:23:00+00:00,068270.KS,KRX,equity,181100.0,181400.0,181100.0,181300.0,1633.0,181300.0,181300.0,,,1168.0,465.0,87.0,,,,
2026-10-01T00:23:00+00:00,240810.KQ,KOSDAQ,equity,136000.0,136200.0,135300.0,135400.0,8025.0,135300.0,135400.0,,,2396.0,5629.0,192.0,,,,
2026-10-01T00:23:00+00:00,386380.KQ,KOSDAQ,equity,17570.0,17570.0,17370.0,17390.0,12294.0,17390.0,17420.0,,,325.0,11969.0,103.0,,,,
2026-10-01T00:23:00+00:00,402340.KS,KRX,equity,1102000.0,1103000.0,1100000.0,1101000.0,1285.0,1101000.0,1101000.0,,,239.0,1046.0,106.0,,,,
2026-10-01T00:23:00+00:00,096770.KS,KRX,equity,146000.0,146200.0,145900.0,146200.0,3000.0,146200.0,146100.0,,,853.0,2147.0,80.0,,,,
2026-10-01T00:23:00+00:00,011070.KS,KRX,equity,556000.0,557000.0,555000.0,556000.0,1237.0,555000.0,556000.0,,,241.0,996.0,34.0,,,,
2026-10-01T00:23:00+00:00,009830.KS,KRX,equity,33150.0,33150.0,33000.0,33100.0,15063.0,33050.0,33100.0,,,3111.0,11952.0,289.0,,,,
2026-10-01T00:23:00+00:00,036540.KQ,KOSDAQ,equity,11140.0,11150.0,11060.0,11060.0,68863.0,11070.0,11080.0,,,11172.0,57691.0,264.0,,,,
2026-10-01T00:23:00+00:00,042700.KS,KRX,equity,259500.0,260000.0,258500.0,258500.0,2852.0,258500.0,259000.0,,,824.0,2028.0,157.0,,,,
2026-10-01T00:23:00+00:00,105560.KS,KRX,equity,169100.0,169300.0,168900.0,169100.0,4149.0,169000.0,169100.0,,,2633.0,1516.0,59.0,,,,
2026-10-01T00:23:00+00:00,222800.KQ,KOSDAQ,equity,149200.0,149200.0,148500.0,148600.0,3629.0,148500.0,148600.0,,,621.0,3008.0,137.0,,,,
2026-10-01T00:23:00+00:00,298040.KS,KRX,equity,2713000.0,2715000.0,2710000.0,2711000.0,343.0,2712000.0,2711000.0,,,51.0,292.0,55.0,,,,
2026-10-01T00:23:00+00:00,000720.KS,KRX,equity,115900.0,115900.0,115800.0,115900.0,1119.0,115800.0,115900.0,,,290.0,829.0,76.0,,,,
2026-10-01T00:23:00+00:00,003670.KS,KRX,equity,178100.0,178700.0,177800.0,177800.0,1706.0,178000.0,177900.0,,,651.0,1055.0,67.0,,,,
2026-10-01T00:23:00+00:00,010170.KQ,KOSDAQ,equity,16410.0,16410.0,16350.0,16370.0,9993.0,16370.0,16380.0,,,7268.0,2725.0,110.0,,,,
2026-10-01T00:23:00+00:00,012330.KS,KRX,equity,382000.0,382500.0,381500.0,382500.0,2235.0,382000.0,382500.0,,,1250.0,985.0,123.0,,,,
2026-10-01T00:23:00+00:00,0161M0.KQ,KOSDAQ,equity,16550.0,16600.0,16520.0,16600.0,7977.0,16590.0,16600.0,,,2668.0,5309.0,475.0,,,,
2026-10-01T00:23:00+00:00,058470.KQ,KOSDAQ,equity,75300.0,75300.0,75000.0,75100.0,6040.0,75000.0,75100.0,,,2494.0,3546.0,125.0,,,,
2026-10-01T00:23:00+00:00,067310.KQ,KOSDAQ,equity,48800.0,48850.0,48350.0,48450.0,18303.0,48400.0,48450.0,,,4341.0,13962.0,245.0,,,,
2026-10-01T00:23:00+00:00,356680.KQ,KOSDAQ,equity,17450.0,17460.0,17380.0,17380.0,11324.0,17380.0,17390.0,,,710.0,10614.0,73.0,,,,
2026-10-01T00:23:00+00:00,052690.KS,KRX,equity,125400.0,125500.0,125100.0,125200.0,4549.0,125200.0,125400.0,,,1687.0,2862.0,201.0,,,,
2026-10-01T00:23:00+00:00,005380.KS,KRX,equity,345500.0,346000.0,345000.0,346000.0,1474.0,345500.0,346000.0,,,1329.0,145.0,149.0,,,,
2026-10-01T00:23:00+00:00,003490.KS,KRX,equity,31400.0,31450.0,31400.0,31425.0,1387.0,31400.0,31450.0,,,194.0,1193.0,30.0,,,,
2026-10-01T00:23:00+00:00,005830.KS,KRX,equity,183600.0,184000.0,183300.0,184000.0,261.0,183800.0,184000.0,,,245.0,16.0,32.0,,,,
2026-10-01T00:23:00+00:00,009150.KS,KRX,equity,1477000.0,1477000.0,1474000.0,1474000.0,1977.0,1474000.0,1475000.0,,,370.0,1607.0,176.0,,,,
2026-10-01T00:23:00+00:00,028050.KS,KRX,equity,46950.0,47050.0,46800.0,46850.0,6717.0,46850.0,46900.0,,,2390.0,4327.0,75.0,,,,
2026-10-01T00:23:00+00:00,035760.KQ,KOSDAQ,equity,36400.0,36450.0,36350.0,36400.0,115.0,36350.0,36400.0,,,80.0,35.0,5.0,,,,
2026-10-01T00:23:00+00:00,043260.KQ,KOSDAQ,equity,27100.0,27350.0,27000.0,27000.0,28262.0,27000.0,27050.0,,,15290.0,12972.0,260.0,,,,
2026-10-01T00:23:00+00:00,093370.KS,KRX,equity,15130.0,15180.0,15080.0,15140.0,25390.0,15140.0,15160.0,,,13896.0,11494.0,131.0,,,,
2026-10-01T00:23:00+00:00,319660.KQ,KOSDAQ,equity,152200.0,152200.0,151100.0,151100.0,1220.0,151100.0,151200.0,,,253.0,967.0,58.0,,,,
2026-10-01T00:23:00+00:00,387690.KQ,KOSDAQ,equity,19090.0,19150.0,19000.0,19030.0,20140.0,18990.0,19040.0,,,7490.0,12650.0,139.0,,,,
2026-10-01T00:23:00+00:00,007660.KS,KRX,equity,114700.0,114800.0,114500.0,114700.0,2082.0,114700.0,114700.0,,,670.0,1412.0,167.0,,,,
2026-10-01T00:23:00+00:00,207940.KS,KRX,equity,1396000.0,1398000.0,1396000.0,1397000.0,216.0,1397000.0,1398000.0,,,147.0,69.0,38.0,,,,
2026-10-01T00:23:00+00:00,419050.KQ,KOSDAQ,equity,1827.0,1838.0,1822.0,1838.0,12921.0,1825.0,1837.0,,,6538.0,6383.0,110.0,,,,
2026-10-01T00:23:00+00:00,115440.KQ,KOSDAQ,equity,11230.0,11240.0,11180.0,11180.0,7797.0,11190.0,11200.0,,,2425.0,5372.0,56.0,,,,
2026-10-01T00:23:00+00:00,440110.KQ,KOSDAQ,equity,85300.0,85700.0,84100.0,84100.0,5579.0,85100.0,85500.0,,,1852.0,3727.0,182.0,,,,
2026-10-01T00:23:00+00:00,012450.KS,KRX,equity,1012000.0,1014000.0,1012000.0,1014000.0,126.0,1013000.0,1014000.0,,,104.0,22.0,26.0,,,,
2026-10-01T00:23:00+00:00,017670.KS,KRX,equity,85400.0,85500.0,85400.0,85500.0,582.0,85400.0,85500.0,,,228.0,354.0,19.0,,,,
2026-10-01T00:23:00+00:00,042660.KS,KRX,equity,77300.0,77400.0,77300.0,77300.0,2879.0,77300.0,77400.0,,,457.0,2422.0,83.0,,,,
2026-10-01T00:23:00+00:00,095610.KQ,KOSDAQ,equity,171300.0,171300.0,170200.0,170400.0,1684.0,170200.0,170400.0,,,422.0,1262.0,128.0,,,,
2026-10-01T00:23:00+00:00,180640.KS,KRX,equity,132200.0,132200.0,131200.0,131300.0,301.0,131300.0,131800.0,,,57.0,244.0,29.0,,,,
2026-10-01T00:23:00+00:00,000150.KS,KRX,equity,1386000.0,1388000.0,1381000.0,1382000.0,689.0,1382000.0,1383000.0,,,104.0,585.0,64.0,,,,
2026-10-01T00:23:00+00:00,015760.KS,KRX,equity,30050.0,30050.0,30000.0,30050.0,1278.0,30000.0,30050.0,,,703.0,575.0,38.0,,,,
2026-10-01T00:23:00+00:00,018260.KS,KRX,equity,217000.0,217500.0,217000.0,217000.0,93.0,217000.0,217500.0,,,10.0,83.0,11.0,,,,
2026-10-01T00:23:00+00:00,108490.KQ,KOSDAQ,equity,278500.0,278500.0,277000.0,277500.0,3463.0,277000.0,277500.0,,,503.0,2960.0,154.0,,,,
2026-10-01T00:23:00+00:00,030200.KS,KRX,equity,51700.0,51800.0,51600.0,51800.0,1189.0,51700.0,51700.0,,,1163.0,26.0,37.0,,,,
2026-10-01T00:23:00+00:00,393210.KQ,KOSDAQ,equity,3350.0,3350.0,3345.0,3345.0,757.0,3345.0,3350.0,,,0.0,757.0,11.0,,,,
2026-10-01T00:23:00+00:00,001440.KS,KRX,equity,28950.0,29000.0,28900.0,28900.0,6318.0,28900.0,28950.0,,,1832.0,4486.0,96.0,,,,
2026-10-01T00:23:00+00:00,033780.KS,KRX,equity,177100.0,177600.0,177100.0,177400.0,406.0,177400.0,177500.0,,,274.0,132.0,35.0,,,,
2026-10-01T00:23:00+00:00,080220.KQ,KOSDAQ,equity,79100.0,79100.0,78600.0,78700.0,6891.0,78600.0,78700.0,,,1366.0,5525.0,132.0,,,,
2026-10-01T00:23:00+00:00,403870.KQ,KOSDAQ,equity,65800.0,65800.0,65400.0,65500.0,13407.0,65400.0,65500.0,,,5371.0,8036.0,272.0,,,,
2026-10-01T00:23:00+00:00,036930.KQ,KOSDAQ,equity,232500.0,232500.0,231500.0,232000.0,7606.0,231500.0,232000.0,,,3973.0,3633.0,225.0,,,,
2026-10-01T00:23:00+00:00,051910.KS,KRX,equity,254500.0,255000.0,254500.0,255000.0,358.0,254500.0,255000.0,,,101.0,257.0,42.0,,,,
2026-10-01T00:23:00+00:00,066570.KS,KRX,equity,207500.0,208500.0,207000.0,208000.0,3430.0,207500.0,208000.0,,,1530.0,1900.0,85.0,,,,
2026-10-01T00:23:00+00:00,267250.KS,KRX,equity,200500.0,200500.0,200000.0,200500.0,100.0,200000.0,200500.0,,,99.0,1.0,35.0,,,,
2026-10-01T00:23:00+00:00,000270.KS,KRX,equity,113850.0,113900.0,113600.0,113600.0,2137.0,113700.0,113700.0,,,497.0,1640.0,65.0,,,,
2026-10-01T00:23:00+00:00,030530.KQ,KOSDAQ,equity,26600.0,26650.0,26500.0,26500.0,3401.0,26500.0,26550.0,,,518.0,2883.0,33.0,,,,
2026-10-01T00:23:00+00:00,055550.KS,KRX,equity,105500.0,105700.0,105300.0,105500.0,11258.0,105400.0,105500.0,,,5063.0,6195.0,73.0,,,,
2026-10-01T00:23:00+00:00,028260.KS,KRX,equity,338500.0,339000.0,338500.0,339000.0,226.0,338500.0,339000.0,,,80.0,146.0,40.0,,,,
2026-10-01T00:23:00+00:00,272210.KS,KRX,equity,73600.0,74000.0,73600.0,73900.0,1524.0,73900.0,74000.0,,,1316.0,208.0,59.0,,,,
2026-10-01T00:23:00+00:00,005935.KS,KRX,equity,195700.0,195700.0,195200.0,195200.0,2684.0,195200.0,195300.0,,,898.0,1786.0,138.0,,,,
2026-10-01T00:23:00+00:00,010140.KS,KRX,equity,19400.0,19410.0,19390.0,19400.0,5913.0,19390.0,19400.0,,,3527.0,2386.0,150.0,,,,
2026-10-01T00:23:00+00:00,373220.KS,KRX,equity,353500.0,353500.0,353000.0,353500.0,68.0,353000.0,353500.0,,,20.0,48.0,18.0,,,,
2026-10-01T00:23:00+00:00,072950.KQ,KOSDAQ,equity,14630.0,14640.0,14580.0,14580.0,3934.0,14580.0,14600.0,,,451.0,3483.0,50.0,,,,
2026-10-01T00:23:00+00:00,086790.KS,KRX,equity,130000.0,130300.0,130000.0,130100.0,2250.0,130100.0,130200.0,,,1213.0,1037.0,28.0,,,,
2026-10-01T00:23:00+00:00,005490.KS,KRX,equity,304500.0,304500.0,304000.0,304500.0,410.0,304000.0,304500.0,,,216.0,194.0,47.0,,,,
2026-10-01T00:23:00+00:00,006360.KS,KRX,equity,33400.0,33400.0,33350.0,33350.0,2743.0,33350.0,33400.0,,,892.0,1851.0,42.0,,,,
2026-10-01T00:23:00+00:00,251270.KS,KRX,equity,34950.0,35000.0,34900.0,34900.0,2191.0,34900.0,34950.0,,,963.0,1228.0,29.0,,,,
2026-10-01T00:23:00+00:00,035720.KS,KRX,equity,33350.0,33400.0,33350.0,33350.0,1529.0,33350.0,33400.0,,,186.0,1343.0,41.0,,,,
2026-10-01T00:23:00+00:00,047810.KS,KRX,equity,125700.0,125900.0,125700.0,125900.0,615.0,125900.0,125900.0,,,441.0,174.0,30.0,,,,
2026-10-01T00:23:00+00:00,0010S0.KQ,KOSDAQ,equity,19870.0,20150.0,19870.0,20050.0,3741.0,20050.0,20100.0,,,2896.0,845.0,82.0,,,,
2026-10-01T00:23:00+00:00,326030.KS,KRX,equity,74300.0,74400.0,74200.0,74200.0,222.0,74200.0,74400.0,,,167.0,55.0,21.0,,,,
2026-10-01T00:23:00+00:00,003550.KS,KRX,equity,109700.0,109800.0,109300.0,109600.0,143.0,109600.0,109400.0,,,54.0,89.0,27.0,,,,
2026-10-01T00:23:00+00:00,001820.KS,KRX,equity,150700.0,150900.0,150500.0,150500.0,1911.0,150500.0,150600.0,,,261.0,1650.0,59.0,,,,
2026-10-01T00:23:00+00:00,046970.KQ,KOSDAQ,equity,7220.0,7220.0,7170.0,7200.0,1548.0,7170.0,7200.0,,,590.0,958.0,20.0,,,,
2026-10-01T00:23:00+00:00,103590.KS,KRX,equity,80500.0,80700.0,80400.0,80450.0,2551.0,80400.0,80500.0,,,248.0,2303.0,45.0,,,,
2026-10-01T00:23:00+00:00,396300.KQ,KOSDAQ,equity,5410.0,5420.0,5400.0,5420.0,6177.0,5410.0,5420.0,,,994.0,5183.0,28.0,,,,
2026-10-01T00:23:00+00:00,010120.KS,KRX,equity,200500.0,201000.0,200000.0,200500.0,1132.0,200000.0,200500.0,,,183.0,949.0,62.0,,,,
2026-10-01T00:23:00+00:00,010950.KS,KRX,equity,156600.0,156600.0,156400.0,156400.0,409.0,156400.0,156500.0,,,44.0,365.0,28.0,,,,
2026-10-01T00:23:00+00:00,032830.KS,KRX,equity,279500.0,280000.0,279500.0,280000.0,253.0,279500.0,280000.0,,,5.0,248.0,20.0,,,,
2026-10-01T00:23:00+00:00,478340.KQ,KOSDAQ,equity,13930.0,13930.0,13860.0,13860.0,999.0,13860.0,13870.0,,,99.0,900.0,15.0,,,,
2026-10-01T00:23:00+00:00,024110.KS,KRX,equity,20100.0,20150.0,20100.0,20100.0,120.0,20100.0,20150.0,,,80.0,40.0,11.0,,,,
2026-10-01T00:23:00+00:00,278470.KS,KRX,equity,361500.0,363500.0,361500.0,362500.0,1279.0,362000.0,362500.0,,,761.0,518.0,41.0,,,,
2026-10-01T00:23:00+00:00,950260.KQ,KOSDAQ,equity,26400.0,26450.0,26150.0,26250.0,8597.0,26200.0,26250.0,,,232.0,8365.0,44.0,,,,
2026-10-01T00:23:00+00:00,010060.KS,KRX,equity,214500.0,216000.0,214000.0,215500.0,1614.0,215000.0,216000.0,,,1029.0,585.0,69.0,,,,
2026-10-01T00:23:00+00:00,089970.KQ,KOSDAQ,equity,65500.0,65600.0,64800.0,65500.0,10782.0,65400.0,65500.0,,,6700.0,4082.0,106.0,,,,
2026-10-01T00:23:00+00:00,128940.KS,KRX,equity,495500.0,496000.0,495000.0,495500.0,101.0,495000.0,495500.0,,,49.0,52.0,20.0,,,,
2026-10-01T00:23:00+00:00,009540.KS,KRX,equity,320500.0,320500.0,320000.0,320500.0,226.0,320500.0,320500.0,,,154.0,72.0,32.0,,,,
2026-10-01T00:03:00+00:00,^KS11,KRX,index,6782.0,6785.93994140625,6781.14990234375,6785.93994140625,3805.0,,,,,,,,,,,
2026-10-01T00:04:10+00:00,^KS11,KRX,index,6787.14013671875,6787.14013671875,6787.14013671875,6787.14013671875,0.0,,,,,,,,,,,
2026-10-01T00:03:00+00:00,^KQ11,KOSDAQ,index,853.5999755859375,856.510009765625,853.5999755859375,856.510009765625,5035.0,,,,,,,,,,,
2026-10-01T00:04:10+00:00,^KQ11,KOSDAQ,index,856.3300170898438,856.3300170898438,856.3300170898438,856.3300170898438,0.0,,,,,,,,,,,
2026-10-01T00:23:00+00:00,329180.KS,KRX,equity,428500.0,428500.0,428000.0,428500.0,162.0,428000.0,428500.0,,,115.0,47.0,25.0,,,,
2026-10-01T00:23:00+00:00,021240.KS,KRX,equity,99800.0,99800.0,99800.0,99800.0,36.0,99500.0,99600.0,,,36.0,0.0,5.0,,,,
2026-10-01T00:23:00+00:00,011170.KS,KRX,equity,60300.0,60300.0,60300.0,60300.0,17.0,60200.0,60300.0,,,17.0,0.0,5.0,,,,
2026-10-01T00:23:00+00:00,003230.KS,KRX,equity,1218000.0,1226000.0,1218000.0,1226000.0,762.0,1224000.0,1225000.0,,,713.0,49.0,63.0,,,,
2026-10-01T00:23:00+00:00,201490.KQ,KOSDAQ,equity,3425.0,3425.0,3415.0,3415.0,3512.0,3415.0,3420.0,,,249.0,3263.0,14.0,,,,
2026-10-01T00:23:00+00:00,034730.KS,KRX,equity,574000.0,575000.0,573500.0,574500.0,661.0,574000.0,575000.0,,,584.0,77.0,23.0,,,,
2026-10-01T00:23:00+00:00,000810.KS,KRX,equity,630000.0,632000.0,629000.0,630000.0,241.0,630000.0,630000.0,,,204.0,37.0,16.0,,,,
2026-10-01T00:23:00+00:00,011780.KS,KRX,equity,114900.0,115000.0,114900.0,115000.0,171.0,114900.0,115000.0,,,156.0,15.0,13.0,,,,
2026-10-01T00:08:00+00:00,^N225,Japan,index,67329.0390625,67331.8125,67269.546875,67276.421875,0.0,,,,,,,,,,,
2026-10-01T00:09:50+00:00,^N225,Japan,index,67309.859375,67309.859375,67309.859375,67309.859375,0.0,,,,,,,,,,,
2026-10-01T00:14:00+00:00,ES=F,CME,index_future,7740.0,7740.75,7740.0,7740.25,0.0,,,,,,,,,,,
2026-10-01T00:14:49+00:00,ES=F,CME,index_future,7740.0,7740.0,7740.0,7740.0,0.0,,,,,,,,,,,
2026-10-01T00:14:00+00:00,NQ=F,CME,index_future,30800.0,30802.0,30798.25,30800.25,0.0,,,,,,,,,,,
2026-10-01T00:14:49+00:00,NQ=F,CME,index_future,30798.5,30798.5,30798.5,30798.5,0.0,,,,,,,,,,,
2026-10-01T00:14:00+00:00,GC=F,COMEX,commodity_future,4182.2998046875,4182.7998046875,4182.10009765625,4182.7998046875,0.0,,,,,,,,,,,
2026-10-01T00:14:49+00:00,GC=F,COMEX,commodity_future,4182.7001953125,4182.7001953125,4182.7001953125,4182.7001953125,0.0,,,,,,,,,,,
2026-10-01T00:14:00+00:00,CL=F,NYMEX,commodity_future,90.41000366210938,90.48999786376952,90.41000366210938,90.4499969482422,0.0,,,,,,,,,,,
2026-10-01T00:14:47+00:00,CL=F,NYMEX,commodity_future,90.45999908447266,90.45999908447266,90.45999908447266,90.45999908447266,0.0,,,,,,,,,,,
2026-10-01T00:23:00+00:00,EURUSD=X,FX,currency,1.1332728862762451,1.1332728862762451,1.1332728862762451,1.1332728862762451,0.0,,,,,,,,,,,
2026-10-01T00:23:00+00:00,KRW=X,FX,currency,1358.1800537109375,1358.47998046875,1358.0699462890625,1358.1800537109375,0.0,,,,,,,,,,,
2026-10-01T00:23:00+00:00,JPY=X,FX,currency,157.71600341796875,157.72300720214844,157.6739959716797,157.67799377441406,0.0,,,,,,,,,,,
2026-10-01T00:23:00+00:00,GBPUSD=X,FX,currency,1.326277494430542,1.326277494430542,1.326277494430542,1.326277494430542,0.0,,,,,,,,,,,
2026-10-01T00:24:00+00:00,BTC-USD,CRYPTO,crypto,83401.9,83430.3,83398.7,83409.6,24.51004664,,,,,,,226.0,,,,
2026-10-01T00:24:00+00:00,ETH-USD,CRYPTO,crypto,2679.27,2680.79,2679.14,2680.46,23.364625,,,,,,,49.0,,,,
2026-10-01T00:24:00+00:00,005935.KS,KRX,equity,195200.0,195300.0,194400.0,194600.0,13102.0,194400.0,194600.0,,,2538.0,10564.0,203.0,,,,
2026-10-01T00:24:00+00:00,009150.KS,KRX,equity,1474000.0,1478000.0,1474000.0,1477000.0,3361.0,1478000.0,1477000.0,,,2042.0,1319.0,189.0,,,,
2026-10-01T00:24:00+00:00,030200.KS,KRX,equity,51800.0,51800.0,51600.0,51800.0,146.0,51700.0,51700.0,,,124.0,22.0,33.0,,,,
2026-10-01T00:24:00+00:00,036540.KQ,KOSDAQ,equity,11070.0,11090.0,11000.0,11080.0,62139.0,11080.0,11090.0,,,10672.0,51467.0,232.0,,,,
2026-10-01T00:24:00+00:00,042700.KS,KRX,equity,259000.0,260000.0,258500.0,260000.0,5749.0,259500.0,260000.0,,,4268.0,1481.0,141.0,,,,
2026-10-01T00:24:00+00:00,043260.KQ,KOSDAQ,equity,27000.0,27050.0,26800.0,26800.0,24144.0,26800.0,26850.0,,,2829.0,21315.0,293.0,,,,
2026-10-01T00:24:00+00:00,047040.KS,KRX,equity,17520.0,17540.0,17500.0,17530.0,19030.0,17520.0,17530.0,,,6637.0,12393.0,144.0,,,,
2026-10-01T00:24:00+00:00,051910.KS,KRX,equity,255000.0,255500.0,254500.0,255000.0,598.0,255000.0,255000.0,,,390.0,208.0,33.0,,,,
2026-10-01T00:24:00+00:00,066570.KS,KRX,equity,208000.0,208000.0,207000.0,207500.0,3878.0,207000.0,207500.0,,,1147.0,2731.0,87.0,,,,
2026-10-01T00:24:00+00:00,067310.KQ,KOSDAQ,equity,48400.0,48450.0,48200.0,48450.0,9213.0,48400.0,48450.0,,,3995.0,5218.0,191.0,,,,
2026-10-01T00:24:00+00:00,068270.KS,KRX,equity,181400.0,181800.0,181300.0,181700.0,11071.0,181600.0,181700.0,,,10292.0,779.0,177.0,,,,
2026-10-01T00:24:00+00:00,096770.KS,KRX,equity,146200.0,146600.0,146000.0,146500.0,2140.0,146400.0,146500.0,,,1101.0,1039.0,93.0,,,,
2026-10-01T00:24:00+00:00,108490.KQ,KOSDAQ,equity,277000.0,277500.0,276500.0,277500.0,4210.0,277000.0,277500.0,,,1376.0,2834.0,142.0,,,,
2026-10-01T00:24:00+00:00,272210.KS,KRX,equity,74000.0,74200.0,73900.0,74200.0,1100.0,74100.0,74200.0,,,986.0,114.0,58.0,,,,
2026-10-01T00:24:00+00:00,316140.KS,KRX,equity,33450.0,33450.0,33350.0,33450.0,11716.0,33400.0,33450.0,,,8999.0,2717.0,205.0,,,,
2026-10-01T00:24:00+00:00,373220.KS,KRX,equity,353500.0,354500.0,353000.0,354500.0,1134.0,354000.0,354500.0,,,998.0,136.0,42.0,,,,
2026-10-01T00:24:00+00:00,403870.KQ,KOSDAQ,equity,65500.0,65900.0,65400.0,65900.0,12616.0,65800.0,65900.0,,,9515.0,3101.0,236.0,,,,
2026-10-01T00:24:00+00:00,009830.KS,KRX,equity,33100.0,33150.0,33000.0,33050.0,19720.0,33050.0,33100.0,,,4914.0,14806.0,177.0,,,,
2026-10-01T00:24:00+00:00,005930.KS,KRX,equity,266000.0,266250.0,265500.0,266000.0,33350.0,266000.0,266000.0,,,11340.0,22010.0,1047.0,,,,
2026-10-01T00:24:00+00:00,005830.KS,KRX,equity,184000.0,184200.0,183600.0,183900.0,213.0,183600.0,183900.0,,,131.0,82.0,28.0,,,,
2026-10-01T00:24:00+00:00,006360.KS,KRX,equity,33300.0,33400.0,33300.0,33350.0,2663.0,33300.0,33350.0,,,237.0,2426.0,34.0,,,,
2026-10-01T00:24:00+00:00,007660.KS,KRX,equity,114700.0,115000.0,114500.0,114800.0,1920.0,114800.0,114800.0,,,784.0,1136.0,76.0,,,,
2026-10-01T00:24:00+00:00,010140.KS,KRX,equity,19390.0,19410.0,19390.0,19400.0,7244.0,19400.0,19410.0,,,3482.0,3762.0,103.0,,,,
2026-10-01T00:24:00+00:00,015760.KS,KRX,equity,30050.0,30050.0,30000.0,30050.0,2510.0,30000.0,30050.0,,,1519.0,991.0,49.0,,,,
2026-10-01T00:24:00+00:00,326030.KS,KRX,equity,74200.0,74400.0,74200.0,74350.0,78.0,74300.0,74400.0,,,24.0,54.0,23.0,,,,
2026-10-01T00:24:00+00:00,036930.KQ,KOSDAQ,equity,232000.0,234000.0,231500.0,233500.0,11940.0,233500.0,234000.0,,,8766.0,3174.0,259.0,,,,
2026-10-01T00:24:00+00:00,058470.KQ,KOSDAQ,equity,75100.0,75300.0,75000.0,75200.0,6813.0,75200.0,75300.0,,,5835.0,978.0,84.0,,,,
2026-10-01T00:24:00+00:00,222800.KQ,KOSDAQ,equity,148600.0,148600.0,148300.0,148600.0,2175.0,148500.0,148600.0,,,617.0,1558.0,133.0,,,,
2026-10-01T00:24:00+00:00,329180.KS,KRX,equity,428500.0,429000.0,428500.0,428500.0,649.0,428500.0,429000.0,,,382.0,267.0,32.0,,,,
2026-10-01T00:24:00+00:00,012450.KS,KRX,equity,1014000.0,1016000.0,1013000.0,1015000.0,102.0,1015000.0,1016000.0,,,81.0,21.0,45.0,,,,
2026-10-01T00:24:00+00:00,005490.KS,KRX,equity,304000.0,304500.0,304000.0,304250.0,218.0,304000.0,304500.0,,,129.0,89.0,49.0,,,,
2026-10-01T00:24:00+00:00,006400.KS,KRX,equity,506000.0,506000.0,503000.0,504000.0,6395.0,504000.0,505000.0,,,538.0,5857.0,218.0,,,,
2026-10-01T00:24:00+00:00,010170.KQ,KOSDAQ,equity,16380.0,16410.0,16370.0,16400.0,11021.0,16390.0,16400.0,,,7893.0,3128.0,110.0,,,,
2026-10-01T00:24:00+00:00,034020.KS,KRX,equity,81700.0,81800.0,81600.0,81700.0,26298.0,81700.0,81800.0,,,2111.0,24187.0,263.0,,,,
2026-10-01T00:24:00+00:00,240810.KQ,KOSDAQ,equity,135300.0,136300.0,135300.0,135700.0,4033.0,135700.0,135800.0,,,2301.0,1732.0,176.0,,,,
2026-10-01T00:24:00+00:00,402340.KS,KRX,equity,1101000.0,1103000.0,1100000.0,1102000.0,1039.0,1102000.0,1102000.0,,,525.0,514.0,105.0,,,,
2026-10-01T00:24:00+00:00,000660.KS,KRX,equity,1761000.0,1764000.0,1761000.0,1762000.0,6613.0,1761000.0,1762000.0,,,4285.0,2328.0,355.0,,,,
2026-10-01T00:24:00+00:00,080220.KQ,KOSDAQ,equity,78700.0,78700.0,78500.0,78600.0,4752.0,78600.0,78700.0,,,1228.0,3524.0,98.0,,,,
2026-10-01T00:24:00+00:00,386380.KQ,KOSDAQ,equity,17410.0,17410.0,17300.0,17330.0,9926.0,17330.0,17340.0,,,3137.0,6789.0,123.0,,,,
2026-10-01T00:24:00+00:00,419050.KQ,KOSDAQ,equity,1826.0,1838.0,1806.0,1806.0,45946.0,1806.0,1810.0,,,7842.0,38104.0,84.0,,,,
2026-10-01T00:24:00+00:00,010060.KS,KRX,equity,215500.0,217000.0,215000.0,216500.0,1850.0,216000.0,216500.0,,,1358.0,492.0,43.0,,,,
2026-10-01T00:24:00+00:00,035420.KS,KRX,equity,191700.0,191700.0,191600.0,191700.0,3078.0,191600.0,191700.0,,,1449.0,1629.0,111.0,,,,
2026-10-01T00:24:00+00:00,009540.KS,KRX,equity,320000.0,320500.0,320000.0,320000.0,145.0,320000.0,320500.0,,,85.0,60.0,27.0,,,,
2026-10-01T00:24:00+00:00,093370.KS,KRX,equity,15140.0,15210.0,15100.0,15180.0,20477.0,15160.0,15180.0,,,13055.0,7422.0,167.0,,,,
2026-10-01T00:24:00+00:00,115440.KQ,KOSDAQ,equity,11200.0,11220.0,11180.0,11190.0,3441.0,11180.0,11190.0,,,2655.0,786.0,30.0,,,,
2026-10-01T00:24:00+00:00,353200.KS,KRX,equity,130100.0,130400.0,129800.0,129800.0,8547.0,129900.0,130400.0,,,3024.0,5523.0,162.0,,,,
2026-10-01T00:24:00+00:00,001440.KS,KRX,equity,28900.0,28950.0,28900.0,28950.0,1929.0,28900.0,28950.0,,,867.0,1062.0,59.0,,,,
2026-10-01T00:24:00+00:00,319660.KQ,KOSDAQ,equity,151100.0,151600.0,151000.0,151600.0,1150.0,151500.0,151600.0,,,685.0,465.0,69.0,,,,
2026-10-01T00:24:00+00:00,393210.KQ,KOSDAQ,equity,3340.0,3340.0,3315.0,3325.0,9982.0,3325.0,3345.0,,,1214.0,8768.0,23.0,,,,
2026-10-01T00:24:00+00:00,001820.KS,KRX,equity,150500.0,150900.0,150300.0,150400.0,1586.0,150400.0,150900.0,,,746.0,840.0,71.0,,,,
2026-10-01T00:24:00+00:00,012330.KS,KRX,equity,382500.0,382500.0,380000.0,381000.0,8342.0,380500.0,381000.0,,,2243.0,6099.0,167.0,,,,
2026-10-01T00:24:00+00:00,033780.KS,KRX,equity,177400.0,177500.0,177300.0,177500.0,212.0,177400.0,177500.0,,,115.0,97.0,26.0,,,,
2026-10-01T00:24:00+00:00,052690.KS,KRX,equity,125300.0,125600.0,125200.0,125300.0,3007.0,125300.0,125400.0,,,1354.0,1653.0,131.0,,,,
2026-10-01T00:24:00+00:00,089970.KQ,KOSDAQ,equity,65400.0,65500.0,65250.0,65300.0,6522.0,65300.0,65400.0,,,3855.0,2667.0,77.0,,,,
2026-10-01T00:24:00+00:00,278470.KS,KRX,equity,362500.0,362500.0,361500.0,362500.0,220.0,362000.0,362500.0,,,60.0,160.0,24.0,,,,
2026-10-01T00:24:00+00:00,201490.KQ,KOSDAQ,equity,3415.0,3430.0,3415.0,3420.0,4384.0,3420.0,3430.0,,,3617.0,767.0,12.0,,,,
2026-10-01T00:24:00+00:00,0010S0.KQ,KOSDAQ,equity,20100.0,20100.0,20000.0,20050.0,2321.0,20000.0,20050.0,,,839.0,1482.0,56.0,,,,
2026-10-01T00:24:00+00:00,017670.KS,KRX,equity,85500.0,86000.0,85500.0,85600.0,4447.0,85600.0,85700.0,,,3527.0,920.0,58.0,,,,
2026-10-01T00:24:00+00:00,000720.KS,KRX,equity,115900.0,116300.0,115700.0,116000.0,2880.0,115900.0,116000.0,,,1919.0,961.0,101.0,,,,
2026-10-01T00:24:00+00:00,086790.KS,KRX,equity,130100.0,130200.0,130000.0,130100.0,546.0,130000.0,130100.0,,,407.0,139.0,12.0,,,,
2026-10-01T00:24:00+00:00,0161M0.KQ,KOSDAQ,equity,16590.0,16600.0,16510.0,16520.0,11326.0,16510.0,16520.0,,,1796.0,9530.0,361.0,,,,
2026-10-01T00:24:00+00:00,095610.KQ,KOSDAQ,equity,170400.0,171400.0,169800.0,170100.0,2433.0,170100.0,170500.0,,,829.0,1604.0,107.0,,,,
2026-10-01T00:24:00+00:00,042660.KS,KRX,equity,77300.0,77400.0,77000.0,77200.0,27040.0,77200.0,77200.0,,,1739.0,25301.0,139.0,,,,
2026-10-01T00:24:00+00:00,950260.KQ,KOSDAQ,equity,26250.0,26500.0,26250.0,26450.0,4162.0,26350.0,26450.0,,,3787.0,375.0,39.0,,,,
2026-10-01T00:24:00+00:00,003490.KS,KRX,equity,31425.0,31450.0,31400.0,31450.0,2142.0,31400.0,31450.0,,,276.0,1866.0,52.0,,,,
2026-10-01T00:24:00+00:00,356680.KQ,KOSDAQ,equity,17400.0,17420.0,17370.0,17420.0,6377.0,17380.0,17400.0,,,3371.0,3006.0,75.0,,,,
2026-10-01T00:24:00+00:00,003670.KS,KRX,equity,178000.0,178600.0,177800.0,177900.0,1197.0,177900.0,178000.0,,,474.0,723.0,66.0,,,,
2026-10-01T00:24:00+00:00,005380.KS,KRX,equity,346000.0,346500.0,345500.0,346000.0,2612.0,346000.0,346000.0,,,1834.0,778.0,234.0,,,,
2026-10-01T00:24:00+00:00,010950.KS,KRX,equity,156400.0,157100.0,156400.0,157000.0,493.0,156900.0,157000.0,,,399.0,94.0,28.0,,,,
2026-10-01T00:24:00+00:00,207940.KS,KRX,equity,1398000.0,1407000.0,1397000.0,1401000.0,1892.0,1401000.0,1404000.0,,,1383.0,509.0,117.0,,,,
2026-10-01T00:24:00+00:00,024110.KS,KRX,equity,20100.0,20150.0,20100.0,20150.0,141.0,20100.0,20150.0,,,11.0,130.0,18.0,,,,
2026-10-01T00:24:00+00:00,072950.KQ,KOSDAQ,equity,14590.0,14640.0,14580.0,14640.0,2635.0,14610.0,14640.0,,,1229.0,1406.0,32.0,,,,
2026-10-01T00:24:00+00:00,035720.KS,KRX,equity,33350.0,33400.0,33350.0,33350.0,521.0,33350.0,33400.0,,,204.0,317.0,43.0,,,,
2026-10-01T00:24:00+00:00,011200.KS,KRX,equity,20950.0,21000.0,20950.0,20950.0,1425.0,20950.0,21000.0,,,1032.0,393.0,41.0,,,,
2026-10-01T00:24:00+00:00,440110.KQ,KOSDAQ,equity,84400.0,85500.0,84400.0,85000.0,1698.0,84900.0,85000.0,,,575.0,1123.0,90.0,,,,
2026-10-01T00:24:00+00:00,030530.KQ,KOSDAQ,equity,26550.0,26600.0,26450.0,26550.0,4535.0,26550.0,26650.0,,,2343.0,2192.0,53.0,,,,
2026-10-01T00:24:00+00:00,000150.KS,KRX,equity,1382000.0,1386000.0,1380000.0,1385000.0,1284.0,1382000.0,1385000.0,,,834.0,450.0,54.0,,,,
2026-10-01T00:24:00+00:00,034730.KS,KRX,equity,574500.0,575000.0,574000.0,574000.0,168.0,574000.0,575000.0,,,0.0,168.0,16.0,,,,
2026-10-01T00:24:00+00:00,128940.KS,KRX,equity,495500.0,498000.0,495500.0,496500.0,207.0,496000.0,497000.0,,,131.0,76.0,22.0,,,,
2026-10-01T00:24:00+00:00,028260.KS,KRX,equity,338500.0,339000.0,338000.0,338000.0,426.0,338000.0,338500.0,,,19.0,407.0,43.0,,,,
2026-10-01T00:24:00+00:00,010120.KS,KRX,equity,200000.0,200500.0,200000.0,200000.0,496.0,200000.0,200500.0,,,170.0,326.0,71.0,,,,
2026-10-01T00:24:00+00:00,011070.KS,KRX,equity,555000.0,557000.0,555000.0,556000.0,375.0,556000.0,557000.0,,,156.0,219.0,34.0,,,,
2026-10-01T00:24:00+00:00,028050.KS,KRX,equity,46850.0,46950.0,46850.0,46900.0,3388.0,46900.0,46950.0,,,1263.0,2125.0,53.0,,,,
2026-10-01T00:24:00+00:00,387690.KQ,KOSDAQ,equity,19010.0,19030.0,18910.0,18990.0,11841.0,18940.0,18990.0,,,4570.0,7271.0,149.0,,,,
2026-10-01T00:24:00+00:00,298040.KS,KRX,equity,2711000.0,2712000.0,2710000.0,2712000.0,168.0,2711000.0,2712000.0,,,46.0,122.0,46.0,,,,
2026-10-01T00:24:00+00:00,396300.KQ,KOSDAQ,equity,5420.0,5420.0,5400.0,5410.0,3408.0,5410.0,5420.0,,,150.0,3258.0,18.0,,,,
2026-10-01T00:24:00+00:00,003230.KS,KRX,equity,1224000.0,1226000.0,1220000.0,1225000.0,117.0,1223000.0,1225000.0,,,100.0,17.0,24.0,,,,
2026-10-01T00:24:00+00:00,046970.KQ,KOSDAQ,equity,7200.0,7200.0,7160.0,7190.0,8941.0,7160.0,7190.0,,,6737.0,2204.0,35.0,,,,
2026-10-01T00:24:00+00:00,000270.KS,KRX,equity,113700.0,113900.0,113300.0,113600.0,5111.0,113600.0,113700.0,,,2682.0,2429.0,109.0,,,,
2026-10-01T00:24:00+00:00,021240.KS,KRX,equity,99500.0,99800.0,99400.0,99500.0,335.0,99400.0,99500.0,,,102.0,233.0,17.0,,,,
2026-10-01T00:24:00+00:00,032830.KS,KRX,equity,280000.0,280000.0,279000.0,279000.0,229.0,279500.0,279500.0,,,50.0,179.0,23.0,,,,
2026-10-01T00:24:00+00:00,055550.KS,KRX,equity,105500.0,105500.0,105100.0,105100.0,2539.0,105200.0,105200.0,,,838.0,1701.0,35.0,,,,
2026-10-01T00:24:00+00:00,003550.KS,KRX,equity,109300.0,109500.0,109300.0,109300.0,288.0,109300.0,109400.0,,,110.0,178.0,47.0,,,,
2026-10-01T00:24:00+00:00,478340.KQ,KOSDAQ,equity,13860.0,13980.0,13850.0,13980.0,1735.0,13890.0,13980.0,,,1041.0,694.0,31.0,,,,
2026-10-01T00:24:00+00:00,103590.KS,KRX,equity,80400.0,80800.0,80400.0,80400.0,1375.0,80400.0,80500.0,,,695.0,680.0,53.0,,,,
2026-10-01T00:24:00+00:00,267250.KS,KRX,equity,200500.0,201000.0,200500.0,201000.0,110.0,200500.0,201000.0,,,99.0,11.0,24.0,,,,
2026-10-01T00:24:00+00:00,047810.KS,KRX,equity,125800.0,126000.0,125800.0,125900.0,967.0,125800.0,125900.0,,,709.0,258.0,68.0,,,,
2026-10-01T00:24:00+00:00,000810.KS,KRX,equity,630000.0,631000.0,629000.0,629000.0,116.0,629000.0,630000.0,,,10.0,106.0,10.0,,,,
2026-10-01T00:24:00+00:00,105560.KS,KRX,equity,169100.0,169100.0,168600.0,168800.0,5612.0,168800.0,168800.0,,,2266.0,3346.0,69.0,,,,
2026-10-01T00:24:00+00:00,251270.KS,KRX,equity,34900.0,35000.0,34900.0,35000.0,825.0,34950.0,35000.0,,,733.0,92.0,11.0,,,,
2026-10-01T00:24:00+00:00,011170.KS,KRX,equity,60300.0,60600.0,60300.0,60400.0,93.0,60400.0,60600.0,,,91.0,2.0,9.0,,,,
2026-10-01T00:04:00+00:00,^KS11,KRX,index,6786.10009765625,6790.2900390625,6786.10009765625,6790.2900390625,3431.0,,,,,,,,,,,
2026-10-01T00:05:20+00:00,^KS11,KRX,index,6787.27001953125,6787.27001953125,6787.27001953125,6787.27001953125,0.0,,,,,,,,,,,
2026-10-01T00:04:00+00:00,^KQ11,KOSDAQ,index,856.8800048828125,856.8800048828125,856.1799926757812,856.1799926757812,4093.0,,,,,,,,,,,
2026-10-01T00:05:20+00:00,^KQ11,KOSDAQ,index,855.8300170898438,855.8300170898438,855.8300170898438,855.8300170898438,0.0,,,,,,,,,,,
2026-10-01T00:24:00+00:00,018260.KS,KRX,equity,217000.0,217500.0,217000.0,217500.0,52.0,217000.0,217500.0,,,43.0,9.0,9.0,,,,
2026-10-01T00:24:00+00:00,011780.KS,KRX,equity,115100.0,115100.0,115100.0,115100.0,15.0,115000.0,115100.0,,,15.0,0.0,4.0,,,,
2026-10-01T00:24:00+00:00,180640.KS,KRX,equity,131800.0,132000.0,131800.0,131900.0,131.0,131900.0,132200.0,,,111.0,20.0,11.0,,,,
2026-10-01T00:09:00+00:00,^N225,Japan,index,67281.109375,67309.859375,67245.5390625,67296.390625,0.0,,,,,,,,,,,
2026-10-01T00:10:55+00:00,^N225,Japan,index,67379.109375,67379.109375,67379.109375,67379.109375,0.0,,,,,,,,,,,
2026-10-01T00:15:00+00:00,ES=F,CME,index_future,7740.25,7740.5,7736.75,7737.25,0.0,,,,,,,,,,,
2026-10-01T00:15:56+00:00,ES=F,CME,index_future,7737.25,7737.25,7737.25,7737.25,0.0,,,,,,,,,,,
2026-10-01T00:15:00+00:00,NQ=F,CME,index_future,30799.75,30802.75,30779.5,30781.5,0.0,,,,,,,,,,,
2026-10-01T00:15:59+00:00,NQ=F,CME,index_future,30781.5,30781.5,30781.5,30781.5,0.0,,,,,,,,,,,
2026-10-01T00:15:00+00:00,GC=F,COMEX,commodity_future,4182.60009765625,4182.7001953125,4181.0,4181.0,0.0,,,,,,,,,,,
2026-10-01T00:15:50+00:00,GC=F,COMEX,commodity_future,4181.39990234375,4181.39990234375,4181.39990234375,4181.39990234375,0.0,,,,,,,,,,,
2026-10-01T00:14:00+00:00,SI=F,COMEX,commodity_future,60.58000183105469,60.58000183105469,60.57500076293945,60.57500076293945,4.0,,,,,,,,,,,
2026-10-01T00:15:00+00:00,SI=F,COMEX,commodity_future,60.56999969482422,60.56999969482422,60.525001525878906,60.525001525878906,0.0,,,,,,,,,,,
2026-10-01T00:15:50+00:00,SI=F,COMEX,commodity_future,60.525001525878906,60.525001525878906,60.525001525878906,60.525001525878906,0.0,,,,,,,,,,,
2026-10-01T00:15:00+00:00,CL=F,NYMEX,commodity_future,90.43000030517578,90.5,90.4000015258789,90.47000122070312,55.0,,,,,,,,,,,
2026-10-01T00:15:58+00:00,CL=F,NYMEX,commodity_future,90.47000122070312,90.47000122070312,90.47000122070312,90.47000122070312,0.0,,,,,,,,,,,
2026-10-01T00:15:00+00:00,HG=F,COMEX,commodity_future,6.627999782562256,6.627999782562256,6.627999782562256,6.627999782562256,0.0,,,,,,,,,,,
2026-10-01T00:15:08+00:00,HG=F,COMEX,commodity_future,6.627999782562256,6.627999782562256,6.627999782562256,6.627999782562256,0.0,,,,,,,,,,,
2026-10-01T00:24:00+00:00,EURUSD=X,FX,currency,1.1334012746810913,1.1334012746810913,1.1334012746810913,1.1334012746810913,0.0,,,,,,,,,,,
2026-10-01T00:24:00+00:00,KRW=X,FX,currency,1358.22998046875,1358.5799560546875,1358.1800537109375,1358.3800048828125,0.0,,,,,,,,,,,
2026-10-01T00:24:00+00:00,JPY=X,FX,currency,157.677001953125,157.70799255371094,157.67599487304688,157.69500732421875,0.0,,,,,,,,,,,
2026-10-01T00:25:00+00:00,JPY=X,FX,currency,157.69900512695312,157.73399353027344,157.68600463867188,157.7169952392578,0.0,,,,,,,,,,,
2026-10-01T00:24:00+00:00,GBPUSD=X,FX,currency,1.3264182806015017,1.3264182806015017,1.3264182806015017,1.3264182806015017,0.0,,,,,,,,,,,
2026-10-01T00:25:00+00:00,GBPUSD=X,FX,currency,1.326435923576355,1.326435923576355,1.326435923576355,1.326435923576355,0.0,,,,,,,,,,,
2026-10-01T00:25:00+00:00,BTC-USD,CRYPTO,crypto,83409.5,83429.6,83404.5,83428.7,0.28447166,,,,,,,45.0,,,,
2026-10-01T00:25:00+00:00,ETH-USD,CRYPTO,crypto,2680.45,2682.02,2680.45,2682.01,6.78844517,,,,,,,35.0,,,,
2026-10-01T00:25:00+00:00,000660.KS,KRX,equity,1761500.0,1766000.0,1761000.0,1766000.0,6243.0,1765000.0,1765000.0,,,4468.0,1775.0,281.0,,,,
2026-10-01T00:25:00+00:00,000150.KS,KRX,equity,1383000.0,1398000.0,1381000.0,1398000.0,296.0,1398000.0,1397000.0,,,228.0,68.0,53.0,,,,
2026-10-01T00:25:00+00:00,000720.KS,KRX,equity,115900.0,116100.0,115700.0,115800.0,2563.0,115700.0,115800.0,,,773.0,1790.0,84.0,,,,
2026-10-01T00:25:00+00:00,003670.KS,KRX,equity,177900.0,178600.0,177900.0,178400.0,813.0,178400.0,178400.0,,,513.0,300.0,60.0,,,,
2026-10-01T00:25:00+00:00,006400.KS,KRX,equity,504000.0,506000.0,504000.0,506000.0,3996.0,504000.0,505000.0,,,1675.0,2321.0,134.0,,,,
2026-10-01T00:25:00+00:00,030200.KS,KRX,equity,51800.0,51800.0,51700.0,51800.0,1416.0,51700.0,51800.0,,,1195.0,221.0,54.0,,,,
2026-10-01T00:25:00+00:00,051910.KS,KRX,equity,255500.0,255500.0,254500.0,255500.0,414.0,255000.0,255500.0,,,244.0,170.0,42.0,,,,
2026-10-01T00:25:00+00:00,068270.KS,KRX,equity,181700.0,181900.0,181500.0,181600.0,5846.0,181600.0,181600.0,,,4273.0,1573.0,166.0,,,,
2026-10-01T00:25:00+00:00,105560.KS,KRX,equity,168800.0,168900.0,168300.0,168300.0,6206.0,168300.0,168400.0,,,1236.0,4970.0,92.0,,,,
2026-10-01T00:25:00+00:00,402340.KS,KRX,equity,1102000.0,1104000.0,1101000.0,1104000.0,911.0,1103000.0,1103000.0,,,546.0,365.0,117.0,,,,
2026-10-01T00:25:00+00:00,440110.KQ,KOSDAQ,equity,84900.0,85500.0,84700.0,85400.0,2167.0,85300.0,85400.0,,,907.0,1260.0,89.0,,,,
2026-10-01T00:25:00+00:00,000270.KS,KRX,equity,113600.0,113700.0,113300.0,113400.0,2762.0,113500.0,113400.0,,,1175.0,1587.0,97.0,,,,
2026-10-01T00:25:00+00:00,012450.KS,KRX,equity,1016000.0,1019000.0,1016000.0,1017000.0,465.0,1017000.0,1016000.0,,,196.0,269.0,64.0,,,,
2026-10-01T00:25:00+00:00,093370.KS,KRX,equity,15160.0,15320.0,15160.0,15310.0,122710.0,15310.0,15320.0,,,106781.0,15929.0,423.0,,,,
2026-10-01T00:25:00+00:00,036540.KQ,KOSDAQ,equity,11085.0,11155.0,11080.0,11140.0,21748.0,11140.0,11150.0,,,12133.0,9615.0,378.0,,,,
2026-10-01T00:25:00+00:00,043260.KQ,KOSDAQ,equity,26800.0,27000.0,26750.0,27000.0,33960.0,27000.0,27050.0,,,17955.0,16005.0,350.0,,,,
2026-10-01T00:25:00+00:00,329180.KS,KRX,equity,428500.0,429500.0,428500.0,429000.0,680.0,429000.0,429500.0,,,528.0,152.0,31.0,,,,
2026-10-01T00:25:00+00:00,001820.KS,KRX,equity,150400.0,152000.0,150400.0,152000.0,3969.0,151600.0,152000.0,,,3550.0,419.0,75.0,,,,
2026-10-01T00:25:00+00:00,015760.KS,KRX,equity,30050.0,30100.0,30000.0,30100.0,3001.0,30000.0,30050.0,,,1705.0,1296.0,52.0,,,,
2026-10-01T00:25:00+00:00,034020.KS,KRX,equity,81700.0,81800.0,81700.0,81800.0,18334.0,81700.0,81800.0,,,7556.0,10778.0,270.0,,,,
2026-10-01T00:25:00+00:00,035720.KS,KRX,equity,33350.0,33400.0,33350.0,33350.0,525.0,33350.0,33400.0,,,172.0,353.0,35.0,,,,
2026-10-01T00:25:00+00:00,115440.KQ,KOSDAQ,equity,11200.0,11240.0,11190.0,11240.0,3782.0,11190.0,11240.0,,,1637.0,2145.0,36.0,,,,
2026-10-01T00:25:00+00:00,356680.KQ,KOSDAQ,equity,17410.0,17480.0,17390.0,17470.0,2865.0,17470.0,17480.0,,,1936.0,929.0,51.0,,,,
2026-10-01T00:25:00+00:00,010170.KQ,KOSDAQ,equity,16400.0,16490.0,16390.0,16460.0,18440.0,16450.0,16460.0,,,16167.0,2273.0,99.0,,,,
2026-10-01T00:25:00+00:00,319660.KQ,KOSDAQ,equity,151600.0,152200.0,151500.0,152200.0,1457.0,152200.0,152300.0,,,1163.0,294.0,99.0,,,,
2026-10-01T00:25:00+00:00,005930.KS,KRX,equity,265750.0,266500.0,265500.0,266000.0,69559.0,266000.0,266500.0,,,46104.0,23455.0,924.0,,,,
2026-10-01T00:25:00+00:00,095610.KQ,KOSDAQ,equity,170100.0,170900.0,170100.0,170300.0,774.0,170300.0,170700.0,,,360.0,414.0,67.0,,,,
2026-10-01T00:25:00+00:00,240810.KQ,KOSDAQ,equity,135800.0,136400.0,135700.0,136300.0,4468.0,136300.0,136400.0,,,3340.0,1128.0,160.0,,,,
2026-10-01T00:25:00+00:00,353200.KS,KRX,equity,130400.0,131300.0,129900.0,131300.0,3783.0,131200.0,131300.0,,,3465.0,318.0,92.0,,,,
2026-10-01T00:25:00+00:00,009150.KS,KRX,equity,1477000.0,1487000.0,1477000.0,1486000.0,2275.0,1486000.0,1486000.0,,,1812.0,463.0,216.0,,,,
2026-10-01T00:25:00+00:00,036930.KQ,KOSDAQ,equity,233500.0,234500.0,233000.0,234500.0,17308.0,234000.0,234500.0,,,10747.0,6561.0,355.0,,,,
2026-10-01T00:25:00+00:00,058470.KQ,KOSDAQ,equity,75300.0,75400.0,75100.0,75400.0,9053.0,75400.0,75400.0,,,7437.0,1616.0,66.0,,,,
2026-10-01T00:25:00+00:00,089970.KQ,KOSDAQ,equity,65300.0,65500.0,65200.0,65400.0,6554.0,65300.0,65400.0,,,5046.0,1508.0,79.0,,,,
2026-10-01T00:25:00+00:00,103590.KS,KRX,equity,80400.0,80500.0,80300.0,80500.0,2138.0,80400.0,80600.0,,,541.0,1597.0,45.0,,,,
2026-10-01T00:25:00+00:00,419050.KQ,KOSDAQ,equity,1805.0,1810.0,1800.0,1803.0,9052.0,1803.0,1809.0,,,2368.0,6684.0,34.0,,,,
2026-10-01T00:25:00+00:00,005935.KS,KRX,equity,194500.0,194500.0,194000.0,194200.0,19171.0,194100.0,194200.0,,,12436.0,6735.0,249.0,,,,
2026-10-01T00:25:00+00:00,316140.KS,KRX,equity,33450.0,33450.0,33300.0,33450.0,47257.0,33400.0,33450.0,,,23317.0,23940.0,212.0,,,,
2026-10-01T00:25:00+00:00,033780.KS,KRX,equity,177400.0,177500.0,177200.0,177300.0,226.0,177300.0,177300.0,,,38.0,188.0,40.0,,,,
2026-10-01T00:25:00+00:00,035420.KS,KRX,equity,191700.0,191800.0,191600.0,191800.0,1893.0,191700.0,191800.0,,,1004.0,889.0,95.0,,,,
2026-10-01T00:25:00+00:00,403870.KQ,KOSDAQ,equity,65900.0,66000.0,65700.0,65900.0,18962.0,65900.0,66000.0,,,11790.0,7172.0,272.0,,,,
2026-10-01T00:25:00+00:00,047040.KS,KRX,equity,17530.0,17550.0,17510.0,17530.0,13004.0,17530.0,17540.0,,,6656.0,6348.0,114.0,,,,
2026-10-01T00:25:00+00:00,005380.KS,KRX,equity,346000.0,346000.0,345500.0,346000.0,2888.0,345500.0,346000.0,,,1290.0,1598.0,204.0,,,,
2026-10-01T00:25:00+00:00,007660.KS,KRX,equity,114900.0,115700.0,114800.0,115500.0,2093.0,115500.0,115500.0,,,1467.0,626.0,98.0,,,,
2026-10-01T00:25:00+00:00,028260.KS,KRX,equity,338000.0,339000.0,338000.0,339000.0,708.0,338500.0,339000.0,,,543.0,165.0,53.0,,,,
2026-10-01T00:25:00+00:00,028050.KS,KRX,equity,46900.0,47200.0,46800.0,46850.0,13779.0,46850.0,46900.0,,,7525.0,6254.0,163.0,,,,
2026-10-01T00:25:00+00:00,067310.KQ,KOSDAQ,equity,48450.0,48550.0,48350.0,48550.0,7963.0,48500.0,48550.0,,,6264.0,1699.0,92.0,,,,
2026-10-01T00:25:00+00:00,478340.KQ,KOSDAQ,equity,13980.0,14000.0,13950.0,14000.0,731.0,13980.0,14000.0,,,602.0,129.0,19.0,,,,
2026-10-01T00:25:00+00:00,222800.KQ,KOSDAQ,equity,148500.0,148600.0,148100.0,148500.0,3434.0,148500.0,148500.0,,,842.0,2592.0,204.0,,,,
2026-10-01T00:25:00+00:00,001440.KS,KRX,equity,28950.0,28950.0,28900.0,28950.0,4566.0,28900.0,28950.0,,,989.0,3577.0,62.0,,,,
2026-10-01T00:25:00+00:00,010060.KS,KRX,equity,216500.0,217500.0,216500.0,217500.0,1399.0,217000.0,217500.0,,,1062.0,337.0,52.0,,,,
2026-10-01T00:25:00+00:00,387690.KQ,KOSDAQ,equity,18950.0,19150.0,18940.0,19100.0,3272.0,19070.0,19100.0,,,1305.0,1967.0,99.0,,,,
2026-10-01T00:25:00+00:00,006360.KS,KRX,equity,33300.0,33300.0,33250.0,33250.0,3890.0,33200.0,33250.0,,,127.0,3763.0,44.0,,,,
2026-10-01T00:25:00+00:00,086790.KS,KRX,equity,130000.0,130100.0,129900.0,130000.0,2326.0,129900.0,130000.0,,,1449.0,877.0,19.0,,,,
2026-10-01T00:25:00+00:00,298040.KS,KRX,equity,2712000.0,2715000.0,2711000.0,2713000.0,73.0,2714000.0,2714000.0,,,52.0,21.0,25.0,,,,
2026-10-01T00:25:00+00:00,032830.KS,KRX,equity,279000.0,279500.0,278500.0,279500.0,1036.0,278500.0,279500.0,,,427.0,609.0,26.0,,,,
2026-10-01T00:25:00+00:00,0010S0.KQ,KOSDAQ,equity,20000.0,20050.0,19910.0,19930.0,2252.0,19910.0,19930.0,,,265.0,1987.0,39.0,,,,
2026-10-01T00:25:00+00:00,003490.KS,KRX,equity,31450.0,31450.0,31400.0,31450.0,1393.0,31400.0,31450.0,,,407.0,986.0,47.0,,,,
2026-10-01T00:25:00+00:00,042700.KS,KRX,equity,260000.0,260000.0,259500.0,260000.0,991.0,259500.0,260000.0,,,505.0,486.0,105.0,,,,
2026-10-01T00:25:00+00:00,096770.KS,KRX,equity,146500.0,146900.0,146400.0,146800.0,808.0,146700.0,146800.0,,,548.0,260.0,65.0,,,,
2026-10-01T00:25:00+00:00,009540.KS,KRX,equity,320000.0,321000.0,320000.0,320500.0,492.0,320500.0,321000.0,,,417.0,75.0,36.0,,,,
2026-10-01T00:25:00+00:00,066570.KS,KRX,equity,207500.0,208000.0,207000.0,208000.0,4340.0,207500.0,208000.0,,,2928.0,1412.0,115.0,,,,
2026-10-01T00:25:00+00:00,010140.KS,KRX,equity,19400.0,19440.0,19390.0,19420.0,7678.0,19410.0,19420.0,,,5334.0,2344.0,116.0,,,,
2026-10-01T00:25:00+00:00,042660.KS,KRX,equity,77200.0,77300.0,77200.0,77200.0,4978.0,77200.0,77200.0,,,689.0,4289.0,111.0,,,,
2026-10-01T00:25:00+00:00,108490.KQ,KOSDAQ,equity,277500.0,278500.0,277000.0,278500.0,2687.0,278000.0,278500.0,,,2004.0,683.0,111.0,,,,
2026-10-01T00:25:00+00:00,128940.KS,KRX,equity,497000.0,499000.0,496000.0,496500.0,1413.0,496500.0,497500.0,,,1245.0,168.0,38.0,,,,
2026-10-01T00:25:00+00:00,024110.KS,KRX,equity,20150.0,20150.0,20100.0,20150.0,826.0,20100.0,20150.0,,,779.0,47.0,28.0,,,,
2026-10-01T00:25:00+00:00,326030.KS,KRX,equity,74350.0,74650.0,74350.0,74500.0,770.0,74500.0,74600.0,,,497.0,273.0,39.0,,,,
2026-10-01T00:25:00+00:00,003550.KS,KRX,equity,109300.0,109400.0,109300.0,109400.0,161.0,109300.0,109400.0,,,17.0,144.0,38.0,,,,
2026-10-01T00:25:00+00:00,393210.KQ,KOSDAQ,equity,3320.0,3330.0,3320.0,3320.0,2705.0,3320.0,3325.0,,,1791.0,914.0,18.0,,,,
2026-10-01T00:25:00+00:00,012330.KS,KRX,equity,381000.0,382000.0,380000.0,380000.0,2121.0,380000.0,380500.0,,,920.0,1201.0,139.0,,,,
2026-10-01T00:25:00+00:00,207940.KS,KRX,equity,1404000.0,1415000.0,1404000.0,1411000.0,1012.0,1411000.0,1413000.0,,,747.0,265.0,93.0,,,,
2026-10-01T00:25:00+00:00,011780.KS,KRX,equity,115100.0,115300.0,115000.0,115300.0,52.0,115100.0,115300.0,,,51.0,1.0,8.0,,,,
2026-10-01T00:25:00+00:00,047810.KS,KRX,equity,125900.0,126100.0,125900.0,125900.0,106.0,125900.0,126100.0,,,28.0,78.0,22.0,,,,
2026-10-01T00:25:00+00:00,010120.KS,KRX,equity,200000.0,200500.0,200000.0,200500.0,808.0,200000.0,200500.0,,,278.0,530.0,67.0,,,,
2026-10-01T00:25:00+00:00,052690.KS,KRX,equity,125300.0,125600.0,125300.0,125500.0,3023.0,125400.0,125500.0,,,1738.0,1285.0,135.0,,,,
2026-10-01T00:25:00+00:00,272210.KS,KRX,equity,74200.0,74300.0,73800.0,74100.0,2019.0,74000.0,74100.0,,,1036.0,983.0,68.0,,,,
2026-10-01T00:25:00+00:00,373220.KS,KRX,equity,354500.0,354500.0,354000.0,354500.0,201.0,354000.0,354500.0,,,32.0,169.0,29.0,,,,
2026-10-01T00:25:00+00:00,005830.KS,KRX,equity,183900.0,183900.0,183200.0,183600.0,280.0,183200.0,183600.0,,,215.0,65.0,34.0,,,,
2026-10-01T00:25:00+00:00,009830.KS,KRX,equity,33100.0,33300.0,33050.0,33250.0,9056.0,33250.0,33300.0,,,3438.0,5618.0,188.0,,,,
2026-10-01T00:25:00+00:00,030530.KQ,KOSDAQ,equity,26550.0,26650.0,26500.0,26650.0,2023.0,26550.0,26650.0,,,1614.0,409.0,36.0,,,,
2026-10-01T00:25:00+00:00,072950.KQ,KOSDAQ,equity,14610.0,14650.0,14610.0,14650.0,6400.0,14630.0,14650.0,,,3532.0,2868.0,34.0,,,,
2026-10-01T00:25:00+00:00,011200.KS,KRX,equity,21000.0,21000.0,20950.0,21000.0,1294.0,20950.0,21000.0,,,710.0,584.0,40.0,,,,
2026-10-01T00:25:00+00:00,386380.KQ,KOSDAQ,equity,17340.0,17390.0,17330.0,17390.0,3881.0,17350.0,17380.0,,,2109.0,1772.0,60.0,,,,
2026-10-01T00:25:00+00:00,010950.KS,KRX,equity,157000.0,157100.0,156900.0,157100.0,108.0,157000.0,157100.0,,,77.0,31.0,32.0,,,,
2026-10-01T00:25:00+00:00,005490.KS,KRX,equity,304500.0,305000.0,304500.0,305000.0,1727.0,304500.0,305000.0,,,1627.0,100.0,39.0,,,,
2026-10-01T00:25:00+00:00,950260.KQ,KOSDAQ,equity,26450.0,26450.0,26400.0,26400.0,1304.0,26400.0,26450.0,,,298.0,1006.0,34.0,,,,
2026-10-01T00:25:00+00:00,011070.KS,KRX,equity,556000.0,558000.0,556000.0,558000.0,574.0,557000.0,558000.0,,,434.0,140.0,39.0,,,,
2026-10-01T00:25:00+00:00,0161M0.KQ,KOSDAQ,equity,16510.0,16520.0,16420.0,16500.0,6072.0,16420.0,16500.0,,,307.0,5765.0,54.0,,,,
2026-10-01T00:25:00+00:00,003230.KS,KRX,equity,1223000.0,1225000.0,1221000.0,1221000.0,87.0,1221000.0,1225000.0,,,66.0,21.0,19.0,,,,
2026-10-01T00:24:00+00:00,035760.KQ,KOSDAQ,equity,36400.0,36500.0,36400.0,36500.0,29.0,36400.0,36500.0,,,29.0,0.0,5.0,,,,
2026-10-01T00:25:00+00:00,267250.KS,KRX,equity,201000.0,201000.0,200500.0,200500.0,424.0,200500.0,201000.0,,,78.0,346.0,39.0,,,,
2026-10-01T00:25:00+00:00,000810.KS,KRX,equity,629000.0,630000.0,629000.0,629000.0,15.0,629000.0,630000.0,,,6.0,9.0,8.0,,,,
2026-10-01T00:25:00+00:00,034730.KS,KRX,equity,574000.0,577000.0,574000.0,577000.0,517.0,576000.0,577000.0,,,489.0,28.0,26.0,,,,
2026-10-01T00:25:00+00:00,080220.KQ,KOSDAQ,equity,78600.0,79000.0,78600.0,79000.0,2608.0,79000.0,79100.0,,,1965.0,643.0,48.0,,,,
2026-10-01T00:25:00+00:00,251270.KS,KRX,equity,35050.0,35100.0,35050.0,35050.0,1285.0,35050.0,35100.0,,,478.0,807.0,15.0,,,,
2026-10-01T00:25:00+00:00,278470.KS,KRX,equity,362000.0,362500.0,362000.0,362500.0,285.0,362000.0,362500.0,,,60.0,225.0,27.0,,,,
2026-10-01T00:25:00+00:00,201490.KQ,KOSDAQ,equity,3430.0,3435.0,3430.0,3430.0,800.0,3430.0,3435.0,,,795.0,5.0,6.0,,,,
2026-10-01T00:25:00+00:00,017670.KS,KRX,equity,85700.0,85700.0,85600.0,85700.0,407.0,85600.0,85700.0,,,113.0,294.0,28.0,,,,
2026-10-01T00:25:00+00:00,055550.KS,KRX,equity,105200.0,105200.0,105000.0,105100.0,1337.0,105000.0,105100.0,,,46.0,1291.0,30.0,,,,
2026-10-01T00:25:00+00:00,046970.KQ,KOSDAQ,equity,7170.0,7190.0,7160.0,7160.0,2092.0,7160.0,7190.0,,,412.0,1680.0,24.0,,,,
2026-10-01T00:25:00+00:00,018260.KS,KRX,equity,217500.0,217500.0,217000.0,217500.0,87.0,217000.0,217500.0,,,58.0,29.0,12.0,,,,
2026-10-01T00:25:00+00:00,396300.KQ,KOSDAQ,equity,5400.0,5430.0,5400.0,5430.0,2379.0,5410.0,5430.0,,,2209.0,170.0,24.0,,,,
2026-10-01T00:05:00+00:00,^KS11,KRX,index,6792.35009765625,6792.35009765625,6787.27001953125,6790.759765625,2578.0,,,,,,,,,,,
2026-10-01T00:06:30+00:00,^KS11,KRX,index,6787.6298828125,6787.6298828125,6787.6298828125,6787.6298828125,0.0,,,,,,,,,,,
2026-10-01T00:05:00+00:00,^KQ11,KOSDAQ,index,855.9199829101562,855.9199829101562,855.6500244140625,855.6500244140625,3938.0,,,,,,,,,,,
2026-10-01T00:06:30+00:00,^KQ11,KOSDAQ,index,855.0499877929688,855.0499877929688,855.0499877929688,855.0499877929688,0.0,,,,,,,,,,,
2026-10-01T00:25:00+00:00,021240.KS,KRX,equity,99500.0,99700.0,99400.0,99400.0,182.0,99400.0,99500.0,,,129.0,53.0,23.0,,,,
2026-10-01T00:25:00+00:00,011170.KS,KRX,equity,60400.0,60400.0,60400.0,60400.0,28.0,60400.0,60500.0,,,0.0,28.0,2.0,,,,
2026-10-01T00:25:00+00:00,180640.KS,KRX,equity,131900.0,131900.0,131900.0,131900.0,39.0,131900.0,132100.0,,,0.0,39.0,4.0,,,,
